Date,Close,High,Low,Open,Volume,SMA_14,EMA_14,Price_Change,Volatility,RSI_14,Bollinger_Mid,Bollinger_Std,Bollinger_High,Bollinger_Low,Price_Range
2020-01-28,1.101976990699768,1.102657437324524,1.099855899810791,1.101964831352234,0,1.109822383948735,1.1095180841433347,-0.0005068798012614062,0.004068452174133949,23.715978419337162,1.1125145852565765,0.00560335511378318,1.123721295484143,1.1013078750290102,0.00280153751373291
2020-01-29,1.1022562980651855,1.1030223369598389,1.099323868751526,1.102292776107788,0,1.1091748986925398,1.1085498459995815,0.0002534602516883755,0.0045090520138904395,29.210706181480177,1.1115232706069946,0.005575254577666493,1.1226737797623276,1.1003727614516616,0.0036984682083127662
2020-01-30,1.1016855239868164,1.1036553382873535,1.1008244752883911,1.101406455039978,0,1.108501638684954,1.107634603064546,-0.000517823376805393,0.0048856607622073155,28.735100477645332,1.1105034172534942,0.005404996720665911,1.121313410694826,1.0996934238121625,0.0028308629989624023
2020-01-31,1.1029127836227417,1.1090162992477417,1.1017948389053345,1.1028763055801392,0,1.1078763433865138,1.1070050271389722,0.001113983627091697,0.005008056925248399,30.83087525124712,1.1097918689250945,0.005421514055296253,1.120634897035687,1.098948840814502,0.0072214603424072266
2020-02-03,1.1089794635772705,1.108905553817749,1.104349970817566,1.108905553817749,0,1.107548211302076,1.1072682853307452,0.0055005980931706056,0.00474991715698449,41.49105297557012,1.1094310402870178,0.005208829419203945,1.1198486991254257,1.0990133814486098,0.0045555830001831055
2020-02-04,1.1062926054000854,1.1065618991851809,1.1033873558044434,1.1062926054000854,0,1.1070626888956343,1.1071381946733239,-0.002422820498873768,0.004479595121196156,38.35984452573818,1.1087556958198548,0.004638110420537722,1.1180319166609303,1.0994794749787793,0.0031745433807375267
2020-02-05,1.1047282218933103,1.1048502922058103,1.0998317003250122,1.104472041130066,0,1.1063003880637032,1.1068168649693222,-0.0014140775226544333,0.0038095462727555087,31.24494592929932,1.1082184135913848,0.004436941708517297,1.1170922970084194,1.0993445301743503,0.005018591880798118
2020-02-06,1.100231051445007,1.1012852191925049,1.0965512990951538,1.1000494956970217,0,1.1053199001720972,1.1059387564994134,-0.0040708387449320815,0.003435168790997446,28.21565459546771,1.1076639115810394,0.004713164520179889,1.1170902406213992,1.0982375825406796,0.004733920097351074
2020-02-07,1.0982975959777832,1.0986994504928589,1.0946906805038452,1.0981045961380005,0,1.1045226369585308,1.1049199350965295,-0.0017573176694881676,0.0036866128093293107,30.71650705385646,1.1070232331752776,0.005076775902903024,1.1171767849810836,1.0968696813694716,0.004008769989013672
2020-02-10,1.0949305295944214,1.0961307287216189,1.090959906578064,1.0948705673217771,0,1.1034681626728602,1.103588014362915,-0.0030657140611913825,0.004173098588311482,26.986746352087664,1.1061864137649535,0.005621218056238815,1.1174288498774312,1.0949439776524759,0.0051708221435549095
2020-02-11,1.0913456678390503,1.0927003622055054,1.089348316192627,1.091226577758789,0,1.1022384677614483,1.1019557014930665,-0.0032740540687078434,0.005009495052705691,25.069397450593158,1.1050750315189362,0.006246438181824435,1.117567907882585,1.0925821551552872,0.003352046012878418
2020-02-12,1.091941475868225,1.0924997329711914,1.0887079238891602,1.0921800136566162,0,1.100974006312234,1.1006204714097543,0.0005459388777842022,0.005225959832167827,23.99799686923268,1.1040176093578338,0.006598368370650023,1.1172143460991337,1.0908208726165338,0.00379180908203125
2020-02-13,1.0875948667526243,1.0890873670578003,1.0835527181625366,1.0876421928405762,0,1.0996934941836765,1.098883724122137,-0.003980624613736494,0.0061419075470023924,23.84061954230114,1.1026273310184478,0.006991390001953101,1.116610111022354,1.0886445510145415,0.005534648895263672
2020-02-14,1.0845986604690552,1.0862481594085691,1.0831302404403689,1.0845986604690552,0,1.0984122667993819,1.0969790489683928,-0.00275489189509992,0.007270556061764324,23.833654468179986,1.1011593699455262,0.007547270446545335,1.116253910838617,1.0860648290524355,0.0031179189682002395
2020-02-17,1.0841753482818604,1.0854003429412842,1.0830246210098269,1.0840578079223633,0,1.0971407209123885,1.0952718888768551,-0.00039029385027244956,0.008107640261860739,23.92827836653457,1.0998951733112334,0.008175280902835735,1.1162457351169048,1.083544611505562,0.0023757219314572975
2020-02-18,1.0840108394622805,1.0839003324508667,1.078690528869629,1.0837054252624512,0,1.0958374738693237,1.0937704156215786,-0.00015173635873622082,0.00866907019820711,23.188121448241702,1.098611056804657,0.008563082836367891,1.1157372224773927,1.0814848911319213,0.005209803581237793
2020-02-19,1.079540491104126,1.0808473825454712,1.078360080718994,1.0794706344604492,0,1.0942556858062744,1.091873092352585,-0.004123896362855595,0.009500402111819817,20.803812230066583,1.0971600115299225,0.009221736141826467,1.1156034838135753,1.0787165392462696,0.002487301826477273
2020-02-20,1.081009864807129,1.0821000337600708,1.0779578685760498,1.080964207649231,0,1.0926911916051592,1.090424662013191,0.0013611103197250785,0.009764885148737752,21.30620148985679,1.0957283079624176,0.009402550871364374,1.1145334097051462,1.076923206219689,0.004142165184020996
2020-02-21,1.078799843788147,1.0863661766052246,1.078771948814392,1.078771948814392,0,1.0905355044773646,1.0888746862498517,-0.002044404117788723,0.009207825634999075,6.019186068732125,1.0943921983242035,0.009826664303075593,1.1140455269303546,1.0747388697180524,0.0075942277908325195
2020-02-24,1.0839051008224487,1.0863661766052246,1.0808473825454712,1.0838581323623655,0,1.0889363970075334,1.0882120748595314,0.004732348696283584,0.008143277951577503,19.52288218111002,1.0934606611728668,0.009896858399644985,1.1132543779721567,1.073666944373577,0.005518794059753418
2020-02-25,1.0849199295043943,1.088174819946289,1.083177089691162,1.084904670715332,0,1.0875215189797538,1.0877731221455131,0.0009362707871525267,0.006798148196204346,22.62446868101057,1.092607808113098,0.00985921257521099,1.11232623326352,1.0728893829626762,0.004997730255126953
2020-02-26,1.0881996154785156,1.090358018875122,1.085564136505127,1.0881001949310305,0,1.086662130696433,1.087829987923247,0.003022975138468942,0.005747110109527289,32.79322960886827,1.0919049739837647,0.009633648997522054,1.1111722719788089,1.0726376759887206,0.004793882369995117
2020-02-27,1.088589429855347,1.1005700826644895,1.088565707206726,1.088565707206726,0,1.0859686902591161,1.087931246847527,0.00035821955024295526,0.004731067245968144,35.474515567478534,1.0912501692771912,0.009375485833227556,1.1100011409436463,1.072499197610736,0.01200437545776345
2020-02-28,1.0997228622436523,1.10527765750885,1.095158338546753,1.0995535850524902,0,1.0863109997340612,1.089503462233677,0.010227393434993015,0.005534515381131854,55.818187607279214,1.0910906732082366,0.009191976279063912,1.1094746257663644,1.0727067206501089,0.010119318962097168
2020-03-02,1.1051311492919922,1.116407871246338,1.103728413581848,1.1052532196044922,0,1.0872956769806998,1.0915871538414523,0.00491786361275226,0.007408296197178298,66.02683681982853,1.0908982574939727,0.008830991486422168,1.1085602404668171,1.0732362745211284,0.012679457664489968
2020-03-03,1.114404797554016,1.120749592781067,1.1097301244735718,1.1144297122955322,0,1.0889001999582564,1.0946295063364608,0.008391445909351924,0.010343169943512058,71.7308472950032,1.0913038671016693,0.009717111594596034,1.1107380902908612,1.0718696439124773,0.011019468307495117
2020-03-04,1.118067979812622,1.1185681819915771,1.109693169593811,1.1177304983139038,0,1.0910768508911133,1.0977546361332824,0.003287119964528573,0.012930230812178584,79.87448432222737,1.0919708549976348,0.011053053561561657,1.114076962120758,1.0698647478745116,0.008875012397766113
2020-03-05,1.113908290863037,1.1204482316970823,1.1121737957000732,1.113908290863037,0,1.093170395919255,1.0999084567639164,-0.0037204257922510697,0.014118803512691609,78.09298552314354,1.0926547169685363,0.011975626059351221,1.1166059690872387,1.068703464849834,0.008274435997009055
2020-03-06,1.1223849058151243,1.135473370552063,1.1213905811309814,1.1223849058151243,0,1.0958996500287737,1.1029053166374108,0.007609796086103016,0.015835017375634076,81.72566222772986,1.0938590824604035,0.013665031999376376,1.1211891464591563,1.0665290184616507,0.014082789421081543
2020-03-09,1.1386020183563232,1.1495838165283203,1.1356796026229858,1.1386150121688845,0,1.0997990199497767,1.107664876866599,0.014448797785124645,0.019072731888323795,85.78749941388824,1.0960426568984984,0.016941619972294042,1.1299258968430865,1.0621594169539104,0.013904213905334473
2020-03-10,1.139796018600464,1.1422958374023438,1.1334141492843628,1.1397439241409302,0,1.1041029861995153,1.1119490290977811,0.0010486546000194608,0.020864051666515032,91.27376593513915,1.0984651744365692,0.01950475567917288,1.137474685794915,1.0594556630782235,0.008881688117980957
2020-03-11,1.1316505670547483,1.1365960836410522,1.1259005069732666,1.1316184997558594,0,1.1077201792172022,1.1145759008253768,-0.007146411649794571,0.02094206704221912,81.78112875544788,1.1004506289958953,0.020784793824293563,1.1420202166444824,1.0588810413473082,0.010695576667785645
2020-03-12,1.1261515617370603,1.1332857608795166,1.1080824136734009,1.1260753870010376,0,1.1111024447849818,1.116119322280268,-0.004859278542138523,0.019698860199515788,78.53888168019517,1.102378463745117,0.021311081644798044,1.145000627034713,1.059756300455521,0.025203347206115723
2020-03-13,1.1184931993484497,1.1221328973770142,1.1065373420715332,1.118355631828308,0,1.1135730232511247,1.116435839222692,-0.006800472200027663,0.018132124772769816,70.22385604514471,1.1040731906890868,0.021169992575504327,1.1464131758400955,1.0617332055380782,0.015595555305480957
2020-03-16,1.115536093711853,1.1235400438308716,1.1088687181472778,1.115959405899048,0,1.115759892123086,1.1163158731545804,-0.0026438297866444582,0.01614825940124707,67.50387457420575,1.1056412279605863,0.02077638122945527,1.1471939904194968,1.0640884655016758,0.01467132568359375
2020-03-17,1.1163206100463867,1.1189061403274536,1.0957943201065063,1.1163331270217896,0,1.1177685345922197,1.1163165047401544,0.0007032639633588467,0.014071854598317618,66.5495062424757,1.1072567164897917,0.020255579808547856,1.1477678761068875,1.066745556872696,0.023111820220947266
2020-03-18,1.101552128791809,1.1045000553131104,1.0831888914108276,1.1016855239868164,0,1.11869444165911,1.114347921280375,-0.013229605475047146,0.012321874242917228,56.524483538637725,1.1083572983741758,0.019243056595642436,1.1468434115654607,1.069871185182891,0.021311163902282715
2020-03-19,1.0961546897888184,1.0945589542388916,1.0697933435440063,1.0943433046340942,0,1.1184395721980505,1.111922157081501,-0.0048998489149221225,0.012773114112867152,48.09398393780933,1.1091145396232602,0.01838930261565984,1.14589314485458,1.0723359343919405,0.024765610694885254
2020-03-20,1.0657345056533811,1.0829894542694092,1.0654505491256714,1.0658481121063232,0,1.115625526223864,1.1057638035577517,-0.027751725571960928,0.018832924783327345,33.39303104582554,1.108461272716522,0.019707698166932797,1.1478766690503877,1.0690458763826562,0.017538905143737793
2020-03-23,1.0694386959075928,1.0824854373931885,1.0660412311553955,1.0687528848648071,0,1.112413661820548,1.100920455871064,0.0034757157946581074,0.02252884616112732,30.111473985361357,1.1077379524707793,0.02088661879983032,1.14951119007044,1.0659647148711187,0.01644420623779297
2020-03-24,1.0764610767364502,1.0888501405715942,1.0753382444381714,1.0764726400375366,0,1.1094417401722498,1.0976592053197822,0.006566417369906263,0.024392780186383193,32.128314995207376,1.107315009832382,0.021451008106598564,1.1502170260455793,1.0644129936191848,0.013511896133422852
2020-03-25,1.080263614654541,1.0849517583847046,1.0770175457000732,1.0801235437393188,0,1.1070385490145003,1.0953397932310833,0.003532443485666059,0.025548835248417136,35.5039055919202,1.1069182097911834,0.02189207967965605,1.1507023691504954,1.0631340504318714,0.007934212684631348
2020-03-26,1.0889569520950315,1.1025480031967163,1.0876539945602417,1.0887553691864014,0,1.1046508380344935,1.0944887477462764,0.008047422242644542,0.025566317927980302,35.624129749593564,1.1069365859031675,0.0218760332108105,1.1506886523247886,1.0631845194815464,0.01489400863647461
2020-03-27,1.1048258543014526,1.1086474657058716,1.0955182313919067,1.1046184301376345,0,1.1022382548877172,1.0958670286202998,0.014572570730083667,0.02363689446999875,35.43074519757347,1.1071917355060577,0.021817148137514415,1.1508260317810866,1.0635574392310287,0.013129234313964844
2020-03-30,1.113908290863037,1.1137841939926147,1.1012245416641235,1.1135361194610596,0,1.1003891314779009,1.0982725302526648,0.008220695167680647,0.02137732562893659,39.54490219980623,1.1076305925846097,0.021861748971591297,1.1513540905277924,1.063907094641427,0.012559652328491211
2020-03-31,1.1030466556549072,1.1043622493743896,1.092967867851257,1.1028398275375366,0,1.0983459949493408,1.098909080306297,-0.00975092410858569,0.01943868871760236,38.69593934408786,1.1070626854896544,0.021824006035458126,1.1507106975605705,1.0634146734187382,0.011394381523132546
2020-04-01,1.102657437324524,1.1037527322769165,1.0918699502944946,1.1028155088424685,0,1.0966678432055883,1.0994088612420607,-0.0003528575408736634,0.01779850108834855,40.32452696061837,1.1062921583652494,0.021686611218312987,1.1496653808018753,1.0629189359286235,0.011882781982421875
2020-04-02,1.0953621864318848,1.0962989330291748,1.0844340324401855,1.0950982570648191,0,1.095015627997262,1.0988693046007039,-0.006616062836650616,0.01665340688271995,40.44549009721094,1.105364853143692,0.02174025362912218,1.1488453604019362,1.0618843458854477,0.011864900588989258
2020-04-03,1.0847399234771729,1.085894227027893,1.0776199102401731,1.084386944770813,0,1.0928159015519279,1.0969853871175665,-0.009697489183293495,0.015743435580923015,38.03686322670398,1.1034826040267944,0.021818608939886176,1.1471198219065668,1.059845386147022,0.008274316787719949
2020-04-06,1.0806955099105835,1.083435297012329,1.0769248008728027,1.0808240175247192,0,1.0902712515422277,1.0948134034899688,-0.003728463827186168,0.014480501721287337,36.502849421037794,1.1005872786045074,0.020727813039685614,1.1420429046838787,1.0591316525251362,0.006510496139526367
2020-04-07,1.0803803205490112,1.0923351049423218,1.0791398286819458,1.0801936388015747,0,1.0887589795248849,1.0928889924311744,-0.0002916541788892113,0.014316367401665125,40.992205505242346,1.0976164937019346,0.018998181405755706,1.135612856513446,1.0596201308904232,0.013195276260375977
2020-04-08,1.0895144939422607,1.0896213054656982,1.083177089691162,1.0894314050674438,0,1.0882846798215593,1.0924390592993194,0.008454590683961927,0.014161659266483575,47.26191295457004,1.0955096900463104,0.01728436905056744,1.1300784281474452,1.0609409519451756,0.006444215774536133
2020-04-09,1.0863661766052246,1.0943553447723389,1.0841801166534424,1.0861183404922483,0,1.0897583706038338,1.0916293416067735,-0.0028896516334027122,0.012624607557071942,60.97613258295006,1.0935204207897187,0.015797692286297904,1.1251158053623145,1.0619250362171229,0.010175228118896484
2020-04-10,1.0927408933639526,1.0954102277755735,1.0921083688735962,1.0925976037979126,0,1.0914228132792883,1.0917775485077308,0.00586792639167788,0.011194677299730666,62.054343924943176,1.0922328054904937,0.014663925446961249,1.1215606563844163,1.0629049545965712,0.003301858901977317
2020-04-13,1.0932666063308716,1.0968520641326904,1.089360237121582,1.093135118484497,0,1.0926232082503182,1.0919760895508164,0.00048109572004806367,0.010334941245843601,59.32003263251007,1.0911193311214447,0.013608844801134523,1.1183370207237138,1.0639016415191755,0.0074918270111083984
2020-04-14,1.0922993421554563,1.0983941555023191,1.0915720462799072,1.0919533967971802,0,1.0934829030718123,1.0920191898981018,-0.0008847468401705916,0.009709398381127315,56.89151241541138,1.0899182677268981,0.012260869250199409,1.114440006227297,1.0653965292264993,0.006822109222411887
2020-04-15,1.098538875579834,1.0989010334014893,1.0857645273208618,1.0982372760772705,0,1.0941673261778695,1.0928884813223327,0.005712292577293887,0.009703536056228599,55.64512390913198,1.0897676050662994,0.012128182821254531,1.1140239707088084,1.0655112394237904,0.013136506080627441
2020-04-16,1.0905101299285889,1.0907741785049438,1.0829660892486572,1.090381741523743,0,1.0931447744369507,1.092571367803167,-0.007308567616241546,0.009237025202509828,40.707559214751704,1.089485377073288,0.012037063358178782,1.1135595037896455,1.0654112503569304,0.007808089256286621
2020-04-17,1.0858471393585205,1.0893245935440063,1.0812681913375854,1.0860122442245483,0,1.0911404064723425,1.0916748040105475,-0.004275971806308454,0.007206200534845643,30.676646549289885,1.0904910087585449,0.010716033167822952,1.1119230750941909,1.069058942422899,0.008056402206420898
2020-04-20,1.0866966247558594,1.0897043943405151,1.084304690361023,1.0866258144378662,0,1.0899725471224104,1.0910110467765892,0.0007823250313490071,0.006408978856732765,36.94030134982794,1.0913539052009582,0.009564571793872342,1.110483048788703,1.0722247616132135,0.0053997039794921875
2020-04-21,1.0864840745925903,1.0879971981048584,1.081794500350952,1.0863542556762695,0,1.0888173069272722,1.0904074504853893,-0.00019559291749593477,0.005310034131802326,37.04485296645299,1.0918550550937653,0.008988400491693247,1.1098318560771518,1.0738782541103788,0.006202697753906472
2020-04-22,1.0856467485427856,1.0883169174194336,1.0824267864227295,1.0857409238815308,0,1.088123347078051,1.0897726902263756,-0.0007706749407427882,0.00501558249687662,41.31971737079008,1.0921242117881775,0.008698966051186693,1.109522143890551,1.0747262796858041,0.0058901309967041016
2020-04-23,1.080964207649231,1.0843987464904783,1.0758357048034668,1.0806838274002075,0,1.0878536530903407,1.0885982258827562,-0.004313134912290573,0.005304688169033452,46.22601716302494,1.0917245745658875,0.009029449353913683,1.1097834732737148,1.07366567585806,0.008563041687011497
2020-04-24,1.077702283859253,1.0817711353302002,1.0727657079696655,1.0776326656341553,0,1.0876398512295313,1.0871454336129558,-0.0030176057328222816,0.005663565346230234,46.96060369099816,1.0903683960437776,0.008994983570793712,1.108358363185365,1.07237842890219,0.009005427360534668
2020-04-27,1.08236825466156,1.0860357284545898,1.081221342086792,1.08236825466156,0,1.087781846523285,1.0865084764194364,0.004329554527432444,0.005489810904611017,51.85471887818201,1.0887913942337035,0.007245404275496372,1.1032822027846962,1.0743005856827108,0.0048143863677978516
2020-04-28,1.0824854373931885,1.0889687538146973,1.0811277627944946,1.082719802856445,0,1.087279771055494,1.0859720712159366,0.00010826512245132314,0.005638569613549029,42.11534141357959,1.0877633333206176,0.006540707381104692,1.100844748082827,1.0746819185584082,0.007840991020202637
2020-04-29,1.0836584568023682,1.0874292850494385,1.0831655263900757,1.0832358598709106,0,1.087086362498147,1.0856635892941275,0.0010836352792000792,0.005718193909648664,46.8218477330095,1.0868133842945098,0.005571562296096207,1.0979565088867023,1.0756702597023173,0.004263758659362793
2020-04-30,1.087725043296814,1.0969964265823364,1.083564519882202,1.0876659154891968,0,1.0867280874933516,1.085938449827819,0.003752645927246556,0.0054892046557965535,43.775444991478956,1.0864315271377563,0.005204434487483018,1.0968403961127222,1.0760226581627903,0.0134319067001345
2020-05-01,1.094546914100647,1.101624846458435,1.0935415029525757,1.094475030899048,0,1.0868195380483354,1.0870862450641963,0.006271686807133081,0.005615723234894153,51.374104401228244,1.0869218766689301,0.005490785380090362,1.097903447429111,1.0759403059087493,0.008083343505859375
2020-05-04,1.0959625244140625,1.0957822799682615,1.0901321172714231,1.0957462787628174,0,1.0870811939239502,1.0882697489775117,0.0012933299570614398,0.005965155039136298,53.894074680467874,1.087685227394104,0.0056388564525822115,1.0989629402992684,1.0764075144889396,0.005650162696838379
2020-05-05,1.0904293060302734,1.092132329940796,1.0826963186264038,1.090453028678894,0,1.0865019389561243,1.08855768991788,-0.005048729550992004,0.005097615186253215,41.24785145997797,1.088187676668167,0.005396180607613079,1.0989800378833932,1.077395315452941,0.00943601131439209
2020-05-06,1.0838581323623655,1.084481120109558,1.0784229040145874,1.0840108394622805,0,1.0860267962728227,1.0879310822438115,-0.00602622621344473,0.005004438937991254,42.587717084341556,1.0879048585891724,0.0054706938189369465,1.0988462462270463,1.0769634709512985,0.006058216094970703
2020-05-07,1.0798553228378296,1.08157217502594,1.0767507553100586,1.0800535678863523,0,1.0855988093784876,1.086854314323014,-0.0036931120457724953,0.005270146012434518,43.223654586095975,1.0875793159008027,0.005753485209560217,1.0990862863199231,1.0760723454816823,0.004821419715881348
2020-05-08,1.0837171077728271,1.0873347520828247,1.0816305875778198,1.0836936235427856,0,1.0853859867368425,1.0864360201163226,0.0035762058614008385,0.005282548922600852,46.845307214621094,1.0871281266212462,0.005680773592019318,1.098489673805285,1.0757665794372075,0.005704164505004883
2020-05-11,1.0839520692825315,1.0853049755096436,1.0804269313812256,1.0840108394622805,0,1.0852051292146956,1.0861048266718172,0.00021681074149260127,0.0052854050909165486,47.3204012837849,1.0866623997688294,0.005530874873804538,1.0977241495164385,1.0756006500212203,0.004878044128417969
2020-05-12,1.080940842628479,1.08804452419281,1.078539252281189,1.080917477607727,0,1.0848689930779594,1.0854162954660387,-0.0027780072010431534,0.00540348091583059,45.238853349543085,1.0860944747924806,0.005504693124908454,1.0971038610422974,1.0750850885426637,0.009505271911621094
2020-05-13,1.0846810340881348,1.089336395263672,1.0831419229507446,1.0846339464187622,0,1.0851344806807381,1.0853182606156515,0.003460125949687365,0.005286922080414936,53.8335558785125,1.0854015827178956,0.0046637685051153675,1.0947291197281264,1.0760740457076647,0.006194472312927468
2020-05-14,1.08236825466156,1.0824854373931885,1.0776559114456177,1.0821925401687622,0,1.0854677643094743,1.0849249264884393,-0.0021322207671115034,0.004916451591045657,54.908614812752596,1.084994488954544,0.0045482982044015,1.094091085363347,1.075897892545741,0.004829525947570801
2020-05-15,1.0806955099105835,1.0849517583847046,1.079086184501648,1.0806254148483276,0,1.0853482825415475,1.0843610042780585,-0.0015454488283191958,0.0050168718471720825,48.12199535316979,1.0847369074821471,0.004642370982123785,1.0940216494463948,1.0754521655178995,0.005865573883056641
2020-05-18,1.0821340084075928,1.0912741422653198,1.0800886154174805,1.081946611404419,0,1.0853231804711478,1.0840640714953298,0.0013310858459365527,0.005033150832781761,49.61681640462523,1.0845087766647339,0.004653093350155592,1.0938149633650451,1.0752025899644226,0.011185526847839355
2020-05-19,1.0915124416351318,1.0975141525268557,1.090274691581726,1.0915838479995728,0,1.0858841793877738,1.08505718751397,0.00866660982343559,0.0052656613789586705,57.263883008749715,1.084760195016861,0.004895000532971603,1.0945501960828043,1.0749701939509178,0.007239460945129617
2020-05-20,1.0927767753601074,1.0999042987823486,1.0929200649261477,1.0930156707763672,0,1.0862450173922948,1.086086465893455,0.0011583319408448034,0.005566035111703226,54.92759251808738,1.085116696357727,0.005212319885883117,1.0955413361294932,1.0746920565859608,0.00698423385620095
2020-05-21,1.0982975959777832,1.1008729934692385,1.093948245048523,1.097935914993286,0,1.0865129232406616,1.0877146165713656,0.00505210281016133,0.006064322152711331,53.75379101514501,1.0859833657741547,0.005883375007215837,1.0977501157885863,1.074216615759723,0.006924748420715554
2020-05-22,1.0952903032302856,1.0955302715301514,1.0886130332946775,1.095242261886597,0,1.0864649074418204,1.0887247081258882,-0.002738140153006774,0.00598590139181564,49.34799449628267,1.0868627667427062,0.005894885266935708,1.0986525372765776,1.0750729962088348,0.006917238235473855
2020-05-25,1.0907801389694214,1.0914647579193115,1.0872046947479248,1.0909050703048706,0,1.086489966937474,1.0889987655716926,-0.004117779777254138,0.006004480227394213,50.34717225075675,1.0872833609580994,0.005857298417723353,1.098997957793546,1.0755687641226528,0.004260063171386719
2020-05-26,1.0902997255325315,1.0991548299789429,1.0898351669311523,1.0901083946228027,0,1.086950080735343,1.0891722268998045,-0.00044043104538349365,0.006034025431725403,57.2480952891942,1.0876740753650664,0.005780530753659099,1.0992351368723847,1.0761130138577482,0.009319663047790527
2020-05-27,1.0981770753860474,1.1029858589172363,1.093661189079285,1.098056435585022,0,1.0882587773459298,1.090372873364637,0.007224939774857164,0.006355223300815589,68.96230093124942,1.0884000062942505,0.006149559174644925,1.1006991246435402,1.0761008879449607,0.009324669837951438
2020-05-28,1.1016855239868164,1.1071866750717163,1.0993118286132812,1.1015278100967407,0,1.089542235646929,1.0918812267809275,0.0031947931525848627,0.007134123155347517,68.7336253225221,1.0890980303287505,0.006824218239644139,1.102746466808039,1.0754495938494621,0.007874846458435059
2020-05-29,1.1079105138778689,1.114466905593872,1.1070396900177002,1.1078122854232788,0,1.0912535531180245,1.0940184650605196,0.005650423605935373,0.0084434200686095,72.2052564822142,1.0897662103176118,0.00794758834668698,1.1056613870109857,1.0738710336242379,0.007427215576171875
2020-06-01,1.1118524074554443,1.115200161933899,1.1101489067077637,1.1114568710327148,0,1.0934615220342363,1.0963963240465096,0.0035579530369995727,0.009513134563889242,78.16371349811969,1.0905607044696808,0.009281845399872146,1.1091243952694252,1.0719970136699364,0.005051255226135254
2020-06-02,1.1125946044921875,1.1195701360702517,1.1115680932998655,1.1125574111938477,0,1.0954553484916687,1.0985560947725999,0.0006675319779554378,0.01041382047893298,76.90186671078368,1.0916689693927766,0.010507668599075952,1.1126843065909284,1.0706536321946247,0.008002042770386186
2020-06-03,1.118943691253662,1.1249985694885254,1.118105411529541,1.1185681819915771,0,1.0980678796768188,1.1012744409700748,0.005706559007063072,0.011417581896276183,82.70530824217616,1.0934232473373413,0.011963018329989207,1.1173492839973198,1.0694972106773628,0.006893157958984375
2020-06-04,1.1235954761505127,1.1360538005828855,1.1195951700210571,1.123721718788147,0,1.1011321629796709,1.104250578994133,0.0041573002584596175,0.01213100475527729,86.42028284414802,1.0956102550029754,0.013277953848090955,1.1221661626991573,1.0690543473067935,0.01645863056182839
2020-06-05,1.1337867975234983,1.1383945941925049,1.1285662651062012,1.1337226629257202,0,1.1048216479165214,1.1081887414647151,0.009070276259834698,0.013666127934816995,88.17731819968004,1.098113739490509,0.015458654305233537,1.129031048100976,1.067196430880042,0.009828329086303711
2020-06-08,1.1319515705108645,1.131874680519104,1.126950979232788,1.1316057443618774,0,1.1077101571219308,1.1113571186708684,-0.0016186702973103317,0.014858327418082911,83.6402221340741,1.1005137145519257,0.016811146309924124,1.1341360071717739,1.0668914219320775,0.004923701286315918
2020-06-09,1.1305567026138306,1.1363377571105957,1.1243661642074585,1.1302883625030518,0,1.1104087233543396,1.1139170631965967,-0.001232268175929474,0.01535982705165491,81.35999762514966,1.1029945075511933,0.01742060984954575,1.1378357272502848,1.0681532878521018,0.011971592903137207
2020-06-10,1.1332215070724487,1.1388872861862185,1.1334141492843628,1.1334141492843628,0,1.11290328843253,1.1164909890467103,0.002357072805333038,0.016061515057776216,80.43221277400241,1.105421531200409,0.01810285615291655,1.141627243506242,1.069215818894576,0.005473136901855691
2020-06-11,1.1365444660186768,1.1400169134140017,1.1326054334640503,1.1368675231933594,0,1.1158500143459864,1.1191647859763059,0.0029323119315063373,0.016363098203824363,85.7516245338182,1.1081303417682649,0.018520237914303413,1.1451708175968718,1.071089865939658,0.007411479949951394
2020-06-12,1.1288082599639893,1.1339796781539917,1.1234692335128784,1.1289358139038086,0,1.1185663087027413,1.120450582507997,-0.006806778164859195,0.014979177045301844,81.21073012854004,1.110535979270935,0.017882878464889947,1.1463017362007148,1.0747702223411553,0.010510444641113281
2020-06-15,1.1252011060714722,1.12920343875885,1.1228764057159424,1.1254163980484009,0,1.1210592644555228,1.1210839856497936,-0.003195541723474027,0.012633587403972761,77.24614537034995,1.112689334154129,0.016845747162359516,1.1463808284788481,1.07899783982941,0.006327033042907715
2020-06-16,1.1337740421295166,1.1349835395812988,1.1231664419174194,1.13379967212677,0,1.1236019049371992,1.1227759931804233,0.007619025622873643,0.011171593802141822,77.49060505126963,1.1148024141788482,0.01669952211975203,1.1482014584183522,1.0814033699393442,0.011817097663879395
2020-06-17,1.1265701055526731,1.1296881437301636,1.1210259199142456,1.12649405002594,0,1.1253793750490462,1.1232818748300566,-0.006353943827566044,0.009226673148219514,68.18002093671771,1.1164920806884766,0.01605067153563903,1.1485934237597546,1.0843907376171986,0.008662223815917969
2020-06-18,1.1242902278900146,1.1262530088424685,1.1204607486724854,1.1241259574890137,0,1.1265493546213423,1.1234163219047177,-0.0020237334999583245,0.007763676102480164,62.69858433283978,1.1177917122840881,0.015544245945648657,1.1488802041753854,1.0867032203927909,0.005792260169983132
2020-06-19,1.1211000680923462,1.1252998113632202,1.1173933744430542,1.1207244396209717,0,1.1272099018096924,1.1231074880630683,-0.002837487793214688,0.006743410558921522,57.25391847184746,1.1190822005271912,0.014621852192043266,1.1483259049112777,1.0898384961431047,0.007906436920166016
2020-06-22,1.1177555322647097,1.126773238182068,1.1175556182861328,1.1179429292678833,0,1.1275785395077296,1.1223938939566205,-0.0029832625318875206,0.005980945981522028,53.88947085659478,1.1204309701919555,0.013031424442639827,1.1464938190772351,1.0943681213066758,0.00921761989593528
2020-06-23,1.1279679536819458,1.1348998546600342,1.1234314441680908,1.1277135610580444,0,1.1282231296811784,1.1231371019199972,0.009136542940247905,0.005440633312859222,56.42678737887329,1.1223143815994263,0.01101317842617109,1.1443407384517685,1.100288024747084,0.01146841049194336
2020-06-24,1.1312345266342163,1.1326310634613037,1.1259866952896118,1.1313625574111938,0,1.1287687761443002,1.1242167585485596,0.002895980281716115,0.005322604152362902,55.549781840164,1.1239672541618346,0.009588456777042374,1.1431441677159193,1.10479034060775,0.0066443681716918945
2020-06-25,1.1250872611999512,1.1259993314743042,1.119144082069397,1.1251378059387207,0,1.1281473806926183,1.1243328255687453,-0.005434121121245528,0.005198066622356494,43.2852108464222,1.1251373410224914,0.008027021519062965,1.1411913840606174,1.1090832979843654,0.0068552494049072266
2020-06-26,1.1222084760665894,1.1238985061645508,1.1197832822799685,1.1220825910568235,0,1.12745144537517,1.1240495789684577,-0.00255872164999138,0.005300775127605583,42.59896153100808,1.1258522391319274,0.0069805048271831625,1.1398132487862938,1.1118912294775611,0.0041152238845822975
2020-06-29,1.1225864887237549,1.1289230585098269,1.1220574378967283,1.1224100589752195,0,1.1268821443830217,1.123854500269164,0.000336847087887282,0.005369175201099931,43.850677576067454,1.126388943195343,0.006218522074073805,1.1388259873434907,1.1139518990471955,0.006865620613098589
2020-06-30,1.1247202157974243,1.126164197921753,1.1192318201065063,1.124707579612732,0,1.1262749092919486,1.1239699290062655,0.0019007239932979925,0.005069430888562711,43.386736007300016,1.126995223760605,0.005330545875690827,1.1376563155119865,1.1163341320092233,0.006932377815246582
2020-07-01,1.1235954761505127,1.1274592876434326,1.1189186573028564,1.123368263244629,0,1.1253499814442225,1.1239200019588318,-0.0010000172763980908,0.004149396334295308,39.57010681077088,1.1272278130054474,0.005055111120074395,1.1373380352455962,1.1171175907652986,0.008540630340576172
2020-07-02,1.1251378059387207,1.1303266286849976,1.1227755546569824,1.1253403425216677,0,1.1250878061567033,1.1240823758228171,0.0013726735475050322,0.0040282692885433066,46.715915490554096,1.1273049294948578,0.005008330637638022,1.137321590770134,1.1172882682195817,0.007551074028015137
2020-07-03,1.1237848997116089,1.125112533569336,1.122107744216919,1.123974323272705,0,1.1249866485595703,1.1240427123413228,-0.0012024360215885377,0.004042960294852963,48.67960681625194,1.1268048346042634,0.0048229617362888855,1.1364507580768413,1.1171589111316855,0.003004789352416992
2020-07-06,1.1247202157974243,1.134687423706055,1.1248847246170044,1.1248847246170044,0,1.1243399466787065,1.1241330461354697,0.0008322910247819948,0.003156061779648734,40.15687006378993,1.1264432668685913,0.004685927189116728,1.1358151212468248,1.1170714124903578,0.009802699089050515
2020-07-07,1.1312856674194336,1.1336582899093628,1.126037359237671,1.131029725074768,0,1.1246767725263322,1.1250867289733315,0.005837408743786465,0.003628631256280326,55.19883503618201,1.1264797151088715,0.0047223002802077915,1.135924315669287,1.1170351145484558,0.0076209306716918945
2020-07-08,1.1275228261947632,1.1345586776733398,1.1265194416046145,1.1272813081741333,0,1.124907672405243,1.125411541936189,-0.0033261636145835993,0.0037042048922947177,53.451044972905315,1.1261947810649873,0.004458668980422303,1.135112119025832,1.1172774431041426,0.008039236068725364
2020-07-09,1.1339154243469238,1.137268304824829,1.128795504570007,1.1337867975234983,0,1.1258230549948556,1.126545392924287,0.0056695953320384795,0.004236158736561046,62.80575111079357,1.1260633289813995,0.0041666698396688245,1.1343966686607372,1.1177299893020618,0.008472800254822
2020-07-10,1.128795504570007,1.1324771642684937,1.1257203817367554,1.1289230585098269,0,1.126611624445234,1.1268454078103831,-0.004515257193776656,0.003598400066694967,60.65369341843055,1.1260626912117004,0.004166228527451789,1.134395148266604,1.117730234156797,0.006756782531738281
2020-07-13,1.1310042142868042,1.1370484828948977,1.130454421043396,1.1308763027191162,0,1.1268285002027238,1.1273999153405727,0.0019566960604069372,0.00377366384625755,53.46532498136041,1.126352846622467,0.004302901474073506,1.134958649570614,1.11774704367432,0.006594061851501687
2020-07-14,1.134549617767334,1.140706181526184,1.1326310634613037,1.1345844268798828,0,1.127065292426518,1.1283532089974742,0.003134739407461451,0.004156039205867488,53.75962924207146,1.126391625404358,0.004376174124464784,1.1351439736532876,1.1176392771554284,0.008075118064880371
2020-07-15,1.1410704851150513,1.1452995538711548,1.1393544673919678,1.141083598136902,0,1.1282069512775965,1.130048845813151,0.005747538270340025,0.0055368001735759415,67.97418566054716,1.1271166443824767,0.0054714143089107225,1.1380594730002982,1.1161738157646552,0.005945086479187012
2020-07-16,1.1417193412780762,1.1442996263504028,1.1379542350769043,1.141734957695007,0,1.1296005845069885,1.131604911875141,0.0005686381091167814,0.006312027704692806,73.0997981736833,1.1279881000518799,0.006319779072656351,1.1406276581971926,1.1153485419065672,0.006345391273498535
2020-07-17,1.139211654663086,1.144164800643921,1.137889385223389,1.1386499404907229,0,1.1307880963597978,1.132619144246867,-0.0021964124845104127,0.0064532315516140065,68.73834412705219,1.128893679380417,0.006573368352463648,1.1420404160853443,1.1157469426754896,0.0062754154205320045
2020-07-20,1.1442956924438477,1.1467890739440918,1.1405240297317505,1.1439553499221802,0,1.1321863446916853,1.1341760173397977,0.004462768406512829,0.0071233050175384905,70.6877914931249,1.1302206873893739,0.006878337232379887,1.1439773618541336,1.1164640129246142,0.006265044212341309
2020-07-21,1.1458691358566284,1.1498006582260132,1.1426221132278442,1.1457641124725342,0,1.1337773203849792,1.1357350998087083,0.001375032190692238,0.007532585966351426,73.31814108820049,1.1311157464981079,0.007686952214724615,1.146489650927557,1.1157418420686587,0.007178544998168945
2020-07-22,1.15340256690979,1.160092830657959,1.1508538722991943,1.1535090208053589,0,1.1357962318829127,1.1380907620888525,0.006574425313873089,0.008731301373651294,76.29208250166312,1.1322241485118867,0.009161741409787918,1.1505476313314624,1.113900665692311,0.009238958358764648
2020-07-23,1.1568717956542969,1.1624257564544678,1.15421462059021,1.156671166419983,0,1.1381595815931047,1.1405948998975783,0.0030078212447555153,0.009658692735334326,79.61178099788093,1.1338133752346038,0.010515329974966644,1.154844035184537,1.1127827152846705,0.008211135864257812
2020-07-24,1.1596084833145142,1.164008855819702,1.1581714153289795,1.1595009565353394,0,1.1406516007014684,1.1431300443531698,0.00236559286041671,0.010397008047351858,80.24863363127452,1.1356833755970002,0.01161135336917571,1.1589060823353516,1.1124606688586487,0.005837440490722434
2020-07-27,1.1652567386627195,1.1779533624649048,1.1652567386627195,1.1652567386627195,0,1.1430781057902746,1.14608027026111,0.004870829620063688,0.01189871429053689,79.92942214380207,1.1378168880939483,0.012924201817901571,1.1636652917297514,1.1119684844581452,0.01269662380218528
2020-07-28,1.1769275665283203,1.1775789260864258,1.1700997352600098,1.1766505241394043,0,1.1466070158141,1.1501932430967379,0.01001567077740706,0.014060327735966226,88.2035076980936,1.140427255630493,0.015209946241651465,1.170847148113796,1.11000736314719,0.007479190826416016
2020-07-29,1.171879529953003,1.1778993606567385,1.1714951992034912,1.17205810546875,0,1.1493187376431055,1.1530847480109065,-0.004289165041998277,0.015050382033476875,79.98015544275559,1.1428414583206177,0.01619758932001977,1.1752366369606573,1.110446279680578,0.006404161453247292
2020-07-30,1.1782865524291992,1.1807351112365725,1.17326819896698,1.1786893606185913,0,1.1528538124901908,1.1564449886000123,0.005467304712160281,0.01565900731420602,88.30428564838311,1.1454988956451415,0.017451544980394865,1.1804019856059313,1.1105958056843517,0.007466912269592507
2020-07-31,1.1872254610061646,1.1907994747161863,1.180261254310608,1.1873664855957031,0,1.156869615827288,1.1605490515874992,0.007586362212601561,0.016792604692651297,89.40776961873853,1.1486709237098693,0.01899438340586378,1.186659690521597,1.1106821568981418,0.010538220405578391
2020-08-03,1.1782310009002686,1.17875874042511,1.1701380014419556,1.1784114837646484,0,1.1599897146224976,1.1629066448292018,-0.0075760337032135805,0.016379458685244416,78.44516000819759,1.1513464629650116,0.019210656261960946,1.1897677754889335,1.1129251504410897,0.008620738983154519
2020-08-04,1.1763322353363037,1.180498123168945,1.1724153757095337,1.1760554313659668,0,1.1625084110668726,1.1646967235634822,-0.0016115393013034218,0.015951980253011824,74.43315012414942,1.1535987913608552,0.019374876033971256,1.1923485434287977,1.1148490392929127,0.008082747459411399
2020-08-05,1.181544303894043,1.190532922744751,1.1799967288970947,1.1814883947372437,0,1.1653530512537276,1.166943067607557,0.004430779333569168,0.015504207532768266,75.9537786009279,1.1562998652458192,0.01931376699344148,1.194927399232702,1.1176723312589363,0.01053619384765625
2020-08-06,1.187281847000122,1.1911852359771729,1.182075023651123,1.1873664855957031,0,1.1687866364206587,1.169654904859899,0.0048559695029375405,0.014563896968047784,80.06163783077777,1.158968186378479,0.01974019618068937,1.1984485787398578,1.1194877940171004,0.009110212326049805
2020-08-07,1.1876484155654907,1.1883541345596311,1.1756545305252075,1.187507390975952,0,1.171883259500776,1.1720540396206447,0.0003087460372570572,0.013528049396817557,78.81144443440937,1.1619108319282532,0.019389108611011185,1.2006890491502755,1.1231326147062308,0.012699604034423606
2020-08-10,1.178272724151611,1.1801999807357788,1.174300193786621,1.1782448291778564,0,1.1741978015218462,1.1728831975581069,-0.007894332439634888,0.011327966512759613,69.5114195435052,1.1642742574214935,0.018272196341514623,1.2008186501045228,1.1277298647384641,0.005899786949157715
2020-08-11,1.1737778186798096,1.180498123168945,1.1723191738128662,1.1737639904022217,0,1.1756531766482763,1.173002480374334,-0.0038148260412613766,0.009632787349148724,62.73469631042499,1.1662356674671173,0.016972750467787557,1.2001811684026924,1.1322901665315421,0.00817894935607888
2020-08-12,1.1736538410186768,1.181265115737915,1.1713030338287354,1.1739845275878906,0,1.1768518941743034,1.1730893284602464,-0.00010562276706871376,0.00802600502452868,60.94666090218314,1.1678648352622987,0.015963890259821967,1.1997926157819425,1.1359370547426548,0.009962081909179688
2020-08-13,1.179380178451538,1.186400055885315,1.179467797279358,1.1796486377716064,0,1.1782641581126623,1.1739281084590854,0.00487906845504904,0.006315743380106429,62.41264367299957,1.1697478771209717,0.01490349551470861,1.199554868150389,1.1399408860915545,0.006932258605957031
2020-08-14,1.1816558837890625,1.183800458908081,1.178467035293579,1.1818934679031372,0,1.1794355256216866,1.1749584785030822,0.001929577399301552,0.005126502813840505,60.75060252639093,1.1718700885772706,0.013257437841069903,1.1983849642594104,1.1453552128951308,0.005333423614501953
2020-08-17,1.1852554082870483,1.1880717277526855,1.183039903640747,1.185044765472412,0,1.1800303714615958,1.1763314024742777,0.003046169826061096,0.00529354322012325,56.10549922303657,1.1739180743694306,0.01186407236731117,1.197646219104053,1.1501899296348084,0.0050318241119384766
2020-08-18,1.1876484155654907,1.1965157985687256,1.1875356435775757,1.187930703163147,0,1.1811567204339164,1.1778403375531061,0.002018980265106496,0.005099908809663519,62.02914734998463,1.1760070383548737,0.010231200877745702,1.196469440110365,1.1555446365993824,0.008980154991149902
2020-08-19,1.1947859525680542,1.1954572200775146,1.1893434524536133,1.1947288513183594,0,1.1823352490152632,1.1800997528884325,0.006009806361055858,0.006178069139624076,62.44768011799517,1.1780762076377869,0.00958323156105259,1.197242670759892,1.1589097445156817,0.006113767623901367
2020-08-20,1.1843500137329102,1.1868449449539185,1.1806515455245972,1.184174656867981,0,1.1821298599243164,1.1806664543343628,-0.008734567738023058,0.006049446992346175,47.87858852831861,1.1794501185417174,0.008261862756116603,1.1959738440539507,1.1629263930294842,0.006193399429321289
2020-08-21,1.1873664855957031,1.1886366605758667,1.1754900217056274,1.1870845556259155,0,1.1827823945454188,1.181559791835875,0.002546942903547178,0.006089116662981468,57.391881411975326,1.180838018655777,0.006986310644957883,1.1948106399456928,1.1668653973658611,0.013146638870239258
2020-08-24,1.1798018217086792,1.1852554082870483,1.1786198616027832,1.1799131631851196,0,1.1830302221434457,1.1813253958189156,-0.006370959580544899,0.005873177910018923,52.5715901359793,1.181565272808075,0.005960756036380298,1.1934867848808355,1.1696437607353145,0.006635546684265137
2020-08-25,1.1794538497924805,1.184413194656372,1.178480863571167,1.179523468017578,0,1.1828809039933341,1.1810758563487245,-0.0002949409890677934,0.005940054307735736,48.330197374936205,1.181691586971283,0.005883573566055757,1.1934587341033944,1.1699244398391715,0.005932331085205078
2020-08-26,1.183501958847046,1.1839923858642578,1.1776067018508911,1.1833338737487793,0,1.1826109119824,1.181399336681834,0.0034321894453757107,0.005809091399255923,46.896970171455415,1.1822727084159852,0.005419066053566182,1.1931108405231177,1.1714345763088527,0.006385684013366699
2020-08-27,1.1842728853225708,1.189852952957153,1.1766228675842283,1.1840205192565918,0,1.1823698026793343,1.181782476500599,0.000651394338439415,0.005651847205140176,47.24719625441366,1.1825720250606537,0.005352219018394949,1.1932764630974437,1.1718675870238637,0.013230085372924805
2020-08-28,1.1819632053375244,1.1920371055603027,1.1811953783035278,1.1820470094680786,0,1.182633408478328,1.1818065736788559,-0.0019502937318516267,0.005530825056602253,53.40169392446367,1.1823089122772217,0.005239577868777535,1.1927880680147767,1.1718297565396667,0.010841727256774902
2020-08-31,1.1918240785598757,1.1963582038879397,1.188509464263916,1.1916537284851074,0,1.18392242704119,1.1831422409963253,0.008342792041090119,0.0054097868391121155,65.13675605088295,1.182988566160202,0.005554897264633305,1.1940983606894686,1.1718787716309353,0.00784873962402366
2020-09-01,1.193901538848877,1.2011290788650513,1.1937304735183716,1.1939157247543335,0,1.1853686911719186,1.1845768140433321,0.0017430930674864342,0.005153867941407666,66.44437473617356,1.1838670313358306,0.005829295345890362,1.1955256220276114,1.1722084406440498,0.0073986053466796875
2020-09-02,1.1923214197158811,1.1924351453781128,1.182410478591919,1.1923072338104248,0,1.1862930655479431,1.1856094281330054,-0.0013234919979409066,0.005157714234577051,61.269326512434965,1.1844058871269225,0.006095327413177455,1.1965965419532774,1.1722152323005677,0.010024666786193848
2020-09-03,1.184735894203186,1.184805989265442,1.1789672374725342,1.1845955848693848,0,1.186513066291809,1.1854929569423627,-0.006361980408355561,0.005008223491127655,52.45505977776469,1.1842785894870758,0.006058577976714772,1.1963957454405052,1.1721614335336463,0.005838751792907715
2020-09-04,1.1839784383773804,1.186352252960205,1.178175449371338,1.184370994567871,0,1.1864218541554041,1.1852910211336984,-0.0006393457221240961,0.005044388297414148,48.933828066836796,1.1840950906276704,0.006006496049938226,1.1961080827275468,1.172082098527794,0.008176803588867188
2020-09-07,1.183445930480957,1.1848621368408203,1.181376814842224,1.183656096458435,0,1.186121676649366,1.1850450090466664,-0.00044976148142794603,0.005090611797656697,46.378743957382724,1.1843537509441375,0.005851968879152433,1.1960576887024423,1.1726498131858327,0.0034853219985964135
2020-09-08,1.182172775268555,1.1828720569610596,1.1767197847366333,1.181921362876892,0,1.1852207354136877,1.1846620445429183,-0.0010758034478893785,0.00452384012798108,37.90934666797713,1.1847734987735747,0.005331375858366578,1.195436250490308,1.1741107470568415,0.0061522722244262695
2020-09-09,1.177024483680725,1.183053970336914,1.175364375114441,1.1769136190414429,0,1.184697483267103,1.1836437030946259,-0.004354940069280722,0.005027875912167103,42.18580318971721,1.1849420309066772,0.005004630419320115,1.1949512917453173,1.174932770068037,0.0076895952224731445
2020-09-10,1.1806375980377195,1.1914690732955933,1.1802891492843628,1.1806375980377195,0,1.1842168484415327,1.1832428890870386,0.0030697019536038983,0.005074513446884344,42.91246239383609,1.1850049018859863,0.004938543741436465,1.1948819893688591,1.1751278144031134,0.011179924011230469
2020-09-11,1.1824384927749634,1.1876484155654907,1.182592272758484,1.1826202869415283,0,1.1844051820891244,1.1831356362454286,0.001525357772983904,0.004945335341663095,53.16101481752492,1.1850440323352813,0.004913648987666497,1.1948713303106144,1.1752167343599482,0.005056142807006614
2020-09-14,1.1842728853225708,1.188800573348999,1.1833059787750244,1.184356927871704,0,1.1847493989127023,1.1832872694557144,0.0015513640318849387,0.004737537977597355,55.578555164562204,1.1849949061870575,0.004916335292510823,1.194827576772079,1.175162235602036,0.005494594573974609
2020-09-15,1.187000036239624,1.1900993585586548,1.1841466426849363,1.186690092086792,0,1.1849992615836007,1.1837823050269023,0.0023028061782486287,0.004758883853132884,54.17715320404049,1.1849624872207642,0.004900027476712017,1.1947625421741883,1.1751624322673402,0.005952715873718484
2020-09-16,1.1844412088394165,1.1883004903793335,1.1814604997634888,1.1842728853225708,0,1.185011284691947,1.183870158868571,-0.0021557096226498818,0.004757119833872812,50.19276871576717,1.1844452500343323,0.004320183291427077,1.1930856166171864,1.1758048834514783,0.0068399906158447266
2020-09-17,1.1803449392318726,1.1830118894577026,1.1741636991500854,1.1804285049438477,0,1.1848956942558289,1.1834001295836778,-0.003458398421950948,0.0048555233782437476,48.219574061784385,1.1842449963092805,0.0044165784410600635,1.1930781531914005,1.1754118394271604,0.008848190307617188
2020-09-18,1.1848200559616089,1.1871000528335571,1.1831238269805908,1.1852554082870483,0,1.1843954069273812,1.1835894531007354,0.0037913635082373887,0.004428826749738951,41.25814610920961,1.1841176748275757,0.0043581739321774055,1.1928340226919305,1.1754013269632209,0.003976225852966309
2020-09-21,1.1845533847808838,1.187300205230713,1.17326819896698,1.1845533847808838,0,1.1837276816368103,1.1837179773247553,-0.00022507314877340256,0.0034907019013329476,37.78002867294147,1.1843552529811858,0.004238385416748243,1.1928320238146823,1.1758784821476893,0.01403200626373291
2020-09-22,1.176800012588501,1.1773016452789309,1.169344425201416,1.1761800050735474,0,1.1826190096991402,1.182795582026588,-0.006545397017979959,0.0029786046383080047,32.529887694723016,1.184222561120987,0.004436808178569006,1.1930961774781248,1.175348944763849,0.00795722007751487
2020-09-23,1.1708368062973022,1.172000527381897,1.1664936542510986,1.1707545518875122,0,1.181626217705863,1.1812010785960168,-0.005067306447492315,0.004259625538792558,33.76290956895687,1.1835893034934997,0.005354088106357189,1.194297479706214,1.1728811272807853,0.00550687313079834
2020-09-24,1.1658544540405271,1.168100118637085,1.16296648979187,1.1661943197250366,0,1.1803316473960876,1.179154861988618,-0.004255377205412136,0.005920175033209624,30.72954823728618,1.1826683819293975,0.0066560403908980026,1.1959804627111934,1.1693563011476016,0.005133628845215066
2020-09-25,1.1673243045806885,1.168510913848877,1.1613458395004272,1.1673650741577148,0,1.1791801026889257,1.1775774543342274,0.001260749603063438,0.006774145285388711,33.193567629368346,1.1819364368915557,0.007490285515284171,1.196917007922124,1.1669558658609873,0.007165074348449707
2020-09-28,1.1635348796844482,1.167965054512024,1.1616694927215576,1.1635076999664309,0,1.177848824432918,1.1757051110475905,-0.0032462486057818207,0.00788163525145291,31.53893748464985,1.1805219769477844,0.008165463457835448,1.1968529038634552,1.1641910500321135,0.006295561790466309
2020-09-29,1.167883276939392,1.1741636991500854,1.1666569709777832,1.1677740812301636,0,1.1771958810942513,1.1746621998331641,0.003737229825137023,0.00832154836831716,40.79973508535347,1.1792210638523102,0.007992422858199311,1.1952059095687089,1.1632362181359115,0.007506728172302246
2020-09-30,1.1742050647735596,1.1756407022476196,1.168606519699097,1.1742740869522097,0,1.1767364144325256,1.1746012484918835,0.005413030530529328,0.008294438388559746,43.86064715787587,1.178315246105194,0.007436851508843101,1.1931889491228802,1.1634415430875078,0.007034182548522727
2020-10-01,1.1726078987121582,1.1767003536224363,1.1718108654022217,1.1723741292953491,0,1.1760342291423254,1.1743354685212535,-0.001360210502676873,0.00819004204199859,40.580832482393035,1.1777088463306427,0.007379998307880494,1.1924688429464037,1.1629488497148817,0.004889488220214622
2020-10-02,1.1744946241378784,1.1747002601623535,1.1697137355804443,1.1744118928909302,0,1.1753357819148473,1.174356689270137,0.0016089994172752142,0.00784299580196615,40.640361487026254,1.1772346556186677,0.007259655743278865,1.1917539671052255,1.1627153441321099,0.00498652458190918
2020-10-05,1.1720443964004517,1.179662585258484,1.1719304323196411,1.172195553779602,0,1.174267521926335,1.1740483835541788,-0.0020861974904528013,0.007116964883313109,35.6083392410989,1.1766645789146424,0.007193595598554868,1.191051770111752,1.1622773877175328,0.0077321529388429955
2020-10-06,1.1792453527450562,1.1807351112365725,1.1767336130142212,1.178828239440918,0,1.1738963893481664,1.1747413127796291,0.006143927966141716,0.006666864109680862,45.41014473218652,1.1765182077884675,0.00710485457251198,1.1907279169334914,1.1623084986434435,0.004001498222351296
2020-10-07,1.1737639904022217,1.178139328956604,1.172540545463562,1.173736572265625,0,1.17342632157462,1.1746110031293082,-0.004648194991886068,0.006404038651533856,44.32545890750311,1.1763551831245422,0.0071299888120713705,1.190615160748685,1.1620952055003995,0.005598783493041992
2020-10-08,1.176747441291809,1.178133845329285,1.173529863357544,1.1765536069869995,0,1.1728497062410628,1.1748958615509753,0.0025417808980194856,0.005613925701383786,42.85545478715553,1.1761606752872467,0.007059730842307709,1.190280136971862,1.1620412136026312,0.004603981971740945
2020-10-09,1.1767003536224363,1.1824523210525513,1.1758756637573242,1.1767059564590454,0,1.1722887754440308,1.1751364604938368,-4.0015102408919034e-05,0.004667040653627253,43.02267450727843,1.1758737683296203,0.006906100049576601,1.1896859684287735,1.1620615682304671,0.006576657295227051
2020-10-12,1.181683897972107,1.182732105255127,1.1788004636764526,1.1813349723815918,0,1.1726376244000025,1.176009452157606,0.004235185563027155,0.0051840718955773035,54.56390627332409,1.175744318962097,0.006763164307002195,1.1892706475761015,1.1622179903480927,0.003931641578674316
2020-10-13,1.1816140413284302,1.1814186573028564,1.1735711097717283,1.1814186573028564,0,1.173407426902226,1.1767567307137161,-5.911618479070846e-05,0.005673193314450479,61.317726589884614,1.1754750192165375,0.006388227081262325,1.1882514733790621,1.162698565054013,0.007847547531128152
2020-10-14,1.1742188930511477,1.177024483680725,1.1721680164337158,1.1743981838226318,0,1.174004886831556,1.1764183523587068,-0.006258514217526101,0.005240524431344594,58.360261176246674,1.174963903427124,0.006032106942633034,1.18702811731239,1.162899689541858,0.004856467247009277
2020-10-15,1.1743981838226318,1.1760554313659668,1.1690163612365725,1.17475688457489,0,1.1745101639202662,1.1761489965538967,0.0001526893942391805,0.004875136970896993,57.25757924141541,1.174666565656662,0.005897975863864851,1.1864625173843917,1.1628706139289322,0.007039070129394309
2020-10-16,1.1707134246826172,1.1746740341186523,1.169494867324829,1.1705764532089231,0,1.1750229171344213,1.1754242536377262,-0.003137572239784059,0.003914942077045097,57.380814637590206,1.1739612340927124,0.0054460046794819,1.184853243451676,1.1630692247337486,0.005179166793823242
2020-10-19,1.171550154685974,1.179523468017578,1.1704941987991333,1.1715638637542725,0,1.1752848369734628,1.1749077071108258,0.0007147180392019781,0.0035013537815420095,54.063644386199236,1.173311072587967,0.004859531169012207,1.1830301349259913,1.1635920102499426,0.009029269218444602
2020-10-20,1.176885962486267,1.1839923858642578,1.1762629747390747,1.1768028736114502,0,1.1754763296672277,1.1751714744942179,0.0045544851656167396,0.003511054416740833,53.03735477719222,1.1733153700828551,0.004862815875589485,1.183041001834034,1.1635897383316762,0.0077294111251831055
2020-10-21,1.1829839944839478,1.1882128715515137,1.1829279661178589,1.1829279661178589,0,1.1762174793652125,1.1762131438261818,0.005181497776384436,0.003929224185841293,60.66775663479286,1.1739227294921875,0.005277827986697109,1.1844783854655816,1.1633670735187933,0.005284905433654785
2020-10-22,1.1853959560394287,1.1869436502456665,1.1813349723815918,1.1851290464401243,0,1.176996145929609,1.1774375187879482,0.002038879280469974,0.004586704333845016,61.08800613043173,1.1748998045921326,0.005509313838773638,1.1859184322696799,1.1638811769145854,0.005608677864074707
2020-10-23,1.1815024614334106,1.1859582662582395,1.1788004636764526,1.181404709815979,0,1.1776717220033919,1.1779795111406766,-0.003284551955978321,0.004496918175297876,59.34564027177038,1.1756087124347687,0.0053942177173498754,1.1863971478694684,1.164820277000069,0.007157802581786887
2020-10-26,1.184848070144653,1.1851009130477903,1.1804006099700928,1.184834122657776,0,1.178071916103363,1.1788953190078735,0.0028316561500714155,0.004880660693496719,55.99270659339238,1.176674371957779,0.004972184736851225,1.1866187414314815,1.1667300024840765,0.004700303077697532
2020-10-27,1.180944323539734,1.183800458908081,1.179940938949585,1.180944323539734,0,1.1785847970417567,1.1791685196121215,-0.0032947233516972263,0.0047691386022892775,57.94838229511175,1.177327424287796,0.004600625747286426,1.186528675782369,1.168126172793223,0.0038595199584960938
2020-10-28,1.1784114837646484,1.178828239440918,1.1719304323196411,1.17816162109375,0,1.1787036572183882,1.1790675814991252,-0.0021447579912098336,0.004740474270819388,51.860599646514075,1.1775377452373506,0.004546199951851579,1.1866301451410537,1.1684453453336474,0.0068978071212768555
2020-10-29,1.1748672723770142,1.1759172677993774,1.165623426437378,1.1747430562973022,0,1.178572722843715,1.1785075402828438,-0.003007617828291731,0.004824631210034314,48.099056265561195,1.1776507139205932,0.004444177421431479,1.186539068763456,1.1687623590777303,0.010293841361999512
2020-10-30,1.1678695678710938,1.1703435182571411,1.1643069982528689,1.1676785945892334,0,1.177585984979357,1.1770891439612772,-0.005956166003128649,0.005504186205299296,36.2487035810826,1.177319461107254,0.004913884158329938,1.1871472294239138,1.167491692790594,0.006036520004272239
2020-11-02,1.1642121076583862,1.165699481964111,1.162439227104187,1.164252758026123,0,1.176342989717211,1.1753722057875584,-0.0031317368936795154,0.00641424910597138,33.832246460278654,1.1769278466701507,0.005618053897616049,1.1881639544653828,1.1656917388749186,0.0032602548599240944
2020-11-03,1.1642799377441406,1.1741995811462402,1.163805603981018,1.1642799377441406,0,1.1756330643381392,1.1738932367151027,5.826265274877507e-05,0.007172614641597783,39.31053228097667,1.176179575920105,0.006253793147151298,1.1886871622144075,1.1636719896258025,0.010393977165222168
2020-11-04,1.176221489906311,1.176885962486267,1.1607661247253418,1.1764568090438845,0,1.1757633004869734,1.1742036704739305,0.010256598756917423,0.007165016854123892,51.565022889546945,1.1763024508953095,0.006227922624072217,1.188758296143454,1.163846605647165,0.016119837760925293
2020-11-05,1.17326819896698,1.1856770515441897,1.171275615692139,1.1729930639266968,0,1.1759457843644279,1.1740789409396704,-0.0025108289252275817,0.007058247470412803,52.220759976373806,1.176128488779068,0.00626333018857433,1.1886551491562165,1.1636018284019194,0.014401435852050781
2020-11-06,1.1817537546157837,1.1890605688095093,1.1796208620071411,1.1814186573028564,0,1.1766746129308427,1.1751022494298187,0.007232409142491791,0.007096149707130299,57.828557212838476,1.1763811588287354,0.006388297439050058,1.1891577537068354,1.1636045639506354,0.009439706802368164
2020-11-09,1.1893010139465332,1.1919234991073608,1.179746150970459,1.1893151998519895,0,1.1775614023208618,1.1769954180320472,0.006386490672249501,0.00785929741781138,59.21263770967171,1.1767620146274567,0.006925540565181681,1.19061309575782,1.1629109334970933,0.012177348136901855
2020-11-10,1.182732105255127,1.184356927871704,1.178078293800354,1.1823265552520752,0,1.1775434102330888,1.1777603096617912,-0.005523335652097172,0.007846206127682928,49.8143817674229,1.1768179178237914,0.006971130112746548,1.1907601780492845,1.1628756575982984,0.006278634071350098
2020-11-11,1.1818794012069702,1.1832919120788574,1.1747292280197144,1.1819632053375244,0,1.1772922277450562,1.1783095218678152,-0.0007209612763262596,0.007628758356820966,47.34768449502695,1.1772009432315826,0.0070310063700467175,1.191262955971676,1.1631389304914892,0.008562684059143066
2020-11-12,1.1780297756195068,1.182300090789795,1.1759587526321411,1.1778701543807983,0,1.1770441787583488,1.1782722223680409,-0.003257206770447163,0.007537240444961964,47.379037699894354,1.1773825228214263,0.007001646576307953,1.1913858159740423,1.1633792296688104,0.006341338157653809
2020-11-13,1.1803393363952637,1.1833899021148682,1.1799688339233398,1.1805260181427002,0,1.1767221263476781,1.1785478375716705,0.0019605283529799955,0.007269722300997349,46.54303158818384,1.1778638184070587,0.00684824606251145,1.1915603105320816,1.1641673262820358,0.0034210681915283203
2020-11-16,1.1845253705978394,1.186873197555542,1.1814744472503662,1.1844271421432495,0,1.176977915423257,1.1793448419751595,0.0035464667435043395,0.007489391930331599,52.733851709476205,1.178512579202652,0.006833228123357251,1.1921790354493667,1.1648461229559375,0.005398750305175781
2020-11-17,1.1859441995620728,1.1892727613449097,1.1845533847808838,1.1859723329544067,0,1.1775159665516444,1.1802247563200812,0.0011978037781641415,0.007861635356167334,55.85015081573816,1.1789654910564422,0.007017450584490099,1.1930003922254224,1.164930589887462,0.004719376564025879
2020-11-18,1.186366319656372,1.1891002655029297,1.1851149797439575,1.186436653137207,0,1.1783373270715987,1.1810436314315869,0.000355935881684033,0.008158701546148863,59.38568478982161,1.1791346073150635,0.007158725001884508,1.1934520573188325,1.1648171573112944,0.003985285758972168
2020-11-19,1.1847639083862305,1.1855363845825195,1.1817398071289062,1.1842869520187378,0,1.1795440656798226,1.1815396683588728,-0.001350688437114167,0.007729450441716818,65.12118716043481,1.1791030049324036,0.007130970620762779,1.193364946173929,1.1648410636908781,0.0037965774536132812
2020-11-20,1.1866477727890017,1.1890889406204224,1.185185194015503,1.1867464780807495,0,1.1811466131891524,1.1822207489495566,0.0015900757859321768,0.00654050546358326,70.73937267485951,1.179360270500183,0.007312593740116761,1.1939854579804166,1.1647350830199497,0.0039037466049194336
2020-11-23,1.1866477727890017,1.1905895471572876,1.1803170442581177,1.1865352392196655,0,1.1827443156923567,1.182811018794816,0.0,0.004524783230526654,70.70263280424227,1.1794502556324005,0.007394294796250171,1.1942388452249009,1.1646616660399,0.010272502899169922
2020-11-24,1.1842728853225708,1.1893858909606934,1.1838942766189575,1.1841803789138794,0,1.1833194153649467,1.18300593433185,-0.0020013415276962654,0.004126057316185676,59.05565864698744,1.1796166837215423,0.007466796209968794,1.19455027614148,1.1646830913016046,0.00549161434173584
2020-11-25,1.1900511980056765,1.192804932594299,1.1882835626602173,1.1900511980056765,0,1.1845182010105677,1.1839453028216935,0.004879207110725758,0.0033453442366168217,67.74849097611278,1.1801986694335938,0.007813484636770663,1.195825638707135,1.1645717001600524,0.004521369934081809
2020-11-26,1.1920002698898315,1.1940997838974,1.1886931657791138,1.1917530298233032,0,1.1852500949587141,1.1850192984307788,0.001637805068741116,0.003785875502085609,62.574389523146195,1.1810553193092346,0.008130958704971448,1.1973172367191776,1.1647934018992916,0.005406618118286133
2020-11-27,1.191599726676941,1.1961865425109863,1.1910717487335205,1.1911852359771729,0,1.1854142887251717,1.1858966888636004,-0.00033602610922867093,0.004017821234439083,53.42102181803985,1.182241827249527,0.007831454001173023,1.197904735251873,1.166578919247181,0.00511479377746582
2020-11-30,1.1971460580825806,1.2002063989639282,1.1944148540496826,1.197074294090271,0,1.1864438567842757,1.1873966047594644,0.004654525577231228,0.005003519498134085,72.124734220667,1.1838885247707367,0.0072842108171318,1.1984569464050003,1.169320103136473,0.0057915449142456055
2020-12-01,1.193816065788269,1.2053565979003906,1.1935994625091553,1.1937732696533203,0,1.1872964756829398,1.1882525328966382,-0.0027816090374511715,0.0051798090316672344,67.0272825591596,1.185365331172943,0.005976159036773041,1.1973176492464892,1.173413013099397,0.011757135391235352
2020-12-02,1.2074378728866575,1.210741639137268,1.2040793895721436,1.2069860696792605,0,1.189397054059165,1.190810578228641,0.011410306402095616,0.0068321953837695995,82.80413500740633,1.1869261503219604,0.00737506180562452,1.2016762739332094,1.1721760267107113,0.006662249565124512
2020-12-03,1.2114603519439695,1.2175003290176392,1.2102434635162354,1.2113430500030518,0,1.1916199837412154,1.1935638813906848,0.0033314170009388633,0.008514208278753514,83.437078933751,1.18883575797081,0.008509729981066009,1.205855217932942,1.171816298008678,0.007256865501403809
2020-12-04,1.2145650386810305,1.2177746295928955,1.2133712768554688,1.2145354747772217,0,1.193765674318586,1.1963640356960643,0.0025627638016210152,0.010205876255168098,83.04305979171615,1.1904763221740722,0.010088833532560704,1.2106539892391937,1.1702986551089507,0.004403352737426758
2020-12-07,1.212135910987854,1.2163525819778442,1.2080796957015991,1.2120624780654907,0,1.195636510848999,1.1984669524016363,-0.001999998037004569,0.011029221846999122,78.18395923875343,1.1916180670261383,0.011181732025977742,1.2139815310780937,1.1692546029741828,0.008272886276245117
2020-12-08,1.2113136053085327,1.213415503501892,1.2097164392471311,1.2109469175338743,0,1.1974184598241533,1.2001798394558891,-0.0006783939588516086,0.011424496639302756,76.61564993551849,1.1930471420288087,0.011795851847347966,1.2166388457235047,1.1694554383341127,0.0036990642547609642
2020-12-09,1.2110936641693115,1.214900016784668,1.207394003868103,1.2109909057617188,0,1.199299156665802,1.2016350160843456,-0.0001815724171323474,0.011348005105076301,78.94438882219987,1.1945078551769257,0.012143842198651887,1.2187955395742294,1.170220170779622,0.007506012916564941
2020-12-10,1.207875370979309,1.2158055305480957,1.2080358266830444,1.2081671953201294,0,1.2008154136793954,1.2024670634036743,-0.0026573445846650445,0.010938328171927357,72.67044528640048,1.1960001349449159,0.011842409423843426,1.2196849537926027,1.172315316097229,0.0077697038650512695
2020-12-11,1.2144293785095217,1.216397047042847,1.210785746574402,1.214343786239624,0,1.202799814088004,1.2040620387511207,0.005426062727728942,0.01068751774379559,76.02649006622474,1.1977046370506286,0.011922734622869491,1.2215501062963676,1.1738591678048895,0.005611300468444824
2020-12-14,1.213340401649475,1.217404007911682,1.2117539644241333,1.213356614112854,0,1.2048760652542114,1.2052991538042348,-0.0008966983830571706,0.009577236207239642,77.90345320052684,1.1991453886032104,0.011987162401791821,1.2231197134067942,1.1751710637996267,0.005650043487548606
2020-12-15,1.214889645576477,1.2166485786437988,1.212694525718689,1.2148748636245728,0,1.206650240080697,1.2065778860405338,0.0012768419520983176,0.00889611949683285,75.9507986010775,1.2005926609039306,0.012056593478441404,1.2247058478608135,1.1764794739470477,0.003954052925109863
2020-12-16,1.2154301404953003,1.2212995290756226,1.2146978378295898,1.215376853942871,0,1.2083238022668021,1.2077581866345026,0.00044489219312326966,0.008095991061827724,75.22148877413743,1.202045851945877,0.012003057090916093,1.2260519661277092,1.1780397377640448,0.006601691246032715
2020-12-17,1.2199585437774658,1.2263002395629885,1.2192445993423462,1.219705581665039,0,1.2103494320596968,1.209384900920231,0.0037257618774535484,0.007072775363353631,78.03579383542706,1.2038055837154389,0.011915624524716893,1.2276368327648726,1.1799743346660052,0.007055640220642312
2020-12-18,1.226271629333496,1.2268433570861816,1.2227181196212769,1.2261964082717896,0,1.2124298300061906,1.2116364647086664,0.005174836135400485,0.007173179053043655,78.36380733465629,1.2057867765426635,0.012203300412116896,1.2301933773668974,1.1813801757184297,0.004125237464904785
2020-12-21,1.221612811088562,1.223466157913208,1.213076949119568,1.221060872077942,0,1.2144153118133545,1.2129666442259859,-0.003799173146871393,0.005200395410691253,76.38680795397406,1.2075350284576416,0.011815521655009473,1.2311660717676605,1.1839039851476227,0.010389208793639915
2020-12-22,1.223690629005432,1.2259002923965454,1.216604232788086,1.2238404750823977,0,1.2155762229646956,1.2143965088632456,0.0017008809157939009,0.005335312771291171,69.75890134607093,1.2095059156417847,0.010989738485444888,1.2314853926126745,1.1875264386708948,0.009296059608459473
2020-12-23,1.2186651229858398,1.2219412326812744,1.2157758474349976,1.2185908555984497,0,1.2160908494676863,1.2149656574129248,-0.004106843593038367,0.005254634977681606,58.55049827682813,1.210936611890793,0.01015454239380258,1.231245696678398,1.1906275271031879,0.0061653852462768555
2020-12-24,1.2191405296325684,1.2217471599578855,1.2179378271102903,1.219393253326416,0,1.216417670249939,1.2155223070422105,0.00039010441651421424,0.00529457297437087,55.79155123399755,1.2122936248779297,0.00926529866111775,1.2308242222001653,1.193763027555694,0.003809332847595215
2020-12-25,1.2184720039367676,1.2212995290756226,1.2167004346847534,1.2184720039367676,0,1.2168702483177185,1.2159155999614848,-0.000548358191325371,0.005169747699293016,58.39421591759768,1.213637238740921,0.007963397870057589,1.2295640344810363,1.1977104430008059,0.004599094390869141
2020-12-28,1.2205095291137695,1.2252004146575928,1.218353271484375,1.220703125,0,1.2175271000180925,1.2165281238484562,0.0016721969568598283,0.0049905257281208796,61.802948097690546,1.2148054122924805,0.007081759941945149,1.2289689321763708,1.2006418924085902,0.0068471431732177734
2020-12-29,1.2223445177078247,1.2275993824005127,1.2220009565353394,1.2220009565353394,0,1.2183307324137007,1.2173036430297053,0.001503461095783143,0.004776113463046591,63.86560300880015,1.2162318348884582,0.005273902824160187,1.2267796405367786,1.2056840292401378,0.00559842586517334
2020-12-30,1.225295066833496,1.2308752536773682,1.2252049446105957,1.2253249883651731,0,1.2195749964032854,1.218369166203544,0.002413844119172115,0.004057841871286102,71.61072971909763,1.2171246945858,0.005218042614422933,1.227560779814646,1.2066886093569542,0.005670309066772461
2020-12-31,1.2299896478652954,1.230950951576233,1.222299575805664,1.229906439781189,0,1.220686444214412,1.2199185637584442,0.003831388176507966,0.004630602243031644,70.23761903432947,1.2180511593818664,0.005774658389282557,1.2296004761604316,1.2065018426033012,0.008651375770568848
2021-01-01,1.218026876449585,1.221699357032776,1.2134994268417358,1.217285394668579,0,1.22102119241442,1.2196663387839297,-0.00972591227614994,0.004208895095804403,54.75130950165217,1.218224251270294,0.005716252208113739,1.2296567556865217,1.2067917468540665,0.008199930191040261
2021-01-04,1.2250697612762451,1.23099946975708,1.2171372175216677,1.2249047756195068,0,1.221748343535832,1.2203867951162386,0.005782208063576988,0.003938810184591755,59.28650191065078,1.2188709437847138,0.00572282660428364,1.2303165969932812,1.2074252905761464,0.013862252235412376
2021-01-05,1.2251598834991455,1.2294830083847046,1.2249947786331177,1.225295066833496,0,1.2224433251789637,1.2210232069006262,7.356497217481106e-05,0.0035803078530397244,58.94919662378054,1.2195632576942443,0.005596594685553139,1.2307564470653507,1.208370068323138,0.004488229751586914
2021-01-06,1.230027437210083,1.2350252866744995,1.2266929149627686,1.22986102104187,0,1.2231625318527222,1.222223770941887,0.003972994689505738,0.004026306357771591,59.20371879753657,1.220509946346283,0.005689122676777524,1.231888191699838,1.2091317009927278,0.008332371711730957
2021-01-07,1.2341108322143557,1.2345678806304932,1.2246646881103516,1.2337758541107178,0,1.2237224749156408,1.2238087124448829,0.003319759284016177,0.004934604215427126,57.470112733270874,1.2218217194080352,0.005647043242072717,1.2331158058921807,1.2105276329238897,0.009903192520141602
2021-01-08,1.227144479751587,1.2282146215438845,1.2214934825897217,1.2268733978271484,0,1.2241175941058569,1.2242534814191102,-0.005644835359129852,0.004973993219421891,55.049171837018044,1.2224574744701386,0.005484400048339148,1.233426274566817,1.2114886743734603,0.00672113895416282
2021-01-11,1.218620538711548,1.2199585437774658,1.2134743928909302,1.2187838554382324,0,1.2237554447991508,1.2235024223914353,-0.00694615929964848,0.005187463439985152,45.85940009930232,1.222721481323242,0.005138611837650505,1.2329987049985431,1.212444257647941,0.0064841508865356445
2021-01-12,1.2160701751708984,1.217848777770996,1.213886857032776,1.2161602973937988,0,1.2235700913837977,1.2225114560953638,-0.0020928282920179564,0.005424290885176292,47.791494697882825,1.2227805078029632,0.005049928819740832,1.232880365442445,1.2126806501634815,0.003961920738219993
2021-01-13,1.220889449119568,1.2224938869476318,1.2155394554138184,1.2209266424179075,0,1.2236950142042977,1.222295188498591,0.0039629900042505994,0.005333814168381534,51.38598914335287,1.2230534732341767,0.0047715816723282465,1.2325966365788332,1.2135103098895201,0.0069544315338134766
2021-01-14,1.2162491083145142,1.217285394668579,1.2113136053085327,1.2161750793457031,0,1.2235362359455653,1.2214890444740474,-0.0038007870478364847,0.005530705806573863,48.34272164442685,1.2228680014610291,0.004966332118446198,1.2328006656979216,1.2129353372241367,0.005971789360046387
2021-01-15,1.2151259183883667,1.2162491083145142,1.208473801612854,1.2153000831604004,0,1.2231516923223222,1.2206406276626234,-0.000923486741711943,0.005930076152955892,45.93077423505481,1.2223107159137725,0.005184838542325114,1.2326803929984227,1.2119410388291223,0.007775306701660156
2021-01-18,1.2068113088607788,1.2086198329925537,1.205545425415039,1.206723928451538,0,1.2220421774046761,1.218796718489044,-0.006842590880306143,0.0073708245818614815,39.30660600330904,1.2215706408023834,0.006238921920741105,1.2340484846438657,1.209092796960901,0.0030744075775146484
2021-01-19,1.207729458808899,1.2144912481307983,1.2078461647033691,1.2078461647033691,0,1.220787491117205,1.2173210838650248,0.0007608065497719529,0.008220569939354872,37.55933233707369,1.2207725822925568,0.006935434601881389,1.2346434514963196,1.206901713088794,0.006645083427429199
2021-01-20,1.213886857032776,1.2160005569458008,1.207773208618164,1.2139458656311035,0,1.219637291772025,1.2168631869540583,0.005098325770698464,0.007956268231069276,38.8268710937891,1.2205336689949036,0.0070923793259878385,1.2347184276468792,1.206348910342928,0.008227348327636719
2021-01-21,1.2115631103515625,1.2171964645385742,1.2109909057617188,1.211533784866333,0,1.219175594193595,1.2161565100737255,-0.0019143025297215788,0.008239414267298949,44.822469386663926,1.2201547980308534,0.007367761448624836,1.234890320928103,1.2054192751336037,0.006205558776855469
2021-01-22,1.2166293859481812,1.2188003063201904,1.2151997089385986,1.2166190147399902,0,1.2185727102415902,1.2162195601903196,0.004181602719109279,0.008082253689329561,43.01810285831507,1.2200626671314239,0.00740135563276282,1.2348653783969494,1.2052599558658983,0.003600597381591797
2021-01-25,1.216944694519043,1.218599796295166,1.2117246389389038,1.2168558835983276,0,1.2179859110287257,1.2163162447674827,0.00025916567074868446,0.00786245038298462,43.22960057846188,1.2198844254016876,0.007432885336713448,1.2347501960751146,1.2050186547282606,0.006875157356262207
2021-01-26,1.214624047279358,1.2175003290176392,1.2108443975448608,1.2143291234970093,0,1.2168856688908167,1.2160906184357327,-0.001906945525246062,0.007087323215802304,36.74931445881758,1.2194984018802644,0.007498586339750557,1.2344955745597654,1.2045012292007633,0.00665593147277832
2021-01-27,1.216299295425415,1.2171372175216677,1.2061998844146729,1.2163230180740356,0,1.2156134162630354,1.216118442034357,0.0013792318288194938,0.00506852096908031,34.01544814600864,1.2190486133098601,0.0074017562182273275,1.2338521257463149,1.2042451008734054,0.010937333106994851
2021-01-28,1.2105072736740112,1.214399814605713,1.2082401514053345,1.2104778289794922,0,1.2144250444003515,1.2153702862529776,-0.004762003705163664,0.0039933101939687255,34.7478465375211,1.218074494600296,0.0071642533955321025,1.23240300139136,1.2037459878092318,0.006159663200378418
2021-01-29,1.2120037078857422,1.2157005071640017,1.2095993757247925,1.212135910987854,0,1.2139524136270796,1.2149214091373461,0.001236204229644322,0.003847458922659855,43.03682182212313,1.217773336172104,0.007291820447959633,1.2323569770680232,1.2031896952761847,0.006101131439209206
2021-02-01,1.2123857736587524,1.2136069536209106,1.2069132328033447,1.2122827768325806,0,1.2136892420904977,1.214583324406867,0.0003152348219104262,0.0038173494562706734,45.937341441036516,1.2171391367912292,0.007174465308891361,1.2314880674090118,1.2027902061734466,0.006693720817565918
2021-02-02,1.2068694829940796,1.208795189857483,1.2018364667892456,1.2067675590515137,0,1.2126878159386771,1.2135548122184951,-0.004549946712114394,0.003616885735129738,34.7747173934432,1.216224616765976,0.007263436082367623,1.2307514889307112,1.201697744601241,0.006958723068237305
2021-02-03,1.203905463218689,1.204999327659607,1.200494647026062,1.203905463218689,0,1.211806127003261,1.2122682323518543,-0.002455957182741275,0.0041475467455169834,36.088659838136024,1.2149185180664062,0.006994427806171344,1.2289073736787488,1.2009296624540635,0.004504680633544922
2021-02-04,1.2042388916015625,1.2043839693069458,1.1967161893844604,1.2041809558868408,0,1.211028482232775,1.2111976535851487,0.0002769556190749256,0.004484191629563834,37.507899293919515,1.2134249210357666,0.005761081969174237,1.224947084974115,1.2019027570974181,0.0076677799224853516
2021-02-05,1.1966731548309326,1.2039779424667358,1.1953572034835815,1.1967447996139526,0,1.2103043283735002,1.2092610537512534,-0.006282587967714526,0.005833279586967115,38.163765772135385,1.211901354789734,0.0059673741962302275,1.2238361031821945,1.1999666063972734,0.008620738983154297
2021-02-08,1.2048773765563965,1.2068549394607544,1.2021398544311523,1.2049354314804075,0,1.2101006082126073,1.2086765634586059,0.006855858420775629,0.005978125418245557,47.154340032875275,1.2112141966819763,0.005944155260709187,1.2231025072033948,1.1993258861605578,0.004715085029602051
2021-02-09,1.2053595781326294,1.211475133895874,1.2050195932388306,1.2052549123764038,0,1.2094915168625968,1.2082342987484758,0.0004002080092257998,0.005997060690200965,40.405343777664314,1.2106786668300629,0.0059660744403694866,1.2226108157108018,1.198746517949324,0.006455540657043457
2021-02-10,1.2119992971420288,1.2143733501434326,1.2110203504562378,1.2116951942443848,0,1.2095226730619157,1.2087362985342827,0.005508496493374926,0.006009770585722475,50.44733785683722,1.2102341592311858,0.005476356307275938,1.2211868718457377,1.199281446616634,0.0033529996871948242
2021-02-11,1.2121212482452393,1.2150993347167969,1.2114311456680298,1.2119449377059937,0,1.2092006632259913,1.20918762516241,0.0001006197804718223,0.0057131495601929864,44.854815931471926,1.2100277662277221,0.005313085240655344,1.2206539367090328,1.1994015957464115,0.00366818904876709
2021-02-12,1.2131506204605105,1.213592290878296,1.2083992958068848,1.213003396987915,0,1.2089296579360962,1.20971602453549,0.0008492320522897057,0.005398895471151009,45.739231945251674,1.2099290013313293,0.005231054003312635,1.2203911093379545,1.1994668933247041,0.005192995071411133
2021-02-15,1.2122093439102173,1.214699387550354,1.2117393016815186,1.212106466293335,0,1.2087571791240148,1.210048467118787,-0.0007758942166108396,0.005239191988031942,47.20157604761303,1.2101989030838012,0.005200898761106552,1.2206007006060142,1.1997971055615881,0.0029600858688354492
2021-02-16,1.2132196426391602,1.2171002626419067,1.2095847129821775,1.2132388353347778,0,1.2085372039249964,1.2104712905215034,0.0008334358533188535,0.004955116547744874,46.37509120502894,1.2104734122753142,0.005208582073201697,1.2208905764217177,1.2000562481289108,0.007515549659729226
2021-02-17,1.2092483043670654,1.2098335027694702,1.202558994293213,1.2088537216186523,0,1.208447277545929,1.2103082257009117,-0.0032733877135847633,0.00492796271288151,48.451770473250136,1.2102414846420289,0.005151549040338599,1.220544582722706,1.1999383865613518,0.007274508476257324
2021-02-18,1.2048004865646362,1.2089003324508667,1.2036300897598269,1.2045869827270508,0,1.2079327617372786,1.2095738604827417,-0.0036781674916279705,0.004904059001327801,41.74126973279582,1.2099033534526824,0.005280559202460717,1.2204644718576039,1.199342235047761,0.005270242691039817
2021-02-19,1.209189772605896,1.2147716283798218,1.208299994468689,1.2091752290725708,0,1.2077044759477888,1.209522648765829,0.003643164233586349,0.0047528816399028785,46.64405167234131,1.2095313727855683,0.005038295955053213,1.2196079646956748,1.1994547808754619,0.0064716339111328125
2021-02-22,1.2126356363296509,1.2155098915100098,1.2092190980911257,1.212444543838501,0,1.2081163440431868,1.2099377137743386,0.0028497294649860727,0.004921793961280225,56.329958751230066,1.2093159198760985,0.00479064225112233,1.2188972043783433,1.1997346353738538,0.006290793418884055
2021-02-23,1.2166796922683716,1.2178784608840942,1.213680624961853,1.2166930437088013,0,1.2090287889753069,1.2108366442402096,0.0033349308049044346,0.005253982813903571,63.6984445148951,1.2094187021255494,0.004930530311428875,1.219279762748407,1.1995576415026916,0.004197835922241211
2021-02-24,1.215214490890503,1.217404007911682,1.2111302614212036,1.2151997089385986,0,1.2098127603530884,1.2114203571269155,-0.0012042622122976354,0.005302913538441539,61.49076694972357,1.2093644618988038,0.004856261379271717,1.2190769846573473,1.1996519391402602,0.006273746490478294
2021-02-25,1.2171372175216677,1.224155068397522,1.2156577110290527,1.2169506549835205,0,1.2112744791167123,1.2121826051795492,0.0015822117375803302,0.0040823949519843954,74.29526534933144,1.2096959590911864,0.005155447402813648,1.2200068538968136,1.1993850642855592,0.008497357368469238
2021-02-26,1.2160420417785645,1.2182493209838867,1.2091752290725708,1.216012477874756,0,1.21207195520401,1.2126971967260847,-0.0008997964463968167,0.003818583205869553,65.9466583121629,1.2098978757858276,0.005326822764310516,1.2205515213144487,1.1992442302572066,0.009074091911315918
2021-03-01,1.208956003189087,1.2101556062698364,1.2029930353164673,1.2090904712677002,0,1.2123288427080428,1.2121983709211517,-0.005827132900038223,0.0034338785478348157,54.32157478420049,1.2097263872623443,0.005297641463170733,1.2203216701886856,1.199131104336003,0.007162570953369141
2021-03-02,1.2051095962524414,1.2080358266830444,1.1994003057479858,1.204906344413757,0,1.2118367212159293,1.2112532009653236,-0.0031815938102786046,0.0039409890761788,41.12536430613713,1.2096383929252625,0.005361819671174718,1.220362032267612,1.198914753582913,0.008635520935058594
2021-03-03,1.208546757698059,1.2110495567321775,1.204470992088318,1.208503007888794,0,1.2115814004625594,1.2108923418630217,0.0028521567302313144,0.004035786038969016,45.75798816735478,1.209870457649231,0.005198588863509444,1.2202676353762498,1.199473279922212,0.006578564643859419
2021-03-04,1.2050660848617554,1.2064006328582764,1.2025011777877808,1.204833745956421,0,1.2110039336340768,1.2101155075961862,-0.0028800481356082708,0.004359399493089553,40.93322851825696,1.2099118173122405,0.005154530182080427,1.2202208776764014,1.1996027569480796,0.0038994550704956055
2021-03-05,1.1967735290527344,1.196859359741211,1.1897962093353271,1.196859359741211,0,1.2099013754299708,1.208336577123726,-0.006881411661313397,0.0057585337846155545,35.139179954964916,1.2099168360233308,0.005140993027709779,1.2201988220787503,1.1996348499679113,0.007063150405883789
2021-03-08,1.1925631761550903,1.1932177543640137,1.184834122657776,1.1924636363983154,0,1.2084259135382516,1.2062334569945747,-0.0035180865848333243,0.0072865190340707185,31.267256644821913,1.2093011260032653,0.006367424330283123,1.2220359746638316,1.196566277342699,0.008383631706237571
2021-03-09,1.185171127319336,1.191599726676941,1.1836141347885132,1.18519926071167,0,1.2067061151776994,1.2034251463712096,-0.006198454709617107,0.009563208912039973,29.440673618378085,1.2082917034626006,0.008324599307548752,1.224940902077698,1.1916425048475032,0.007985591888427734
2021-03-10,1.1897906064987185,1.1925063133239746,1.187000036239624,1.189668893814087,0,1.2056339808872767,1.2016072077215443,0.0038977317898649666,0.010580551633805639,37.22063665409522,1.207181268930435,0.009235410001340242,1.2256520889331155,1.1887104489277547,0.005506277084350586
2021-03-11,1.1926058530807495,1.1977769136428833,1.1917104721069336,1.1927480697631836,0,1.2044494152069092,1.2004070271027716,0.002366169783703187,0.011068905389787007,35.491642228127446,1.2062054991722106,0.009705017636317589,1.2256155344448458,1.1867954638995755,0.006066441535949707
2021-03-12,1.1986095905303955,1.199040770530701,1.191057562828064,1.198164463043213,0,1.2034475547926766,1.2001673688931214,0.00503413381222062,0.0109045010494688,38.2550295373645,1.205478447675705,0.009702010155029516,1.224882467985764,1.186074427365646,0.00798320770263694
2021-03-15,1.1950000524520874,1.1965444087982178,1.1911852359771729,1.1951143741607666,0,1.2018990090915136,1.1994783933676503,-0.0030114376748069382,0.010408963523996602,31.71307562051794,1.2046179831027986,0.009835849672005684,1.22428968244681,1.1849462837587872,0.005359172821044922
2021-03-16,1.1925773620605469,1.1953001022338867,1.188438892364502,1.192733883857727,0,1.2002820713179452,1.1985582558600365,-0.0020273558871979347,0.00992856407818854,31.208958236851927,1.2035858690738679,0.009967889650390457,1.2235216483746487,1.183650089773087,0.006861209869384766
2021-03-17,1.190164566040039,1.1917999982833862,1.1887637376785278,1.1902097463607788,0,1.1983554533549718,1.1974390972173703,-0.002023177780549945,0.008977728705212469,27.790745383194263,1.2026316821575165,0.010305022806518096,1.2232417277705527,1.1820216365444802,0.0030362606048583984
2021-03-18,1.1982792615890503,1.1990997791290283,1.1910150051116943,1.198063850402832,0,1.197086683341435,1.1975511191335944,0.006818129005479179,0.007402954074688428,36.88966394672983,1.2023056209087373,0.010335910672845127,1.2229774422544275,1.181633799563047,0.008084774017333984
2021-03-19,1.1918240785598757,1.1937447786331177,1.1874933242797852,1.191767334938049,0,1.1958629744393485,1.1967875137237654,-0.005387043935496605,0.006669668681528468,37.236425385581526,1.2014373362064361,0.010455879127477764,1.2223490944613917,1.1805255779514805,0.0062514543533325195
2021-03-22,1.1883116960525513,1.1937447786331177,1.1876062154769895,1.188452959060669,0,1.1946631244250707,1.1956574047009367,-0.002947064563059154,0.006383060959129899,37.42268096447743,1.2002211391925812,0.01049932468632727,1.2212197885652358,1.1792224898199266,0.006138563156128152
2021-03-23,1.193303108215332,1.1943150758743286,1.186436653137207,1.1933317184448242,0,1.1935742923191615,1.1953434985028561,0.00420042332273729,0.004978118813425159,38.84602166369804,1.1990523099899293,0.009851883356318404,1.218756076702566,1.1793485432772925,0.007878422737121582
2021-03-24,1.1840205192565918,1.1851149797439575,1.1813349723815918,1.184118628501892,0,1.1920710376330785,1.1938337679366875,-0.007778902857818792,0.004382992556368591,35.80586183663591,1.1974926114082336,0.00962512598833905,1.2167428633849118,1.1782423594315554,0.0037800073623657227
2021-03-25,1.1813069581985474,1.1830118894577026,1.1775233745574951,1.181376814842224,0,1.190966282572065,1.1921635266382689,-0.002291819283459895,0.005010783117304784,38.719706757412354,1.1957010984420777,0.009096246773288462,1.2138935919886547,1.1775086048955008,0.0054885149002075195
2021-03-26,1.1776621341705322,1.1804006099700928,1.1772600412368774,1.1776067018508911,0,1.189901922430311,1.1902300076425707,-0.0030854165403151335,0.006107961621763832,39.041769601801015,1.193782103061676,0.00861483357392604,1.211011770209528,1.176552435913824,0.003140568733215332
2021-03-29,1.1788004636764526,1.179356575012207,1.1761800050735474,1.1787601709365845,0,1.1894468750272478,1.1887060684470883,0.0009666010928697233,0.006696477532044714,44.840436932666265,1.1922743260860442,0.008456782510131577,1.2091878911063074,1.175360761065781,0.003176569938659668
2021-03-30,1.177100658416748,1.1775789260864258,1.1713168621063232,1.1769136190414429,0,1.18854045016425,1.187158680443043,-0.00144197878443586,0.007461516530740094,39.21230829099007,1.1908738791942597,0.008538141170835695,1.2079501615359312,1.1737975968525882,0.006262063980102539
2021-03-31,1.1723604202270508,1.1758618354797363,1.1704530715942385,1.172333002090454,0,1.1870943478175573,1.1851855790809107,-0.004027045738019597,0.008502279676815437,33.334837961372926,1.1890645623207092,0.008429404098784139,1.2059233705182775,1.172205754123141,0.005408763885497825
2021-04-01,1.1728830337524414,1.1775789260864258,1.1714814901351929,1.1728966236114502,0,1.185256736619132,1.1835452397037816,0.0004457788887903824,0.008601605843034241,26.72253861420313,1.1874554097652434,0.00828457005837432,1.2040245498819921,1.1708862696484947,0.00609743595123291
2021-04-02,1.177994966506958,1.1787004470825195,1.1751433610916138,1.177773118019104,0,1.1840420876230513,1.1828052032775385,0.0043584335414605935,0.008315809739913919,35.02099071116403,1.1865164816379548,0.008236915745635138,1.202990313129225,1.1700426501466845,0.0035570859909057617
2021-04-05,1.176816701889038,1.1816140413284302,1.1739431619644165,1.1766366958618164,0,1.182916326182229,1.1820067364257383,-0.0010002289071011639,0.008136326599671364,35.80597091839803,1.185729157924652,0.00837984574351331,1.2024888494116788,1.1689694664376253,0.007670879364013672
2021-04-06,1.1818934679031372,1.1855363845825195,1.1796486377716064,1.181907296180725,0,1.1823255334581648,1.181991633956058,0.004313981953136592,0.007865309864296618,42.8921202038228,1.1855652749538421,0.008423271168047447,1.202411817289937,1.1687187326177473,0.005887746810913086
2021-04-07,1.1874228715896606,1.1914690732955933,1.1865352392196655,1.187549710273743,0,1.181550077029637,1.182715798973872,0.004678428163524373,0.0066057262323345614,40.23658616076024,1.1854468882083893,0.008377273065942737,1.2022014343402747,1.1686923420765039,0.004933834075927734
2021-04-08,1.1873664855957031,1.1914832592010498,1.1861833333969116,1.187197208404541,0,1.181231677532196,1.1833358905234495,-4.7486026508836154e-05,0.006165158014942095,45.46978849401613,1.1851849198341369,0.008222104045960946,1.2016291279260587,1.168740711742215,0.005299925804138184
2021-04-09,1.1915684938430786,1.1923214197158811,1.186859130859375,1.1915684938430786,0,1.1814643059458052,1.1844335709660667,0.003538931154240421,0.006504937408984977,53.26410062796899,1.184832864999771,0.007754476756606214,1.2003418185129835,1.1693239114865586,0.005462288856506126
2021-04-12,1.1900511980056765,1.1920371055603027,1.1873382329940796,1.1896406412124634,0,1.1812320266451155,1.1851825879046816,-0.0012733601511303316,0.006094807775564645,46.49684473313168,1.1845854222774506,0.007487326225940818,1.1995600747293322,1.1696107698255689,0.0046988725662231445
2021-04-13,1.1914690732955933,1.1953144073486328,1.1884304285049438,1.191213607788086,0,1.1817640662193298,1.186020785956803,0.0011914405802817551,0.006656202262288657,59.661074603788286,1.184530007839203,0.007428937591052033,1.199387883021307,1.169672132657099,0.006883978843688965
2021-04-14,1.1954143047332764,1.198193073272705,1.1951857805252075,1.1957430839538574,0,1.1827717338289534,1.1872732551269993,0.0033112327681075193,0.007584751498483061,67.73127324269514,1.1847924947738648,0.007725333737793583,1.200243162249452,1.1693418272982776,0.0030072927474975586
2021-04-15,1.1986095905303955,1.199313998222351,1.1957861185073853,1.1982362270355225,0,1.1842679807118006,1.1887847665141187,0.002672952619411806,0.008509076822215167,76.62940691528084,1.184809011220932,0.007755977816813024,1.200320966854558,1.169297055587306,0.0035278797149658203
2021-04-16,1.1971746683120728,1.199472188949585,1.1950900554656982,1.197074294090271,0,1.1855804239000594,1.1899034200871792,-0.0011971556290383267,0.009003549690274584,73.18334416287658,1.185076540708542,0.008095533242064233,1.2012676071926705,1.1688854742244135,0.004382133483886719
2021-04-19,1.1969454288482666,1.2048193216323853,1.1943435668945312,1.1968307495117188,0,1.1869979075023107,1.1908423545886577,-0.00019148372403277047,0.009127128074178115,76.00378645872416,1.1855082273483277,0.008497345466203022,1.2025029182807339,1.1685135364159216,0.010475754737854004
2021-04-20,1.204529047012329,1.2081671953201294,1.2028772830963137,1.2043839693069458,0,1.189295666558402,1.192667246911814,0.006335809454036445,0.009207551811672664,89.22922602779597,1.1860695242881776,0.009365735555270803,1.204800995398719,1.167338053177636,0.005289912223815696
2021-04-21,1.2032392024993896,1.204529047012329,1.2000004053115845,1.2032536268234253,0,1.1914639643260412,1.1940768409901574,-0.0010708288987623105,0.008599434689499131,86.33896157271084,1.1870304584503173,0.010101470935910373,1.207233400322138,1.1668275165784965,0.004528641700744629
2021-04-22,1.2037750482559204,1.2070006132125854,1.2003936767578125,1.203818440437317,0,1.1933053987366813,1.195369935292259,0.0004453360191536415,0.008246351903734295,84.65811294629019,1.188153862953186,0.010665084857649457,1.209484032668485,1.166823693237887,0.006606936454772949
2021-04-23,1.2014753818511963,1.2077994346618652,1.2013888359069824,1.2017930746078491,0,1.1950667330196925,1.1961839948334507,-0.0019103788602828908,0.006991585482837474,82.18023870863396,1.1893445253372192,0.010760966548357929,1.210866458433935,1.1678225922405034,0.0064105987548828125
2021-04-26,1.2089852094650269,1.2118273973464966,1.2063744068145752,1.208956003189087,0,1.1970018574169703,1.1978908234509942,0.006250504777101318,0.00681193895923697,83.24429647226826,1.190853762626648,0.011307177303374381,1.2134681172333968,1.1682394080198992,0.005452990531921387
2021-04-27,1.2081671953201294,1.209189772605896,1.2057925462722778,1.2079205513000488,0,1.1984835948262895,1.199261006366879,-0.0006766122021124588,0.006824181108981101,78.78352807293838,1.192407089471817,0.01145136972568848,1.215309828923194,1.16950435002044,0.003397226333618164
2021-04-28,1.2090305089950562,1.210214138031006,1.205763578414917,1.2088537216186523,0,1.2000310250691004,1.2005636067173024,0.000714564737621437,0.006560526112554876,79.4012677437207,1.1942405939102172,0.01099946855562577,1.2162395310214686,1.1722416567989657,0.004450559616089089
2021-04-29,1.213592290878296,1.215214490890503,1.2104192972183228,1.2135775089263916,0,1.201604153428759,1.202300764605435,0.0037730907940705105,0.007000954732960378,79.6004755328118,1.19627605676651,0.010598556208729118,1.2174731691839682,1.175078944349052,0.004795193672180176
2021-04-30,1.2127091884613037,1.2128562927246094,1.2024723291397097,1.2124886512756348,0,1.2032225813184465,1.2036885544528841,-0.0007276763569032951,0.006738833918970836,80.98099109701343,1.1980117678642273,0.010285027892928456,1.218581823650084,1.1774417120783705,0.01038396358489968
2021-05-03,1.2027760744094849,1.2077994346618652,1.201489806175232,1.202645778656006,0,1.204030224255153,1.2035668904470977,-0.008190845873297992,0.0058393681930933635,62.540258394106544,1.1993097364902496,0.00903102115951872,1.217371778809287,1.1812476941712122,0.006309628486633301
2021-05-04,1.2061271667480469,1.2063002586364746,1.200004816055298,1.2059816122055054,0,1.2047954286847795,1.2039082606205578,0.002786131525111424,0.005300525668938593,62.039989496192376,1.200521421432495,0.008154478447699919,1.2168303783278949,1.1842124645370953,0.006295442581176536
2021-05-05,1.2015043497085571,1.2029350996017456,1.198724627494812,1.2016342878341677,0,1.2050021971975053,1.2035877391656244,-0.0038327774773150303,0.005093060911879785,53.152219911572196,1.20122549533844,0.007549467025580003,1.2163244293896,1.18612656128728,0.004210472106933594
2021-05-06,1.2007973194122314,1.2070006132125854,1.1994003057479858,1.2009127140045166,0,1.205260957990374,1.2032156831985055,-0.0005884542128350434,0.004744907322944941,54.008394294412334,1.2018970370292663,0.006813247211596573,1.2155235314524595,1.1882705426060731,0.007600307464599609
2021-05-07,1.2068549394607544,1.2165449857711792,1.205342173576355,1.2065927982330322,0,1.20596878017698,1.2037009173668054,0.005044664866080906,0.004104992008688209,59.71202848871037,1.20266135931015,0.0064408426833040605,1.215543044676758,1.189779673943542,0.011202812194824219
2021-05-10,1.2171076536178589,1.217730164527893,1.2137395143508911,1.2167521715164185,0,1.206867252077375,1.2054884822002794,0.008495398926473774,0.005036502277248223,61.71502545803366,1.2040141820907593,0.00649405110987529,1.21700228431051,1.1910260798710086,0.003990650177001953
2021-05-11,1.2140932083129885,1.217967510223389,1.2125474214553833,1.214211106300354,0,1.2076425382069178,1.2066357790153073,-0.0024767285752496093,0.005265266134517513,59.79419813431575,1.2051453888416293,0.006155424382211546,1.2174562376060523,1.1928345400772062,0.005420088768005593
2021-05-12,1.2144500017166138,1.2150667905807495,1.2068113088607788,1.214550256729126,0,1.2084050348826818,1.2076776753754817,0.0002938764513154002,0.005432408599265944,59.663856477464606,1.206097173690796,0.0060422184494421565,1.2181816105896803,1.1940127367919116,0.008255481719970703
2021-05-13,1.2078505754470823,1.2106537818908691,1.205312967300415,1.2076857089996338,0,1.2088604058538164,1.2077007287183619,-0.005434086426121532,0.005061377719796941,55.3545074622082,1.2065592229366302,0.005787465575881833,1.2181341540883939,1.1949842917848665,0.0053408145904541016
2021-05-14,1.207729458808899,1.2147716283798218,1.2071462869644165,1.2080212831497192,0,1.2087707093783788,1.2077045593971,-0.00010027452124083958,0.005070115355697943,48.79584455489457,1.2070869624614715,0.0053514867802380225,1.2177899360219475,1.1963839889009955,0.0076253414154052734
2021-05-17,1.2150373458862305,1.2169995307922363,1.2127532958984375,1.2147568464279177,0,1.2092614344188146,1.2086822642623174,0.006050930549080791,0.0053328737767936755,55.85867848073475,1.2079915583133698,0.0050685917482061705,1.2181287418097821,1.1978543748169574,0.004246234893798828
2021-05-18,1.215687274932861,1.2232415676116943,1.2154065370559692,1.215524673461914,0,1.2097369177000863,1.2096162656850564,0.0005349045844813549,0.005600734664719209,55.69744497023779,1.2085494697093961,0.0052772181225730535,1.2191039059545423,1.19799503346425,0.007835030555725098
2021-05-19,1.2223997116088867,1.2247997522354126,1.2191851139068604,1.2226433753967283,0,1.2103660191808427,1.2113207251415672,0.00552151594775574,0.006490991746021033,57.270505064023645,1.2095074951648712,0.005957770682134127,1.2214230365291394,1.197591953800603,0.005614638328552246
2021-05-20,1.217285394668579,1.2229005098342896,1.2170928716659546,1.217285394668579,0,1.210692891052791,1.2121160144118355,-0.004183833562572015,0.006728928030891176,53.53098302390783,1.2101830124855042,0.006038969494843654,1.2222609514751914,1.198105073495817,0.005807638168334961
2021-05-21,1.222538709640503,1.2242000102996826,1.2173744440078735,1.2227928638458252,0,1.2121045078550066,1.2135057071089912,0.004315598457791392,0.007007525109507751,66.43573367490808,1.2112361788749695,0.006272626960297309,1.223781432795564,1.198690924954375,0.006825566291809082
2021-05-24,1.2183235883712769,1.222942352294922,1.217581868171692,1.2181158065795898,0,1.2129756808280945,1.214148091277296,-0.003447842784843669,0.006965262538302946,59.99953086424587,1.211703097820282,0.00644154024868008,1.2245861783176422,1.198820017322922,0.0053604841232302025
2021-05-25,1.2214635610580444,1.2267003059387207,1.2212398052215576,1.2214486598968506,0,1.2144013387816293,1.2151234872480625,0.0025772895778577443,0.006461073581275691,66.771847577834,1.2123679161071776,0.006736779426423017,1.2258414749600237,1.1988943572543316,0.005460500717163086
2021-05-26,1.2249093055725098,1.2265002727508545,1.2200031280517578,1.2248897552490234,0,1.2161236235073634,1.2164282630246557,0.0028209965686414318,0.005727876847213019,69.36990772130238,1.2131618559360504,0.007239660860830384,1.2276411776577112,1.1986825342143896,0.00649714469909668
2021-05-27,1.21925950050354,1.221699357032776,1.2175670862197876,1.2190364599227903,0,1.2170096635818481,1.2168057613551735,-0.004612427257485008,0.005109912942867429,60.03069252910689,1.2134452164173126,0.0073671791002285925,1.2281795746177697,1.1987108582168555,0.004132270812988503
2021-05-28,1.2193188667297363,1.2201074361801147,1.2133419513702393,1.2192742824554443,0,1.2171676073755537,1.217140842071782,4.869039459753921e-05,0.005147212116441665,52.141002112261525,1.2137757003307343,0.00747981448018618,1.2287353292911067,1.198816071370362,0.006765484809875488
2021-05-31,1.2190067768096924,1.22339129447937,1.2184126377105713,1.2190067768096924,0,1.2175185765538896,1.2173896333701701,-0.00025595431068903274,0.005088640493559025,55.02026717594421,1.2145872354507445,0.007094124604588531,1.2287754846599217,1.2003989862415674,0.004978656768798606
2021-06-01,1.223286509513855,1.2254151105880735,1.2214635610580444,1.223406195640564,0,1.218149755682264,1.2181758835226615,0.0035108358588156197,0.0052249467185675235,58.35836580789492,1.215445202589035,0.007054628673752754,1.2295544599365404,1.2013359452415295,0.003951549530029075
2021-06-02,1.2217769622802734,1.222942352294922,1.2165746688842771,1.221806883811951,0,1.2191444975989205,1.2186560273570097,-0.0012340095487372027,0.004368869244760932,64.57638242494298,1.216458833217621,0.006369263319768713,1.2291973598571584,1.2037203065780835,0.006367683410644975
2021-06-03,1.220986247062683,1.2215979099273682,1.2120903730392456,1.2211503982543943,0,1.2200914110456194,1.2189667233177661,-0.0006471845860595016,0.002891195383117129,63.68372610399071,1.2174682796001435,0.005259665843692305,1.227987611287528,1.2069489479127589,0.009507536888122559
2021-06-04,1.213300704956055,1.218769073486328,1.210551142692566,1.213029861450195,0,1.2199673652648926,1.2182112542028714,-0.006294536179352717,0.0031503581144801964,48.221297544394524,1.2177905678749084,0.004747663723611442,1.2272858953221313,1.2082952404276854,0.008217930793761985
2021-06-07,1.2168411016464231,1.220199704170227,1.2145060300827026,1.2165746688842771,0,1.2200497814587183,1.2180285671953448,0.002917987829320845,0.0030430385649225316,51.11571172010265,1.2177772402763367,0.0047500552215975905,1.2272773507195318,1.2082771298331416,0.005693674087524414
2021-06-08,1.2193634510040283,1.219660997390747,1.216663479804993,1.2189621925354004,0,1.2198329057012285,1.2182065517031693,0.0020728666661509187,0.0029699970818766555,46.80514788891394,1.2180407524108885,0.00468060200593252,1.2274019564227536,1.2086795483990234,0.0029975175857541725
2021-06-09,1.217285394668579,1.221899390220642,1.2171818017959597,1.2171818017959597,0,1.2198329057012285,1.218083730765224,-0.0017042140583581888,0.0029699970818766555,50.0,1.2181825220584868,0.004608503408926626,1.22739952887634,1.2089655152406336,0.004717588424682395
2021-06-10,1.218200445175171,1.2192147970199585,1.2145354747772217,1.217730164527893,0,1.2195230296679906,1.2180992926865502,0.0007517140274577727,0.0028912427842913225,44.596552911969724,1.2187000155448913,0.0039163824608905344,1.2265327804666724,1.2108672506231102,0.004679322242736816
2021-06-11,1.2172558307647705,1.2195003032684326,1.2094998359680176,1.2173150777816772,0,1.2194467612675257,1.2179868310969795,-0.0007754178831091973,0.0029390055640024304,48.55211387817517,1.219176334142685,0.002979031514019179,1.2251343971707231,1.2132182711146466,0.010000467300415039
2021-06-14,1.2110203504562378,1.2131506204605105,1.2095261812210083,1.2110790014266968,0,1.2187008176531111,1.2170579670115473,-0.005122571731379644,0.0036314615586060463,36.935695538057594,1.2189754843711853,0.0033810616517142822,1.2257376076746138,1.2122133610677568,0.003624439239502175
2021-06-15,1.212224006652832,1.2149192094802856,1.2102874517440796,1.212415099143982,0,1.217794724873134,1.2164134389637187,0.000993919050279235,0.0035447400945874245,33.18777016608084,1.2188023209571839,0.003637309580281403,1.2260769401177467,1.211527701796621,0.004631757736206055
2021-06-16,1.2127091884613037,1.2134994268417358,1.2110350131988523,1.2125474214553833,0,1.2173268454415458,1.2159195388967299,0.0004002410493513242,0.0037621569822669514,39.941716578558,1.2183177947998047,0.0037756848862232255,1.2258691645722513,1.2107664250273582,0.002464413642883523
2021-06-17,1.1995586156845093,1.2007685899734497,1.19070303440094,1.199184536933899,0,1.2159153989383154,1.2137380824684338,-0.010843962346389069,0.005999044986273682,28.35820505790325,1.2174314558506012,0.005647491978197607,1.2287264398069964,1.206136471894206,0.010065555572509766
2021-06-18,1.1913414001464844,1.1927480697631836,1.1851149797439575,1.1913270950317385,0,1.213939300605229,1.2107518581588408,-0.006850199257112499,0.008803436062060698,24.172561309478553,1.2158715903759003,0.007986608879929849,1.23184480813576,1.1998983726160406,0.007633090019226074
2021-06-21,1.1873664855957031,1.1920514106750488,1.1848762035369873,1.186901330947876,0,1.2113735846110754,1.207633808483756,-0.0033365033317003245,0.010863098891186683,16.274363640840434,1.2143237352371217,0.010183950480422732,1.2346916361979672,1.1939558342762762,0.0071752071380615234
2021-06-22,1.1912561655044556,1.1917530298233032,1.1882412433624268,1.1911568641662598,0,1.2091935276985168,1.2054501227531826,0.003275888241700775,0.011648813535990734,22.56973089029671,1.2128133654594422,0.011253199366538305,1.2353197641925189,1.1903069667263655,0.003511786460876465
2021-06-23,1.1936734914779663,1.1969999074935913,1.1915826797485352,1.1937447786331177,0,1.2072426165853227,1.2038799052498204,0.0020292243125450415,0.011807923266358458,26.150246079794613,1.211251574754715,0.011646762885202621,1.2345451005251202,1.1879580489843098,0.005417227745056152
2021-06-24,1.193317413330078,1.1956716775894165,1.191994547843933,1.1931607723236084,0,1.2058152386120387,1.2024715729938549,-0.00029830447809264804,0.01221990436487315,29.98892199556836,1.2099544703960419,0.012142037254793375,1.2342385449056286,1.1856703958864552,0.0036771297454833984
2021-06-25,1.1930327415466309,1.1974470615386963,1.1927907466888428,1.1927907466888428,0,1.2041146414620536,1.201213062134225,-0.00023855495634861335,0.012224102802279466,24.495513833941985,1.2086401641368867,0.012492644730611884,1.2336254535981104,1.183654874675663,0.004656314849853516
2021-06-28,1.1942152976989746,1.1946003437042236,1.1904619932174685,1.1942152976989746,0,1.2023183447974068,1.2002800268761915,0.0009912185233162951,0.011644973269307062,22.26411919073989,1.2074005901813507,0.0126389883767383,1.2326785669348272,1.1821226134278742,0.004138350486755149
2021-06-29,1.1928904056549072,1.1930327415466309,1.1880435943603516,1.1930327415466309,0,1.2005758455821447,1.199294744046687,-0.0011094247801214374,0.011042698378334338,22.64024814161185,1.2058807849884032,0.012454387056314976,1.2307895591010332,1.1809720108757733,0.004989147186279297
2021-06-30,1.1901928186416626,1.191043257713318,1.1845815181732178,1.18999445438385,0,1.198575300829751,1.1980811539926837,-0.002261387132008741,0.010100973542253543,19.79621168684581,1.2043015778064727,0.012334524314328176,1.228970626435129,1.1796325291778165,0.00646173954010032
2021-07-01,1.1856770515441897,1.188399314880371,1.1838102340698242,1.1855363845825195,0,1.1963196737425668,1.1964272736662178,-0.003794147491686828,0.00908319814359793,18.380481749385368,1.202536118030548,0.012347655087529994,1.227231428205608,1.177840807855488,0.004589080810546875
2021-07-02,1.1846235990524292,1.1860989332199097,1.1819353103637695,1.184707760810852,0,1.1944341914994376,1.1948534503843793,-0.0008884818090967306,0.008519100765002494,20.50876351819295,1.201102262735367,0.012692082740134124,1.2264864282156351,1.1757180972550987,0.004163622856140137
2021-07-05,1.1856207847595217,1.1882002353668213,1.1852006912231443,1.1855926513671875,0,1.1925339613642012,1.193622428301065,0.0008417743052646642,0.007093455180715719,20.14033097129196,1.1995412468910218,0.0125738241515507,1.2246888951941233,1.1743935985879204,0.00299954414367698
2021-07-06,1.186380386352539,1.1896264553070068,1.1814996004104614,1.1861495971679688,0,1.1906533326421465,1.1926568227079282,0.0006406783710117825,0.004255624140721349,20.629272055107847,1.1978920936584472,0.011986427343180946,1.221864948344809,1.1739192389720854,0.00812685489654541
2021-07-07,1.1824523210525513,1.1841325759887695,1.1782448291778564,1.1820330619812012,0,1.1894314544541496,1.1912962224872112,-0.0033109661497897624,0.003946615838450711,25.97362587316576,1.196150439977646,0.011542675216204815,1.2192357904100555,1.1730650895452364,0.005887746810913086
2021-07-08,1.17933988571167,1.186633825302124,1.1784253120422363,1.179356575012207,0,1.1885742034230913,1.1897020442504724,-0.0026321867575267444,0.004726265821531179,30.321652515206964,1.1942074120044708,0.010887749086440976,1.2159829101773527,1.1724319138315888,0.008208513259887695
2021-07-09,1.184800386428833,1.1874650716781616,1.1825222969055176,1.1846938133239746,0,1.1883909106254578,1.189048489874254,0.0046301331645948185,0.004825424786923485,45.98793734576875,1.192584639787674,0.009616086447349431,1.211816812682373,1.1733524668929751,0.004942774772644043
2021-07-12,1.187295913696289,1.1882128715515137,1.183670163154602,1.1873664855957031,0,1.188108035496303,1.1888148130505254,0.0021062849877842016,0.004760175278583387,43.52596357343582,1.1913984179496766,0.008635502007566178,1.2086694219648089,1.1741274139345443,0.004542708396911621
2021-07-13,1.186521053314209,1.1877895593643188,1.1793426275253296,1.1864930391311646,0,1.1875971470560347,1.1885089784190166,-0.0006526261676987888,0.004493247986288674,37.64400126857035,1.1901132702827453,0.007159526057413429,1.2044323223975721,1.1757942181679184,0.008446931838989258
2021-07-14,1.1775373220443726,1.1828006505966189,1.1772600412368774,1.177440166473389,0,1.1864699976784843,1.1870460909023974,-0.007571489140241527,0.004908021064548575,28.999546272293912,1.188354676961899,0.005427238322468157,1.1992091536068352,1.1775002003169626,0.005540609359741433
2021-07-15,1.1833338737487793,1.1851149797439575,1.1805957555770874,1.1833338737487793,0,1.185777221407209,1.1865511286152484,0.0049226055054825135,0.004584247616866314,38.74389879470067,1.1875434398651123,0.004845842004013047,1.1972351238731385,1.1778517558570862,0.004519224166870117
2021-07-16,1.1811814308166504,1.182300090789795,1.1793996095657349,1.1813069581985474,0,1.1848462309156145,1.1858351689087687,-0.001818965027435615,0.004028599625715997,35.206472912269305,1.1870354413986206,0.0049579862095303255,1.1969514138176813,1.1771194689795599,0.0029004812240600586
2021-07-19,1.1814005374908447,1.1823265552520752,1.176429033279419,1.1811535358428955,0,1.184025526046753,1.1852438847197122,0.00018549789937249983,0.003382298484219096,36.62314302844581,1.1867371439933776,0.005114035602730573,1.1969652151988388,1.1765090727879164,0.00589752197265625
2021-07-20,1.1793843507766724,1.1804006099700928,1.175709843635559,1.1792453527450562,0,1.183253492627825,1.1844626135273069,-0.0017066072430054202,0.0030869423633423237,37.21357897943297,1.1861435532569886,0.005249104465963868,1.1966417621889163,1.175645344325061,0.004690766334533691
2021-07-21,1.1784114837646484,1.1802752017974854,1.175364375114441,1.178550362586975,0,1.182734523500715,1.1836557962256191,-0.000824893946899663,0.0032543530333202977,40.618419594369705,1.1853804528713225,0.005206005344276196,1.195792463559875,1.1749684421827702,0.004910826683044434
2021-07-22,1.179273009300232,1.1829839944839478,1.1766643524169922,1.179523468017578,0,1.1823523385184151,1.1830714246355676,0.0007310905803727952,0.0033287689653589544,43.056698574955604,1.1846782326698304,0.005023055280512255,1.194724343230855,1.1746321221088059,0.006319642066955566
2021-07-23,1.177273869514465,1.178550362586975,1.1755993366241455,1.1773570775985718,0,1.1817561302866255,1.1822984172860873,-0.0016952306802587858,0.0034438433777428915,39.44298194033531,1.1838902890682221,0.004877446891713632,1.1936451828516494,1.1741353952847948,0.00295102596282959
2021-07-26,1.177343249320984,1.1817537546157837,1.1764568090438845,1.1773016452789309,0,1.1811106204986572,1.1816377282240735,5.8932597007066434e-05,0.0033562451269720686,38.36689346996823,1.1830466866493226,0.00443683683466639,1.1919203603186552,1.1741730129799899,0.005296945571899192
2021-07-27,1.1807769536972046,1.183712124824524,1.1771769523620603,1.1806375980377195,0,1.1809909514018468,1.1815229582871576,0.0029164853819825254,0.0033345238506827858,47.81557170657103,1.1824410140514374,0.003804021409176882,1.1900490568697912,1.1748329712330836,0.006535172462463601
2021-07-28,1.1823126077651978,1.1830118894577026,1.1785781383514404,1.1822398900985718,0,1.1812032886913844,1.1816282448842297,0.0013005454274701567,0.003315896200079865,54.04219037214017,1.182047003507614,0.0033384689710647592,1.1887239414497435,1.1753700655654846,0.004433751106262207
2021-07-29,1.1845955848693848,1.189202070236206,1.184174656867981,1.1846797466278076,0,1.1811886600085668,1.1820238902155835,0.001930942027677629,0.003299216039462633,49.695178208967945,1.1819929301738739,0.0032849070005722698,1.1885627441750184,1.1754231161727293,0.005027413368225098
2021-07-30,1.189299702644348,1.1911001205444336,1.1855504512786863,1.189202070236206,0,1.181331787790571,1.1829939985394187,0.003971074884161263,0.0036130789271664036,52.79841241829815,1.18222673535347,0.003630259335323194,1.1894872540241164,1.1749662166828234,0.005549669265747292
2021-08-02,1.186704158782959,1.1898996829986572,1.1859582662582395,1.1865352392196655,0,1.1813448667526245,1.1834886865718908,-0.002182413613337264,0.003633581724337347,50.243342923410346,1.1822809040546418,0.003691141160191992,1.1896631863750258,1.1748986217342579,0.0039414167404177025
2021-08-03,1.1874650716781616,1.1895995140075684,1.185564637184143,1.1874933242797852,0,1.1820539917264665,1.1840188712527269,0.000641198473579907,0.0037983539587013487,66.88386463714288,1.1823351383209229,0.0037618371068430414,1.189858812534609,1.1748114641072367,0.004034876823425293
2021-08-04,1.1869436502456665,1.190199851989746,1.18343186378479,1.186915397644043,0,1.1823118329048157,1.1844088417851188,-0.0004391046481545535,0.004008618789178201,57.48140827671402,1.1825597047805787,0.0039006949341844135,1.1903610946489476,1.1747583149122098,0.006767988204956055
2021-08-05,1.1837401390075684,1.1859005689620972,1.1829839944839478,1.1839923858642578,0,1.1824945977755956,1.184319681414779,-0.0026989581497277593,0.00401144446677964,55.081631879995456,1.1827797174453736,0.003833035605421854,1.1904457886562172,1.17511364623453,0.002916574478149414
2021-08-06,1.1835720539093018,1.1835720539093018,1.1756407022476196,1.183319926261902,0,1.1826497060911996,1.184219997747382,-0.00014199493007605035,0.004007867750679348,54.32142111556054,1.1827183008193969,0.0038087180533518017,1.1903357369261005,1.1751008647126933,0.007931351661682129
2021-08-09,1.1749500036239624,1.177163004875183,1.1741775274276731,1.1750881671905518,0,1.1823329670088631,1.182983998530926,-0.007284770079574732,0.004437925645857835,43.01257053550631,1.1821010053157806,0.004022248375426777,1.190145502066634,1.174056508564927,0.0029854774475099877
2021-08-10,1.17384672164917,1.174399495124817,1.171069860458374,1.173900485038757,0,1.1820069125720434,1.181765694946692,-0.0009390033374948592,0.004892595355193465,42.83651111975815,1.1814672887325286,0.004279421986680119,1.1900261327058888,1.1729084447591684,0.003329634666442871
2021-08-11,1.172333002090454,1.1746878623962402,1.1706448793411257,1.1719757318496704,0,1.1815111977713448,1.18050800256586,-0.0012895376634771694,0.00550424600887576,39.32749878090363,1.1812070727348327,0.004671255355007114,1.190549583444847,1.1718645620248185,0.004042983055114524
2021-08-12,1.1741899251937866,1.175100564956665,1.1725116968154907,1.1742050647735596,0,1.1812909160341536,1.1796655922495836,0.0015839553267043005,0.00574338521476204,45.2366046768554,1.180749875307083,0.004894295242761488,1.1905384657926061,1.17096128482156,0.0025888681411743164
2021-08-13,1.173626184463501,1.1803003549575806,1.173103094100952,1.1736124753952026,0,1.1810254114014762,1.1788603378781057,-0.00048011034517492224,0.006019208343418203,44.345059975262245,1.1803721129894256,0.005144414632176581,1.1906609422537788,1.1700832837250723,0.00719726085662864
2021-08-16,1.179467797279358,1.18035888671875,1.1768028736114502,1.179634690284729,0,1.1809319002287728,1.1789413324649394,0.004977404980553768,0.0060335173300100015,48.144280422851246,1.1802754759788514,0.005142231708629198,1.1905599393961097,1.169991012561593,0.0035560131072998047
2021-08-17,1.177994966506958,1.1784114837646484,1.1710561513900757,1.177994966506958,0,1.1806234972817558,1.1788151503372086,-0.0012487248704858844,0.006067764516289772,43.86885556710412,1.1802060067653657,0.005164241890928475,1.1905344905472226,1.1698775229835088,0.007355332374572754
2021-08-18,1.1709738969802856,1.1731003522872925,1.1696864366531372,1.1709601879119873,0,1.1796505195753915,1.1777696498896189,-0.0059601863558819135,0.006461213677738101,32.95107649612801,1.1798341274261475,0.005553396993956941,1.1909409214140614,1.1687273334382335,0.0034139156341552734
2021-08-19,1.1703298091888428,1.1706860065460205,1.1668747663497925,1.1703845262527466,0,1.1782955271857125,1.1767776711295155,-0.0005500445339591264,0.006268231963999165,23.571283843259067,1.179386967420578,0.005947057279690267,1.1912810819799584,1.1674928528611974,0.0038112401962280273
2021-08-20,1.1676595211029053,1.1690996885299685,1.1664936542510986,1.1676785945892334,0,1.1769351959228516,1.1755619177926342,-0.002281654337924044,0.006368746039103567,23.522294851566542,1.17890625,0.006490593781427307,1.1918874375628548,1.1659250624371453,0.002606034278869851
2021-08-23,1.1697548627853394,1.174329161643982,1.1695605516433716,1.169973850250244,0,1.1756701810019357,1.1747876437916616,0.0017944800214149126,0.005854434620795464,26.25847774531927,1.1785268306732177,0.006801137990667376,1.1921291066545525,1.164924554691883,0.0047686100006103516
2021-08-24,1.1744533777236938,1.17648446559906,1.172814130783081,1.1746740341186523,0,1.1747780186789376,1.1747430749825993,0.004016666301490446,0.004873897606005162,34.94242896314648,1.1782106518745423,0.006837915448932134,1.1918864827724065,1.1645348209766782,0.003670334815979004
2021-08-25,1.175309181213379,1.1760554313659668,1.1728553771972656,1.1755025386810305,0,1.174175807407924,1.17481855581337,0.0007286823861358815,0.004148203757733167,39.22626011504338,1.1778604805469512,0.006795992459738066,1.1914524654664274,1.1642684956274751,0.003200054168701172
2021-08-26,1.177440166473389,1.178133845329285,1.1747844219207764,1.177300214767456,0,1.173737815448216,1.1751681039013724,0.001813127383051727,0.0033210239593626746,42.5385128666341,1.1775027096271515,0.006608526349819024,1.1907197623267896,1.1642856569275135,0.003349423408508523
2021-08-27,1.1756407022476196,1.18035888671875,1.1735987663269043,1.175295352935791,0,1.1737871510641915,1.1752311170142054,-0.001528285068751245,0.003345457353561297,51.00779940026019,1.176819759607315,0.006003285953062624,1.1888263315134404,1.1648131877011898,0.006760120391845703
2021-08-30,1.1799006462097168,1.1811953783035278,1.1784532070159912,1.1799967288970947,0,1.1742195742470878,1.1758537209069402,0.003623508401804143,0.003723630576061554,58.08822124113669,1.176479583978653,0.00559240805150966,1.1876644000816723,1.1652947678756338,0.002742171287536621
2021-08-31,1.1796904802322388,1.1845533847808838,1.1796486377716064,1.179940938949585,0,1.1747451084000724,1.17636528881698,-0.00017812175809306385,0.003949250877586939,60.18455262819168,1.1760908544063569,0.005030602295346118,1.1861520589970491,1.1660296498156646,0.004904747009277344
2021-09-01,1.1810280084609983,1.1860004663467407,1.1795096397399902,1.1811953783035278,0,1.175233542919159,1.1769869847695158,0.0011337958991550767,0.004283979290463145,59.60367793307089,1.1757950723171233,0.004505404949193833,1.184805882215511,1.1667842624187357,0.006490826606750488
2021-09-02,1.1840906143188477,1.1872254610061646,1.1834795475006104,1.1842306852340698,0,1.175981002194541,1.1779341353760935,0.002593169540356932,0.004856594238065715,63.73276013116051,1.1758125960826873,0.004538493792042443,1.184889583666772,1.1667356084986025,0.0037459135055541992
2021-09-03,1.1876484155654907,1.1907596588134766,1.186816930770874,1.1874228715896606,0,1.1765653320721217,1.1792293727346799,0.003004669747078248,0.005723199843519592,61.42020302879001,1.1760164141654967,0.004975768615350578,1.1859679513961978,1.1660648769347957,0.003942728042602539
2021-09-06,1.1885942220687866,1.1886366605758667,1.1857051849365234,1.1885942220687866,0,1.1773224217551095,1.1804780193125608,0.0007963691029264641,0.00656588482956585,65.01761651730048,1.176698625087738,0.005703936675282945,1.1881064984383038,1.1652907517371722,0.0029314756393432617
2021-09-07,1.187507390975952,1.1887779235839844,1.1838297843933103,1.187394618988037,0,1.178503385611943,1.1814152688676796,-0.0009143836244996928,0.006818218462966028,78.16112958834249,1.177381658554077,0.006145294951585441,1.189672248457248,1.1650910686509062,0.00494813919067405
2021-09-08,1.184356927871704,1.185400128364563,1.1803170442581177,1.1845533847808838,0,1.1795053226607186,1.1818074900682163,-0.002653005049222168,0.006550088987417358,72.01261626645285,1.1779828548431397,0.006213165398883391,1.1904091856409065,1.165556524045373,0.0050830841064453125
2021-09-09,1.1819101572036743,1.1841325759887695,1.1806097030639648,1.1820330619812012,0,1.180523225239345,1.1818211790196107,-0.002065906493599612,0.005607015592150053,72.52137347917632,1.178368866443634,0.006204931615024821,1.1907787296736836,1.1659590032135845,0.0035228729248046875
2021-09-10,1.182592272758484,1.185300350189209,1.1819353103637695,1.1823545694351196,0,1.1814401830945696,1.1819239915181272,0.0005771297849099799,0.004684295151296492,71.23655065787388,1.1788171708583832,0.006168028526478206,1.1911532279113397,1.1664811138054267,0.003365039825439453
2021-09-13,1.1811953783035278,1.1817537546157837,1.1770604848861694,1.1812511682510376,0,1.1819217545645577,1.181826843089514,-0.001181213920583013,0.004235852459870679,62.520810456589864,1.1789035499095917,0.006189678468259404,1.1912829068461104,1.166524192973073,0.004693269729614258
2021-09-14,1.1811953783035278,1.1846994161605835,1.1801999807357788,1.1810698509216309,0,1.1823421972138541,1.1817426477847157,0.0,0.0037985674086252023,61.29035208465725,1.1790635704994201,0.006206300250011566,1.1914761709994433,1.166650969999397,0.0044994354248046875
2021-09-15,1.180498123168945,1.183300256729126,1.1800997257232666,1.18035888671875,0,1.1825606226921082,1.1815767111692796,-0.0005902961926452788,0.0035764319854079637,56.20686985220704,1.179539781808853,0.005911294597558674,1.1913623710039705,1.1677171926137357,0.003200531005859375
2021-09-16,1.1819995641708374,1.1823126077651978,1.1751710176467896,1.1819353103637695,0,1.1830148271151952,1.1816330915694873,0.0012718707234042892,0.0029848659188563722,63.06492539506766,1.1801232695579529,0.005517161966386088,1.191157593490725,1.1690889456251807,0.007141590118408203
2021-09-17,1.176747441291809,1.1789672374725342,1.1729655265808103,1.17648446559906,0,1.1827895981924874,1.1809816715324635,-0.004443422009814957,0.0033362153660945605,43.775210034594146,1.180577665567398,0.004758726739078614,1.1900951190455553,1.1710602120892408,0.006001710891723855
2021-09-20,1.1729930639266968,1.1737089157104492,1.1700559854507446,1.1728830337524414,0,1.1823112113135201,1.1799165238516947,-0.00319046996268868,0.004186589616329667,38.40154255231335,1.1807395756244659,0.0044136924989139365,1.1895669606222938,1.1719121906266379,0.00365293025970459
2021-09-21,1.1730204820632937,1.1748948097229004,1.1715912818908691,1.1725666522979736,0,1.1817392451422555,1.178997051613241,2.337450871636726e-05,0.004867070910545131,35.47356037473226,1.1806679308414458,0.00453116930350906,1.189730269448464,1.1716055922344277,0.00330352783203125
2021-09-22,1.17229163646698,1.1744533777236938,1.1717147827148438,1.1726078987121582,0,1.1808964610099792,1.1781029962604064,-0.0006213408951152299,0.005418865277140952,26.615444953197624,1.180517053604126,0.004763287459091152,1.1900436285223084,1.1709904786859437,0.0027385950088500977
2021-09-23,1.168770432472229,1.175100564956665,1.1684194803237915,1.1688934564590454,0,1.1795480336461748,1.1768586544219828,-0.0030036928399174156,0.0059337975931600985,12.531113655939365,1.180083566904068,0.005408798388587021,1.1909011636812419,1.169265970126894,0.006681084632873535
2021-09-24,1.1740258932113647,1.174812078475952,1.1701655387878418,1.1741775274276731,0,1.1785074387277876,1.1764809529272338,0.0044965722892382765,0.005485857211058884,25.30892134123293,1.1800028264522553,0.0054900526503075114,1.1909829317528704,1.1690227211516402,0.0046465396881101295
2021-09-27,1.172305464744568,1.1728004217147827,1.1686612367630005,1.1722092628479004,0,1.1774215868541174,1.175924221169545,-0.0014654093037851368,0.005054993587146479,24.77679012931881,1.1796230673789978,0.0057538430239568224,1.1911307534269115,1.168115381331084,0.0041391849517822266
2021-09-28,1.1696795225143433,1.1705996990203855,1.166997313499451,1.1696043014526367,0,1.176373200757163,1.175091594682185,-0.002239981224344989,0.005027933507715872,25.215689905753777,1.179122519493103,0.006168195409575817,1.1914589103122546,1.1667861286739514,0.0036023855209346145
2021-09-29,1.1686338186264038,1.1691995859146118,1.1610087156295776,1.168688416481018,0,1.1754248908587865,1.1742305578747476,-0.0008940088868886198,0.0051537258027005975,26.46807755371229,1.1785028100013732,0.006575821814500106,1.1916544536303735,1.165351166372373,0.00819087028503418
2021-09-30,1.1601601839065552,1.161170482635498,1.1570056676864624,1.1602274179458618,0,1.1738225987979345,1.1723545080123219,-0.007250889529971327,0.006145597064366185,18.844951588763422,1.1773062884807586,0.007602569919244708,1.192511428319248,1.1621011486422692,0.0041648149490356445
2021-10-01,1.1574475765228271,1.1608995199203491,1.1563901901245115,1.1574207544326782,0,1.17212632724217,1.1703669171470559,-0.002338131769523355,0.007149445803200575,18.180511319893554,1.1757962465286256,0.008397952858976933,1.1925921522465794,1.1590003408106717,0.004509329795837624
2021-10-04,1.160725712776184,1.164008855819702,1.1588560342788696,1.160725712776184,0,1.1706642082759313,1.1690814232309399,0.0028322114278427346,0.007244556129399012,24.787685151469432,1.1744028210639954,0.008474378571713714,1.1913515782074229,1.157454063920568,0.0051528215408322975
2021-10-05,1.1618449687957764,1.16225004196167,1.1583056449890137,1.1616560220718384,0,1.1693318401064192,1.1681165626395846,0.0009642726160647985,0.007008275050547482,27.261445278895764,1.1731196999549867,0.00832728127985631,1.1897742625146992,1.1564651373952741,0.00394439697265625
2021-10-06,1.1596084833145142,1.1599582433700562,1.1530168056488037,1.1595144271850586,0,1.1677324771881104,1.1669821520629085,-0.0019249431217834845,0.006425717076426531,23.18537680091852,1.1718822777271272,0.008407960091849557,1.1886981979108262,1.1550663575434281,0.006941437721252441
2021-10-07,1.1555349826812744,1.157139539718628,1.1549345254898071,1.1555349826812744,0,1.1662173015730721,1.165455862812024,-0.003512824105595058,0.006634041660158085,23.858898607614194,1.170563519001007,0.00881110322915655,1.1881857254593202,1.152941312542694,0.0022050142288208008
2021-10-08,1.1559758186340332,1.1583727598190308,1.1542545557022097,1.1559224128723145,0,1.1650017840521676,1.1641918569216252,0.0003814994434316876,0.006852449709300159,27.16385916078798,1.1692326962947845,0.008908197188139783,1.187049090671064,1.151416301918505,0.004118204116821067
2021-10-11,1.1566041707992554,1.1587486267089844,1.15529465675354,1.1565908193588257,0,1.1638291903904505,1.1631801654386427,0.0005435686067938317,0.006778924348842088,28.319941057191997,1.1680031359195708,0.008867151345618149,1.185737438610807,1.1502688332283346,0.003453969955444336
2021-10-12,1.1553747653961182,1.1570056676864624,1.1533892154693604,1.15529465675354,0,1.1626208424568176,1.1621394454329728,-0.0010629439476148583,0.006661152830691795,27.95040320701068,1.1667121052742004,0.008723852260961814,1.1841598097961241,1.1492644007522768,0.0036164522171020508
2021-10-13,1.15340256690979,1.15790057182312,1.1530567407608032,1.1530966758728027,0,1.1615231377737862,1.1609745282965485,-0.0017069772903097746,0.006833808545904657,29.12652484933662,1.1653573274612428,0.008572868557503832,1.1825030645762504,1.148211590346235,0.0048438310623166725
2021-10-14,1.1599582433700562,1.162500023841858,1.1584665775299072,1.1599582433700562,0,1.1605183056422643,1.1608390236396828,0.005683771346053135,0.005811835302171824,31.544409273462023,1.1642552614212036,0.007692383471480728,1.179640028364165,1.1488704944782422,0.004033446311950684
2021-10-15,1.159151554107666,1.1619800329208374,1.1588828563690186,1.15907084941864,0,1.1595787405967712,1.1606140277020807,-0.0006954468119872992,0.004720483351577382,32.31926369122185,1.1633754670619965,0.007177431787084351,1.177730330636165,1.1490206034878279,0.0030971765518188477
2021-10-18,1.1597026586532593,1.1612108945846558,1.1573002338409424,1.159595012664795,0,1.1588661074638367,1.1604925118289044,0.00047543786974224567,0.0037268076309040195,35.79748708584772,1.1627109467983245,0.00684779881131815,1.1764065444209608,1.1490153491756883,0.003910660743713379
2021-10-19,1.161386251449585,1.1670000553131104,1.1614537239074707,1.1614537239074707,0,1.1583484240940638,1.160611677111662,0.0014517452243154594,0.0025980648994936464,39.86679511582091,1.1621292352676391,0.006405816258987226,1.1749408677856135,1.1493176027496648,0.0055463314056396484
2021-10-20,1.1631964445114136,1.1654006242752075,1.1618045568466189,1.1633858680725098,0,1.1585652998515539,1.160956312764962,0.0015586486059819826,0.0028731057025725955,55.217295118234105,1.161674475669861,0.00595325460979737,1.1735809848894556,1.1497679664502662,0.003596067428588645
2021-10-21,1.1655012369155884,1.166997313499451,1.1633182764053345,1.165243148803711,0,1.1591405613081796,1.1615623026517121,0.0019814300628668846,0.0033915792784253453,64.03555060642952,1.1615110158920288,0.005790830706900928,1.1730926773058306,1.149929354478227,0.003679037094116433
2021-10-22,1.1625338792800903,1.1654061079025269,1.1622366905212402,1.1625880002975464,0,1.1592697160584586,1.1616918462021626,-0.002545992695255239,0.0034895988133162373,53.18569796357282,1.160936415195465,0.004999797160235728,1.1709360095159365,1.1509368208749937,0.003169417381286621
2021-10-25,1.164008855819702,1.1668611764907837,1.159326195716858,1.1641308069229126,0,1.1594242794173104,1.1620007808178345,0.0012687600472556237,0.003656374410444737,53.76522518336561,1.1605215847492218,0.0043024129030813495,1.1691264105553845,1.1519167589430592,0.007534980773925781
2021-10-26,1.161170482635498,1.16290020942688,1.1585874557495115,1.161170482635498,0,1.1595358507973808,1.161890074393523,-0.0024384463829573155,0.0036861380662523446,52.66216166796023,1.1600961327552795,0.003732061906164254,1.167560256567608,1.152632008942951,0.004312753677368608
2021-10-27,1.159823656082153,1.162439227104187,1.1585336923599243,1.159823656082153,0,1.1598421846117293,1.161614551952007,-0.0011598870049538412,0.0035016600511894825,58.05827330394546,1.159655624628067,0.003145076776386977,1.1659457781808409,1.153365471075293,0.0039055347442626953
2021-10-28,1.1600120067596436,1.1693171262741089,1.158319115638733,1.1598910093307495,0,1.1601304837635584,1.161400879259692,0.0001623959612331305,0.0033203049507590458,57.65650864291335,1.1596482157707215,0.0031439999748297553,1.165936215720381,1.153360215821062,0.010998010635375977
2021-10-29,1.1683608293533323,1.169180393218994,1.1546677350997925,1.1683744192123413,0,1.1609702450888497,1.1623288726055108,0.0071971863610362785,0.00381039512179908,67.24944905026739,1.1601938784122467,0.003648516994805125,1.167490912401857,1.1528968444226364,0.014512658119201438
2021-11-01,1.1556684970855713,1.159326195716858,1.1546677350997925,1.1559356451034546,0,1.1609912259238107,1.1614408225361856,-0.010863366820322073,0.0037778852342118764,50.322489451035004,1.159941017627716,0.0037825033885283735,1.1675060244047728,1.1523760108506593,0.00465846061706543
2021-11-02,1.1599582433700562,1.1614995002746582,1.1579166650772097,1.1601735353469849,0,1.1614594885281153,1.161243145314035,0.0037119176436002377,0.0031126410768202942,56.848972149779996,1.15984668135643,0.003755953770766606,1.1673585888979634,1.1523347738148968,0.0035828351974485084
2021-11-03,1.1579434871673584,1.159900426864624,1.1563634872436523,1.158077597618103,0,1.16131557737078,1.1608031908944783,-0.0017369213195504996,0.003231688422693009,47.674453804175805,1.1597634315490724,0.0037798871122117325,1.167323205773496,1.1522036573246488,0.0035369396209716797
2021-11-04,1.1615750789642334,1.1617100238800049,1.152923822402954,1.1615750789642334,0,1.161488686289106,1.1609061093037791,0.0031362426898386975,0.0031711965883442082,52.62611283630523,1.1600654363632201,0.003663773819539601,1.1673929840022994,1.1527378887241408,0.008786201477050781
2021-11-05,1.1555349826812744,1.1564704179763794,1.151410460472107,1.1556684970855713,0,1.16119099514825,1.1601899590874452,-0.0051999189655006495,0.0035273693961987277,45.96404221472617,1.1600433945655824,0.003690898150505155,1.1674251908665927,1.152661598264572,0.005059957504272461
2021-11-08,1.1568851470947266,1.1595547199249268,1.1551746129989624,1.1568450927734375,0,1.1608694876943315,1.159749317488416,0.0011684323137661767,0.0037086740008544054,45.612820167223575,1.1600574433803559,0.0036776291961205894,1.167412701772597,1.1527021849881147,0.0043801069259643555
2021-11-09,1.159151554107666,1.1609008312225342,1.157019019126892,1.158869385719299,0,1.1605805669512068,1.159669615704316,0.001959059651367445,0.0036708134920906215,46.09224022167501,1.1602462828159332,0.003518029720714203,1.1672823422573617,1.1532102233745047,0.00388181209564209
2021-11-10,1.1595547199249268,1.159823656082153,1.1513441801071167,1.159366488456726,0,1.160155815737588,1.1596542962670642,0.0003478111346459922,0.0033910165361828682,44.0359447820046,1.16055389046669,0.003136403334804477,1.166826697136299,1.1542810837970812,0.008479475975036399
2021-11-11,1.148593544960022,1.1491611003875732,1.1454885005950928,1.1485671997070312,0,1.159160077571869,1.1581795294261252,-0.009452917379883963,0.0045033056860730595,37.95064028323302,1.1599856555461883,0.00412400381827937,1.168233663182747,1.1517376479096295,0.0036725997924804688
2021-11-12,1.145081877708435,1.1459873914718628,1.1434059143066406,1.1447803974151611,0,1.1578081505639213,1.1564331758637667,-0.0030573628652154072,0.00563460513488864,34.196827242161305,1.1592821717262267,0.005304763605521677,1.16989169893727,1.1486726445151834,0.002581477165222168
2021-11-15,1.144164800643921,1.1464208364486694,1.141695857048035,1.1442302465438845,0,1.1565934589930944,1.1547973925011206,-0.0008008833973945917,0.006603688577944262,35.33036349650982,1.15850527882576,0.00628681439249218,1.1710789076107444,1.1459316500407755,0.004724979400634544
2021-11-16,1.1366478204727173,1.1387006044387815,1.1330673694610596,1.1367381811141968,0,1.1549380421638489,1.1523774495640002,-0.006569840434676122,0.008393870434383307,31.93123920733271,1.1572683572769165,0.007913365286330718,1.1730950878495778,1.141441626704255,0.005633234977721946
2021-11-17,1.1321182250976562,1.1334000825881958,1.127052664756775,1.1316184997558594,0,1.1529456291879927,1.1496762196351544,-0.003985047341380721,0.010210721337382475,29.631718773393928,1.1557144463062285,0.009566663052444503,1.1748477724111175,1.1365811202013396,0.0063474178314208984
2021-11-18,1.1321182250976562,1.1359764337539673,1.131503343582153,1.1318106651306152,0,1.1503568717411585,1.1473351536968215,0.0,0.010589159356228733,19.860497300555437,1.154045295715332,0.010623159675201508,1.175291615065735,1.1327989763649289,0.004473090171814187
2021-11-19,1.1368415355682373,1.1370097398757937,1.1252391338348389,1.1370097398757937,0,1.1490120887756348,1.1459360046130103,0.0041721000208909675,0.011048239042620334,31.951206132832326,1.1527606785297393,0.011085997318106375,1.174932673165952,1.1305886838935266,0.011770606040954812
2021-11-22,1.1275737285614014,1.1290504932403564,1.123822808265686,1.1275737285614014,0,1.1466989091464452,1.1434877011394624,-0.008152241730157717,0.011934759852474509,21.659054442874933,1.1509389221668243,0.012088647187490543,1.1751162165418054,1.126761627791843,0.00522768497467041
2021-11-23,1.12421452999115,1.127344846725464,1.12271249294281,1.124353528022766,0,1.1442896979195731,1.140917944986354,-0.0029791387340473152,0.01285884010321935,21.16110251533479,1.149091124534607,0.013214413206382601,1.1755199509473722,1.1226622981218417,0.004632353782654031
2021-11-24,1.124492645263672,1.1254544258117676,1.1187809705734253,1.1243914365768433,0,1.1416409526552473,1.1387279050233299,0.0002473862995922005,0.012843627482288759,16.364992863630803,1.1473245739936828,0.014039938416685457,1.1754044508270538,1.1192446971603118,0.006673455238342285
2021-11-25,1.1202975511550903,1.123090744018555,1.1203980445861816,1.1206992864608765,0,1.13912399326052,1.1362705245075646,-0.003730654999169025,0.013353966574814061,16.931689275813966,1.1453388512134552,0.014931254148105045,1.1752013595096653,1.1154763429172452,0.002692699432373269
2021-11-26,1.1209630966186523,1.1322002410888672,1.1207997798919678,1.1209003925323486,0,1.136558132512229,1.1342295341223765,0.0005940791916181354,0.013127944665002493,15.850407978241464,1.1429689645767211,0.014846128929161458,1.1726612224350441,1.1132767067183982,0.011400461196899414
2021-11-29,1.1293182373046875,1.12980055809021,1.125885248184204,1.129114270210266,0,1.1344271813120161,1.1335746945466847,0.007453537686689327,0.01149862247814969,24.581332423274944,1.141651451587677,0.014829009192565228,1.1713094699728075,1.1119934332025465,0.003915309906005859
2021-11-30,1.1293437480926514,1.1381744146347046,1.124606370925903,1.1293565034866333,0,1.132269254752568,1.1330105683528136,2.2589547499674012e-05,0.008979006214001023,24.092838391521084,1.1401207268238067,0.014414118321858228,1.1689489634675232,1.1112924901800902,0.013568043708801492
2021-12-01,1.1330289840698242,1.1358473300933838,1.1304160356521606,1.1330032348632812,0,1.131157500403268,1.1330130237817484,0.003263165872567031,0.007670542821417396,34.74968054514079,1.13887500166893,0.013858637319526298,1.1665922763079826,1.1111577270298774,0.0054312944412231445
2021-12-02,1.1319515705108645,1.1348161697387695,1.1301862001419067,1.1319644451141355,0,1.1302196213177271,1.132871496678964,-0.0009509143844579349,0.006559265770175533,36.490348409063884,1.1373938262462615,0.012851249203794496,1.1630963246538506,1.1116913278386724,0.004629969596862793
2021-12-03,1.1306205987930298,1.1331830024719238,1.1267352104187012,1.130684494972229,0,1.1292521783283778,1.1325713769608394,-0.00117582037298114,0.005202817950498298,36.18218303435707,1.1361481070518493,0.012190756297443678,1.1605296196467367,1.111766594456962,0.006447792053222656
2021-12-06,1.13047993183136,1.1310003995895386,1.1269001960754397,1.1302627325057983,0,1.1288116148539953,1.132292517610242,-0.0001244157074618002,0.004771676045050867,42.592656221367356,1.134827846288681,0.011217744059500235,1.1572633344076815,1.1123923581696804,0.004100203514098899
2021-12-07,1.128668189048767,1.1299434900283811,1.1231285333633425,1.128451585769653,0,1.128565183707646,1.1318092738020455,-0.0016026315298299787,0.00467589812800708,45.56730147741306,1.1333036780357362,0.009708256637600417,1.152720191310937,1.1138871647605353,0.006814956665038618
2021-12-08,1.127650022506714,1.1339025497436523,1.12696373462677,1.1273066997528076,0,1.1282460263797216,1.1312547069626682,-0.0009020955422790466,0.004565924459856518,44.405504641929916,1.1317084431648257,0.007548808991434601,1.146806061147695,1.1166108251819564,0.006938815116882324
2021-12-09,1.1345586776733398,1.1345586776733398,1.1279425621032717,1.1344043016433716,0,1.1280829651015145,1.1316952363907578,0.006126595156951353,0.004266273844118804,47.29000741533219,1.1310066998004915,0.006472102585736856,1.1439509049719652,1.1180624946290179,0.006616115570068137
2021-12-10,1.1293309926986694,1.1322592496871948,1.1267352104187012,1.129407525062561,0,1.1282084839684623,1.1313800038984794,-0.004607681451426537,0.004275978375630698,52.30738406729466,1.1302191555500032,0.0055638256809264425,1.141346806911856,1.1190915041881504,0.005524039268493652
2021-12-13,1.131183385848999,1.1316057443618774,1.126354455947876,1.1311193704605105,0,1.12870625938688,1.1313537881585487,0.0016402570745917,0.004179817180218119,59.5274959174161,1.1295700848102572,0.004508412221538707,1.1385869092533347,1.1205532603671797,0.005251288414001465
2021-12-14,1.1285407543182373,1.13275945186615,1.1266590356826782,1.1283371448516846,0,1.1289954100336348,1.1309787169798404,-0.0023361654386201414,0.004002150058481058,55.19830019655483,1.129164731502533,0.004191901889040856,1.1375485352806147,1.1207809277244514,0.00610041618347168
2021-12-15,1.1261261701583862,1.1278001070022583,1.1249226331710815,1.1258726119995115,0,1.1294117399624415,1.13033171073698,-0.0021395631044885954,0.003262571261040389,57.84337001507918,1.1288651287555695,0.004183824000056201,1.137232776755682,1.120497480755457,0.002877473831176758
2021-12-16,1.1290758848190308,1.1363636255264282,1.1282098293304443,1.1293054819107056,0,1.1299912248338972,1.1301642672812533,0.0026193465162343,0.0021910449269195243,60.28484121250968,1.1287130117416384,0.004114047006066143,1.1369411057537706,1.1204849177295062,0.008153796195983887
2021-12-17,1.1334141492843628,1.13490629196167,1.1268366575241089,1.1335426568984983,0,1.1302837899753027,1.1305975848816678,0.003842314341898634,0.0023611273520657595,55.78132624387953,1.1285416424274446,0.0038183953529239223,1.1361784331332925,1.1209048517215967,0.008069634437561035
2021-12-20,1.124353528022766,1.130454421043396,1.1237343549728394,1.1242523193359375,0,1.1299273456845964,1.1297650439671476,-0.007994095774539023,0.0028417164839370044,44.38780845535665,1.1283806324005128,0.003927686333765577,1.136236005068044,1.1205252597329816,0.006720066070556641
2021-12-21,1.127751708030701,1.1303266286849976,1.126176834106445,1.1276754140853882,0,1.1295503973960876,1.1294965991756214,0.003022341214965474,0.002747076233623616,44.02640477790491,1.1285574913024905,0.003808033295036376,1.1361735578925634,1.1209414247124176,0.004149794578552468
2021-12-22,1.128757357597351,1.134199619293213,1.1265320777893066,1.1290504932403564,0,1.1293222393308366,1.129398033631852,0.0008917295886043952,0.002663688249694927,46.37843740961276,1.1287707269191745,0.0036858821596242315,1.1361424912384228,1.121398962599926,0.00766754150390625
2021-12-23,1.1328877210617063,1.1345586776733398,1.1291524171829224,1.1330161094665527,0,1.1294841766357422,1.129863325289166,0.003659212882693552,0.00281339990321509,52.417009811397264,1.129400235414505,0.0032065568755353705,1.1358133491655757,1.1229871216634342,0.0054062604904174805
2021-12-24,1.132733702659607,1.134429931640625,1.1308379173278809,1.1324644088745115,0,1.1296451602663313,1.1302460422718916,-0.00013595204470484568,0.002936545824867016,52.402091824806895,1.1299887657165528,0.0025991645156610028,1.1351870947478748,1.1247904366852308,0.0035920143127441406
2021-12-27,1.1324259042739868,1.1335002183914185,1.1304160356521606,1.132387399673462,0,1.129913568496704,1.1305366905388377,-0.0002717305796564595,0.0030111635975073707,54.137657646305264,1.1301441490650177,0.002649375534242072,1.1354429001335018,1.1248453979965336,0.0030841827392578125
2021-12-28,1.1330032348632812,1.1336004734039309,1.1290377378463743,1.1329776048660278,0,1.1302959408078874,1.13086556311543,0.0005098175404814054,0.003041354181804425,55.95226102678006,1.1303271234035492,0.002716700411794274,1.1357605242271378,1.1248937225799607,0.004562735557556596
2021-12-29,1.1314777135849,1.137000560760498,1.1275355815887451,1.1313369274139404,0,1.1300758719444275,1.130947183178026,-0.0013464403555435434,0.00281200032028147,46.10839574656463,1.130249559879303,0.0026569892549849605,1.1355635383892728,1.1249355813693331,0.00946497917175293
2021-12-30,1.1360150575637815,1.1359764337539673,1.1300712823867798,1.1359764337539673,0,1.1305533051490784,1.1316228997627933,0.004010104595437269,0.003214431181145551,58.59257670027868,1.1304527342319488,0.0029348251371681604,1.136322384506285,1.1245830839576125,0.0059051513671875
2021-12-31,1.132502794265747,1.1379153728485107,1.1305055618286133,1.1323232650756836,0,1.1306475486074175,1.1317402190298538,-0.0030917400915148052,0.00325343064086103,51.62671887217295,1.1305468440055848,0.0029704528076829983,1.136487749620951,1.1246059383902187,0.007409811019897461
2022-01-03,1.1373459100723269,1.1375917196273804,1.1285407543182373,1.1373846530914309,0,1.1312764883041382,1.1324876445021836,0.0042764713968939105,0.003642633180097763,60.297278985537865,1.130890142917633,0.0033365121013872313,1.1375631671204074,1.1242171187148586,0.009050965309143066
2022-01-04,1.1302244663238523,1.1323001384735107,1.127344846725464,1.1301988363265991,0,1.1315692237445287,1.1321858874117394,-0.0062614580888779026,0.0033498031057344097,54.317483680240464,1.1309679567813873,0.003299911429717779,1.1375677796408228,1.1243681339219518,0.004955291748046653
2022-01-05,1.1283625364303589,1.1345586776733398,1.1277644634246826,1.1285407543182373,0,1.131518270288195,1.1316761072808887,-0.0016473983257055957,0.0033957564919143775,49.23087205536076,1.1310035824775695,0.003265876500272345,1.1375353354781141,1.1244718294770248,0.0067942142486572266
2022-01-06,1.1313496828079224,1.1330673694610596,1.1285535097122192,1.1312217712402344,0,1.1313708083970206,1.1316325840178265,0.002647328567832119,0.0033516326953663164,47.70730622382029,1.1308431327342985,0.003159107453654357,1.1371613476416071,1.1245249178269898,0.004513859748840332
2022-01-07,1.1296881437301636,1.1359764337539673,1.1290504932403564,1.129586100578308,0,1.1317518523761205,1.1313733253128049,-0.0014686344133981732,0.0027398926951828838,57.08944583504992,1.1308609902858733,0.0031511091818288138,1.137163208649531,1.1245587719222156,0.00692594051361084
2022-01-10,1.1353960037231443,1.1359764337539673,1.1288337707519531,1.135344386100769,0,1.1322978734970093,1.1319096824341834,0.005052597944538606,0.002641326780644696,59.57132408913798,1.1310716211795806,0.0033105524499199078,1.1376927260794205,1.1244505162797407,0.00714266300201416
2022-01-11,1.1330417394638062,1.136899709701538,1.1315544843673706,1.1332728862762451,0,1.1326039007731847,1.1320606233714665,-0.002073518183627665,0.0024400951925963076,55.18917233134479,1.131296670436859,0.0032823172861298697,1.1378613050091186,1.1247320358645994,0.0053452253341674805
2022-01-12,1.1366478204727173,1.1433000564575195,1.1355764865875244,1.1370097398757937,0,1.1328724793025426,1.1326722496516333,0.0031826550455393843,0.002669855797692843,54.61275226674501,1.1318227529525755,0.003253047202073545,1.1383288473567226,1.1253166585484284,0.007723569869995117
2022-01-13,1.144164800643921,1.1479079723358154,1.1436413526535034,1.1439814567565918,0,1.1336889863014221,1.1342045897839383,0.0066132886860921225,0.00402711368827168,61.877546975834036,1.13257719874382,0.004195618601358871,1.1409684359465377,1.1241859615411023,0.004266619682312012
2022-01-14,1.1457115411758425,1.148369312286377,1.1410053968429563,1.14565908908844,0,1.1346379603658403,1.1357388499695256,0.0013518511765535646,0.005122860568146847,63.45801795883697,1.133192068338394,0.0051232712928414,1.1434386109240768,1.1229455257527112,0.007363915443420632
2022-01-17,1.1410704851150513,1.143458366394043,1.139315485954285,1.1412137746810913,0,1.135214192526681,1.1364497346555957,-0.0040508067641774614,0.005372469302948793,57.55031273220617,1.1340279161930085,0.004966663018966916,1.1439612422309422,1.1240945901550747,0.004142880439758079
2022-01-18,1.1410574913024902,1.1423349380493164,1.1329647302627563,1.141291856765747,0,1.1358984623636519,1.137064102208515,-1.1387388185513103e-05,0.005469160082531594,59.22716030671085,1.1346932053565977,0.004972868669273335,1.1446389426951444,1.124747468018051,0.009370207786560059
2022-01-19,1.1329647302627563,1.1356796026229858,1.1319515705108645,1.1330032348632812,0,1.13568058184215,1.136517519282414,-0.0070923341737112455,0.005524636004749488,47.25028154847383,1.134903573989868,0.004794334768226981,1.144492243526322,1.125314904453414,0.00372803211212136
2022-01-20,1.1343399286270142,1.136893391609192,1.1330161094665527,1.134352684020996,0,1.1358118057250977,1.136227173861694,0.0012138050969503489,0.005464844146294795,51.722449855484534,1.1349761843681336,0.004773147804195473,1.1445224799765246,1.1254298887597427,0.00387728214263916
2022-01-21,1.1313753128051758,1.1361054182052612,1.1302244663238523,1.131541728973389,0,1.1353853344917297,1.1355802590541584,-0.002613516237083058,0.005567912779507605,44.197739105048704,1.134908264875412,0.00481620701329449,1.144540678902001,1.1252758508488232,0.0058809518814089135
2022-01-24,1.1341469287872314,1.1340954303741455,1.1291396617889404,1.1340954303741455,0,1.135665510381971,1.1353891483519014,0.0024497759060904123,0.0053838904606010995,54.163903723014094,1.1349943161010743,0.0047847926431347654,1.1445639013873439,1.1254247308148047,0.004955768585205078
2022-01-25,1.132413029670715,1.132502794265747,1.1266844272613523,1.132387399673462,0,1.1359548313277108,1.1349923325277433,-0.0015288134830735434,0.005060365630579342,54.311534986650706,1.1349648058414459,0.004799516369000285,1.1445638385794465,1.1253657731034452,0.005818367004394753
2022-01-26,1.130454421043396,1.1313496828079224,1.1272051334381104,1.130352258682251,0,1.135890884058816,1.1343872776631638,-0.0017295885653034748,0.005128238376184505,49.02570782132182,1.1349136412143708,0.00484389573744366,1.1446014326892582,1.1252258497394834,0.004144549369812012
2022-01-27,1.124353528022766,1.12447988986969,1.1133501529693604,1.1242270469665527,0,1.1355098400797163,1.1330494443777774,-0.005396850069372183,0.005781193970907819,44.70599647933958,1.1343305647373199,0.00537688278638632,1.1450843303100926,1.1235767991645471,0.01112973690032959
2022-01-28,1.1147029399871826,1.1170064210891724,1.1123347282409668,1.1146159172058103,0,1.1340317640985762,1.1306032437923648,-0.008583232760032589,0.008023124562742234,30.954836501200575,1.1334405720233918,0.006940983053728329,1.1473225381308485,1.119558605915935,0.004671692848205566
2022-01-31,1.1152374744415283,1.121692419052124,1.114504098892212,1.115138053894043,0,1.132760030882699,1.1285544745455867,0.0004795308554150779,0.009472306844623097,33.0456775576278,1.1323351502418517,0.007970437547545119,1.148276025336942,1.1163942751467615,0.007188320159912109
2022-02-01,1.12296462059021,1.1279042959213257,1.1222084760665894,1.12291419506073,0,1.13178265946252,1.1278091606848697,0.006928700232702534,0.009742379060512127,37.91826569858144,1.1319721579551696,0.00823262505501833,1.1484374080652062,1.115506907845133,0.005695819854736328
2022-02-02,1.1273956298828125,1.132939100265503,1.126697063446045,1.1273066997528076,0,1.1305848615510123,1.1277540232445955,0.0039458137962296025,0.009113489061845182,34.3400721378636,1.1319238126277924,0.008257738593410443,1.1484392898146132,1.1154083354409716,0.006242036819458008
2022-02-03,1.1299946308135986,1.1450687646865845,1.1272051334381104,1.1299946308135986,0,1.1294622250965662,1.1280527709204626,0.002305314001488812,0.008007743544517991,35.605622239156816,1.1318560600280763,0.008268249340547084,1.1483925587091703,1.1153195613469822,0.01786363124847412
2022-02-04,1.14357590675354,1.148369312286377,1.1413440704345703,1.1435105800628662,0,1.1296411837850298,1.130122522364873,0.01201888537307716,0.008309435688787222,51.97171285811586,1.132550448179245,0.008650909426168524,1.149852267031582,1.115248629326908,0.007025241851806641
2022-02-07,1.145514726638794,1.1460003852844238,1.1416698694229126,1.1454622745513916,0,1.129959557737623,1.1321748162680625,0.0016954011306149486,0.008848405318407138,53.4045505701871,1.1330563843250274,0.00910980485678915,1.1512759940386057,1.1148367746114491,0.0043305158615112305
2022-02-08,1.1442956924438477,1.145081877708435,1.1397050619125366,1.144086241722107,0,1.1307689121791296,1.1337909330915006,-0.0010641802908315512,0.009628277778206802,59.670327210722405,1.1336190819740295,0.009450067127806133,1.1525192162296418,1.1147189477184172,0.0053768157958984375
2022-02-09,1.142126202583313,1.1447004079818726,1.140328884124756,1.1421130895614624,0,1.1313250746045793,1.1349023023570757,-0.001895917178453499,0.010065378522865145,56.556251505661294,1.1338930010795594,0.009620342526785262,1.1531336861331298,1.114652316025989,0.004371523857116477
2022-02-10,1.142152190208435,1.1494252681732178,1.1380836963653564,1.142126202583313,0,1.132094851561955,1.1358689540705904,2.2753724643775897e-05,0.010473343816331715,59.54687635304529,1.133792370557785,0.009517216048765332,1.1528268026553157,1.1147579384602544,0.011341571807861328
2022-02-11,1.1415525674819946,1.1419005393981934,1.1371259689331057,1.1411746740341189,0,1.132623825754438,1.136626769192111,-0.0005249937193843035,0.010767836997185852,56.82296940795037,1.1335844218730926,0.009285698681389133,1.152155819235871,1.1150130245103143,0.004774570465087669
2022-02-14,1.1365057229995728,1.136893391609192,1.1292799711227417,1.1365832090377808,0,1.1329161609922136,1.1366106296997727,-0.004421035549465824,0.010817117238358098,53.55374296124565,1.1333561837673187,0.009147075473901917,1.1516503347151226,1.1150620328195149,0.007613420486450195
2022-02-15,1.1306334733963013,1.1368803977966309,1.1305822134017944,1.130607843399048,0,1.1329289504459925,1.1358136755259765,-0.005166933596931544,0.010814088171071204,50.14557931261752,1.1328349828720092,0.008980624791673553,1.1507962324553564,1.114873733288662,0.006298184394836426
2022-02-16,1.1356796026229858,1.139315485954285,1.1345458030700684,1.135563611984253,0,1.1337379557745797,1.1357957991389112,0.00446309909039444,0.010543477391590136,59.36941592278069,1.1329707264900208,0.009003178713137758,1.1509770839162963,1.1149643690637454,0.004769682884216531
2022-02-17,1.1375269889831543,1.1386927366256714,1.13275945186615,1.1373329162597656,0,1.1353682449885778,1.136026624451477,0.0016266791759769195,0.009029690544667984,71.67998296962614,1.1331300795078278,0.009056734213314918,1.1512435479344576,1.115016611081198,0.005933284759521484
2022-02-18,1.1366478204727173,1.137669324874878,1.131580114364624,1.1363893747329712,0,1.136897555419377,1.1361094505876423,-0.0007728770560625486,0.006926012130485929,70.20485763463118,1.1333937048912048,0.009079675353754825,1.1515530555987146,1.115234354183695,0.006089210510253906
2022-02-21,1.131721019744873,1.1385631561279297,1.1314136981964111,1.131733775138855,0,1.137523012501853,1.1355243264752732,-0.004334500659839646,0.005888701497056506,58.724499007040976,1.133272409439087,0.009085285569445713,1.1514429805779784,1.1151018383001954,0.007149457931518555
2022-02-22,1.1309658288955688,1.1363766193389893,1.1289101839065552,1.1309658288955688,0,1.1377780267170496,1.1349165267979793,-0.0006672941795093923,0.005479477767181144,53.83834577793498,1.1332000494003296,0.0090982442620959,1.1513965379245215,1.1150035608761377,0.007466435432434082
2022-02-23,1.13291335105896,1.1359764337539673,1.1307356357574463,1.1330546140670776,0,1.1379865067345756,1.1346494366994433,0.0017219991211343544,0.005209430194989441,53.18251772975895,1.1333229959011077,0.009075775531385845,1.1514745469638794,1.115171444838336,0.005240797996520996
2022-02-24,1.1305694580078125,1.1305949687957764,1.1110494136810305,1.1305949687957764,0,1.1370574746813094,1.1341054395405592,-0.0020689076079442037,0.005295018921250847,31.214402303046157,1.13363379240036,0.008856229018267932,1.1513462504368959,1.1159213343638243,0.01954555511474587
2022-02-25,1.11906898021698,1.1266082525253296,1.1168068647384644,1.1190814971923828,0,1.1351684927940369,1.1321005782974154,-0.010172287699242832,0.006601801714029767,20.070317074421155,1.13385209441185,0.008407473246868679,1.1506670409055872,1.1170371479181127,0.009801387786865234
2022-02-28,1.118105411529541,1.1244546175003052,1.1143178939819336,1.118105411529541,0,1.133297758443015,1.1302345560616989,-0.0008610449440320522,0.007470130917139402,20.187046767119725,1.1339954912662507,0.008091806166015328,1.1501791035982813,1.11781187893422,0.010136723518371582
2022-03-01,1.1215918064117432,1.1232168674468994,1.1102105379104614,1.1214659214019775,0,1.1318310158593314,1.1290821894417047,0.0031181271875186933,0.0076178249504018514,27.305664394444435,1.1339268505573272,0.008195461750257956,1.1503177740578432,1.1175359270568113,0.013006329536437988
2022-03-02,1.1132758855819702,1.1141936779022217,1.105852127075195,1.1131023168563845,0,1.1297684226717268,1.1269746822604068,-0.007414391565838674,0.008469912773749127,23.02851340156596,1.1332208633422851,0.009318864355525563,1.1518585920533362,1.114583134631234,0.00834155082702659
2022-03-03,1.1112345457077026,1.111605167388916,1.103984236717224,1.1113580465316772,0,1.1276028496878487,1.1248759973867128,-0.0018336334242975427,0.009079118597779165,22.424568357960382,1.1322828590869904,0.010526597820452519,1.1533360547278955,1.1112296634460854,0.007620930671692117
2022-03-04,1.1066844463348389,1.1069294214248655,1.0890042781829834,1.1069294214248655,0,1.1254727584975106,1.122450457246463,-0.00409463455796899,0.010252172511188942,22.62904859960743,1.1304382860660553,0.011619114897527172,1.1536765158611098,1.107200056271001,0.017925143241882102
2022-03-07,1.087453007698059,1.093075394630432,1.0808590650558472,1.087393879890442,0,1.1223884395190649,1.1177841306400094,-0.017377526810348876,0.014283066031341808,18.17258419384089,1.1275352001190186,0.014540234061588674,1.156615668242196,1.0984547319958413,0.012216329574584739
2022-03-08,1.0865312814712524,1.0922157764434814,1.0851165056228638,1.08695650100708,0,1.118877845151084,1.113617084084175,-0.0008476009724390776,0.01661467985178092,11.428656964408006,1.1246469795703888,0.01662357331828764,1.1578941262069642,1.0913998329338135,0.007099270820617676
2022-03-09,1.0898232460021973,1.1091147661209106,1.0897876024246216,1.0900845527648926,0,1.1154704349381583,1.1104445723399115,0.003029792687134769,0.01737029199193976,13.392393205553233,1.122031831741333,0.01780140418269487,1.1576346401067226,1.0864290233759433,0.019327163696289062
2022-03-10,1.107382893562317,1.1116174459457395,1.0982131958007812,1.1073338985443115,0,1.1133800830159868,1.110036348502899,0.01611238118156666,0.01635708324976184,32.11976867834929,1.1202933669090271,0.017426880616030573,1.1551471281410883,1.085439605676966,0.013404250144958274
2022-03-11,1.1013944149017334,1.104191541671753,1.093469738960266,1.1012123823165894,0,1.1112138969557626,1.1088840906894104,-0.005407776023448663,0.015737699600010105,31.708407871198574,1.118285459280014,0.017159944345912614,1.1526053479718392,1.0839655705881888,0.010721802711487038
2022-03-14,1.093206763267517,1.0986958742141724,1.0902509689331057,1.0932546854019165,0,1.1085168208394731,1.1067937803664913,-0.00743389608975531,0.015322322648131222,29.099405604003465,1.1161205112934112,0.017468818983857087,1.1510581492611254,1.081182873325697,0.008444905281066672
2022-03-15,1.0943193435668943,1.1018311977386477,1.093948245048523,1.094534993171692,0,1.1057601060186113,1.105130522126545,0.0010177217492250978,0.014011098427921326,28.437941231318263,1.1143048048019408,0.01776567083050751,1.1498361464629558,1.0787734631409258,0.007882952690124734
2022-03-16,1.0969363451004028,1.1038745641708374,1.0955781936645508,1.096731662750244,0,1.1033577408109392,1.104037965189726,0.002391442268559807,0.012195829108544517,31.266707479506152,1.1123676419258117,0.017421238628151963,1.1472101191821156,1.0775251646695079,0.008296370506286621
2022-03-17,1.1021955013275146,1.1110494136810305,1.1021226644515991,1.102244257926941,0,1.1021524923188346,1.1037923033414312,0.004794404206408531,0.01132651158646221,39.899382738073996,1.1106010675430298,0.016502879414534898,1.1436068263720995,1.07759530871396,0.008926749229431374
2022-03-18,1.1099518537521362,1.1117905378341677,1.1005337238311768,1.1098902225494385,0,1.1015700953347343,1.1046135767295253,0.007037183889137211,0.010631426712643667,45.48628205111284,1.1092662692070008,0.015322686927442063,1.139911643061885,1.0786208953521166,0.011256814002990945
2022-03-21,1.1043134927749634,1.1066721677780151,1.1026087999343872,1.1042159795761108,0,1.1003359300749642,1.1045735655355837,-0.005079824821331402,0.009007206780931247,40.65751460921557,1.1078958928585052,0.014406989357853912,1.136709871574213,1.0790819141427974,0.00406336784362793
2022-03-22,1.101722002029419,1.1045695543289185,1.0961546897888184,1.1016370058059692,0,1.0995106526783534,1.104193357068095,-0.002346698435271688,0.00822580671717642,43.34049298532753,1.1064337015151977,0.013390492333064597,1.1332146861813268,1.0796527168490686,0.008414864540100098
2022-03-23,1.1029735803604126,1.1042001247406006,1.096575379371643,1.1030100584030151,0,1.0989205837249756,1.1040307201737374,0.0011360200928076658,0.0075919912819092834,45.194739995340214,1.1049367129802703,0.011860552748472319,1.128657818477215,1.0812156074833257,0.0076247453689575195
2022-03-24,1.1006306409835815,1.101333737373352,1.0969964265823364,1.1006306409835815,0,1.0984881690570287,1.1035773762817165,-0.0021242026269255865,0.007281838789818117,46.385803694831246,1.1034397721290587,0.010232737758472544,1.1239052476460039,1.0829742966121136,0.004337310791015625
2022-03-25,1.1009578704833984,1.1038745641708374,1.0982975959777832,1.100897192955017,0,1.0994528021131242,1.103228108841941,0.00029731091215534633,0.006566960964075005,60.41300147618706,1.1025342166423797,0.009555810010486606,1.1216458366633528,1.0834225966214066,0.005576968193054199
2022-03-28,1.098189115524292,1.0996744632720947,1.094534993171692,1.098189115524292,0,1.1002855045454842,1.1025562430662545,-0.002514860044454559,0.005445876303522035,58.73989879580955,1.1015384018421173,0.008860145672313803,1.119258693186745,1.0838181104974896,0.005139470100402832
2022-03-29,1.099384307861328,1.1136353015899658,1.097044587135315,1.099384307861328,0,1.100968437535422,1.1021333183722644,0.0010883301611173124,0.004560466662583617,57.400613426737436,1.1004280269145965,0.007502223817008931,1.1154324745486144,1.0854235792805786,0.01659071445465088
2022-03-30,1.1091516017913818,1.1170001029968262,1.108905553817749,1.1091516017913818,0,1.101094773837498,1.1030690894948134,0.008884330857018119,0.00477145042783656,51.55685016169752,1.1002218127250671,0.007180260522557755,1.1145823337701826,1.0858612916799517,0.008094549179077148
2022-03-31,1.116183519363403,1.1183055639266968,1.1074001789093018,1.116183519363403,0,1.1021511384419032,1.1048176801439589,0.006339906610299373,0.006250694605727816,62.782838066191175,1.1004692614078522,0.007649691621969783,1.1157686446517918,1.0851698781639125,0.01090538501739502
2022-04-01,1.1072357892990112,1.1075423955917358,1.1029735803604126,1.1072357892990112,0,1.103153211729867,1.105140094697966,-0.008016361027705421,0.005815887355665313,61.96861092352888,1.1004968285560608,0.0076742221734619415,1.1158452729029846,1.085148384209137,0.004568815231323242
2022-04-04,1.1047282218933103,1.105705499649048,1.0980926752090454,1.1047282218933103,0,1.1038967030388969,1.1050851783240119,-0.0022647094954258984,0.005236143723867889,58.673694416078256,1.1013605892658234,0.0070778446359034165,1.1155162785376302,1.0872048999940165,0.0076128244400026635
2022-04-05,1.0975863933563232,1.0991426706314087,1.092132329940796,1.0975863933563232,0,1.103943135057177,1.1040853403283202,-0.006464783279227948,0.0051721655698596485,50.50369946147665,1.1019133448600769,0.006240981785396438,1.1143953084308698,1.089431381289284,0.007010340690612793
2022-04-06,1.090643286705017,1.093744874000549,1.0875712633132937,1.090643286705017,0,1.1031179768698556,1.1022930665118797,-0.006325795120395661,0.0062761219954709,41.27625710947186,1.101954346895218,0.006159533972267228,1.1142734148397524,1.0896352789506836,0.006173610687255415
2022-04-07,1.0898232460021973,1.0935057401657104,1.08672034740448,1.0898232460021973,0,1.1016802191734314,1.1006304237772555,-0.0007518871777932867,0.0068678410548835105,33.02100616408728,1.101076364517212,0.006582011951214772,1.1142403884196415,1.0879123406147824,0.006785392761230469
2022-04-08,1.0864840745925903,1.0891940593719482,1.0836936235427856,1.0864840745925903,0,1.1004066893032618,1.098744243885967,-0.0030639568589273525,0.007915206948337285,34.35352799886168,1.1003308475017548,0.00734435910278706,1.115019565707329,1.0856421292961806,0.005500435829162598
2022-04-11,1.0884946584701538,1.0932785272598269,1.0874648094177246,1.0884946584701538,0,1.0994618790490287,1.0973776324971918,0.0018505415077689769,0.00851300188682127,38.27257834381431,1.1000952422618866,0.007653981420140754,1.115403205102168,1.0847872794216051,0.005813717842102273
2022-04-12,1.087795972824097,1.0903936624526978,1.0851871967315674,1.087795972824097,0,1.098377764225006,1.0961000778741123,-0.000641882475600597,0.00898474205464433,36.41023232579838,1.0997690737247467,0.008042219203721621,1.11585351213219,1.0836846353173035,0.005206465721130371
2022-04-13,1.0826143026351929,1.0873819589614868,1.0810343027114868,1.0826143026351929,0,1.0970908829144068,1.094301974508923,-0.004763457779174862,0.00988261506091362,34.64885728796331,1.0990529716014863,0.008899657827102144,1.1168522872556905,1.081253655947282,0.00634765625
2022-04-14,1.089656949043274,1.0922634601593018,1.0758588314056396,1.089656949043274,0,1.0962836742401123,1.0936826377801698,0.006505222026846003,0.01000325571569329,41.35964840324977,1.0984260439872742,0.009105877978758465,1.1166377999447912,1.0802142880297572,0.01640462875366211
2022-04-15,1.0820988416671753,1.0823447704315186,1.0798786878585815,1.0820988416671753,0,1.095134368964604,1.0921381316317706,-0.006936226472684548,0.010669628916777389,38.537330214909595,1.097033393383026,0.009376249368742696,1.1157858921205115,1.0782808946455407,0.0024660825729370117
2022-04-18,1.081525444984436,1.081583857536316,1.0783647298812866,1.081525444984436,0,1.093858735901969,1.0907231067454592,-0.000529893075068677,0.01117790482365755,37.163670886292984,1.0958939909934997,0.00981915113852775,1.1155322932705551,1.0762556887164443,0.003219127655029297
2022-04-19,1.0781787633895874,1.081209659576416,1.0761945247650146,1.0781787633895874,0,1.0916463903018407,1.089050527631343,-0.0030944085600286275,0.010981660934076687,25.47410432277401,1.0947168290615081,0.010473144163412393,1.115663117388333,1.0737705407346834,0.005015134811401367
2022-04-20,1.0794472694396973,1.08672034740448,1.0784810781478882,1.0794472694396973,0,1.0890223724501473,1.08777009320579,0.0011765266514078832,0.008849644368971543,17.988473748067946,1.0935405135154723,0.010812661604365576,1.1151658367242034,1.0719151903067412,0.008239269256591797
2022-04-21,1.0849870443344116,1.093469738960266,1.082438588142395,1.0849870443344116,0,1.0874331763812475,1.0873990200229395,0.005132047716967181,0.00716459442515162,29.38853401892443,1.092758333683014,0.010838564650919608,1.1144354629848532,1.0710812043811748,0.011031150817870872
2022-04-22,1.0835175514221191,1.0854227542877195,1.077284336090088,1.0835175514221191,0,1.085918128490448,1.0868814908761635,-0.00135438752007766,0.0051990140381554615,29.96486802990735,1.09188631772995,0.010845728256239254,1.1135777742424287,1.0701948612174714,0.008138418197631614
2022-04-25,1.0811045169830322,1.081221342086792,1.0700336694717407,1.0811045169830322,0,1.0847408516066415,1.0861112276904126,-0.002227037703191659,0.0041044575140861,32.90435539552689,1.091032087802887,0.010994961522394072,1.1130220108476752,1.0690421647580988,0.01118767261505127
2022-04-26,1.0714209079742432,1.0738831758499146,1.0644639730453491,1.0714209079742432,0,1.0833678245544434,1.0841525183949234,-0.00895714415828408,0.005077815562885724,31.134333736583358,1.0896339178085328,0.0116362310917783,1.1129063799920893,1.0663614556249763,0.00941920280456543
2022-04-27,1.0643619298934937,1.0656436681747437,1.0516685247421265,1.0643619298934937,0,1.0815491591181075,1.0815137732613995,-0.006588426666132574,0.006841281322874611,27.73750930274737,1.0873944342136384,0.011986973754634287,1.111368381722907,1.0634204867043697,0.013975143432617188
2022-04-28,1.0555092096328735,1.056222677230835,1.0472848415374756,1.0555092096328735,0,1.079336668763842,1.0780464981109295,-0.008317396565946322,0.009582173674663318,25.298318464943307,1.0843607187271118,0.011995285885084087,1.10835129049728,1.0603701469569435,0.008937835693359375
2022-04-29,1.050420165061951,1.0590416193008425,1.0505415201187134,1.050420165061951,0,1.0766170620918274,1.0743629870377323,-0.004821411811927856,0.011904693466419125,21.057610752267323,1.0815199375152589,0.012980029919252184,1.1074799973537632,1.0555598776767545,0.008500099182129128
2022-05-02,1.0535964965820312,1.056769609451294,1.0503981113433838,1.0535964965820312,0,1.0741742423602514,1.0715941216436389,0.0030238676157678945,0.01290145394531224,24.946904756914364,1.0789633512496948,0.01320190133934554,1.1053671539283858,1.0525595485710038,0.006371498107910156
2022-05-03,1.0509058237075806,1.0577645301818848,1.0494390726089478,1.0509058237075806,0,1.0719093510082789,1.0688356819188312,-0.002553798236022531,0.014038918734889988,25.8918536779899,1.0766293227672576,0.013846844892072406,1.1043230125514025,1.0489356329831128,0.008325457572937012
2022-05-04,1.052853226661682,1.0566357374191284,1.0506519079208374,1.052853226661682,0,1.069280513695308,1.0667046878845445,0.0018530708557984443,0.013905156073671376,19.667805029493437,1.074739819765091,0.014401159099377179,1.1035421379638455,1.0459375015663366,0.005983829498291016
2022-05-05,1.0622477531433103,1.0639996528625488,1.0504642724990845,1.0622477531433103,0,1.0678625788007463,1.0661104299190467,0.008922921299691522,0.013503835319884696,34.12018927264266,1.0733610451221467,0.01419969583776939,1.1017604367976854,1.044961653446608,0.013535380363464355
2022-05-06,1.0539740324020386,1.0598385334014893,1.048536777496338,1.0539740324020386,0,1.0658946207591466,1.0644922435834456,-0.007788880434709267,0.0133664165074894,30.377743590788285,1.071735543012619,0.014476465644159445,1.100688474300938,1.0427826117243,0.011301755905151367
2022-05-09,1.053219199180603,1.0572165250778198,1.0496593713760376,1.053219199180603,0,1.0641117947442191,1.0629891709964001,-0.0007161781962646829,0.013266098391439362,31.54223733021118,1.0699717700481415,0.014476045967055986,1.0989238619822534,1.0410196781140295,0.0075571537017822266
2022-05-10,1.056579828262329,1.0585819482803345,1.0527312755584717,1.056579828262329,0,1.0624784060886927,1.0621345919651906,0.0031908163887828245,0.012624957215025986,33.59693258038787,1.068410962820053,0.014131863485898146,1.0966746897918493,1.0401472358482569,0.005850672721862793
2022-05-11,1.0532968044281006,1.0575631856918335,1.0507071018218994,1.0532968044281006,0,1.0602148175239563,1.0609562202935785,-0.003107217974838483,0.011017445709724339,26.507657367067267,1.0669450879096984,0.014101528254307622,1.0951481444183138,1.0387420314010831,0.006856083869934082
2022-05-12,1.05124831199646,1.0529751777648926,1.0373551845550537,1.05124831199646,0,1.057909871850695,1.0596618325206295,-0.0019448387415861301,0.008948551236501,26.282042295479258,1.0650246560573577,0.013445812987425464,1.0919162820322086,1.038133030082507,0.015619993209838867
2022-05-13,1.0379581451416016,1.041938066482544,1.0351966619491575,1.0379581451416016,0,1.0548279881477356,1.0567680075367591,-0.012642271766999169,0.007686667456651368,22.658997788171845,1.0628176212310791,0.014102362615402316,1.0910223464618838,1.0346128960002745,0.0067414045333864525
2022-05-16,1.0400632619857788,1.043797731399536,1.0391337871551514,1.0400632619857788,0,1.0525881562914168,1.0545407081299618,0.0020281326891944396,0.007019420486178954,28.017976912135808,1.0607445120811463,0.014254230322252108,1.0892529727256506,1.032236051436642,0.004663944244384544
2022-05-17,1.0438958406448364,1.055375576019287,1.0432424545288086,1.0438958406448364,0,1.0511262927736555,1.0531213924652785,0.0036849476364928524,0.006489965086703111,34.97333954185305,1.0590303659439086,0.014107924668152602,1.0872462152802138,1.0308145166076035,0.012133121490478516
2022-05-18,1.0547856092453003,1.0564124584197998,1.0492409467697144,1.0547856092453003,0,1.0510746070316859,1.0533432880359481,0.010431853616484466,0.00645516278629295,49.48414708351888,1.0577972829341888,0.013283142001681628,1.0843635669375522,1.0312309989308255,0.007171511650085449
2022-05-19,1.0472739934921265,1.0598047971725464,1.046605348587036,1.0472739934921265,0,1.0508498804909843,1.0525340487634387,-0.007121462112616772,0.006533982096582667,47.83198722456231,1.0559116303920746,0.011815997525185612,1.0795436254424458,1.0322796353417034,0.013199448585510476
2022-05-20,1.057898759841919,1.05988347530365,1.0541073083877563,1.057898759841919,0,1.0511571850095476,1.0532493435739028,0.010145163935909807,0.006770005577276734,52.68866870297253,1.0546306908130645,0.009898920292586256,1.074428531398237,1.034832850227892,0.005776166915893555
2022-05-23,1.056981921195984,1.069027066230774,1.0568702220916748,1.056981921195984,0,1.051591191973005,1.0537470205901802,-0.0008666601008888719,0.006945147626661143,53.88331022292672,1.053424561023712,0.007736970939590099,1.0688985029028923,1.0379506191445318,0.012156844139099121
2022-05-24,1.0682048797607422,1.0746333599090576,1.0662003755569458,1.0682048797607422,0,1.0526877386229379,1.0556747351462552,0.010617928594331305,0.008249214735615525,58.77146737612729,1.0532637596130372,0.007367874233211387,1.06799950807946,1.0385280111466144,0.008432984352111816
2022-05-25,1.0736525058746338,1.0736525058746338,1.064407229423523,1.0736525058746338,0,1.0535023638180323,1.0580717712433723,0.005099795195760315,0.009701233300562197,56.82411515471438,1.0537282884120942,0.008333956203561315,1.070396200819217,1.0370603760049715,0.00924527645111084
2022-05-26,1.0686614513397217,1.0728693008422852,1.0664504766464231,1.0686614513397217,0,1.054551465170724,1.0594837285895522,-0.004648668454274474,0.010516097295747831,59.1476806155921,1.0543859004974365,0.008976050871148208,1.0723380022397329,1.0364337987551402,0.0064188241958620385
2022-05-27,1.0732953548431396,1.0765074491500854,1.0698047876358032,1.0732953548431396,0,1.0559854762894767,1.0613252787566974,0.004336175406728371,0.011630255527580742,61.92758079983235,1.055529659986496,0.009858197193783984,1.075246054374064,1.035813265598928,0.0067026615142822266
2022-05-30,1.073145627975464,1.078515887260437,1.0727427005767822,1.073145627975464,0,1.0571687476975578,1.0629013253191997,-0.00013950201778101246,0.012505176410482247,60.2324170370438,1.0565071165561677,0.010597849252628164,1.077702815061424,1.0353114180509113,0.005773186683654785
2022-05-31,1.0773539543151855,1.0774933099746704,1.068216323852539,1.0773539543151855,0,1.0588871155466353,1.0648283425186644,0.00392148673024062,0.013542083325558401,64.6917588817707,1.0578295230865478,0.011475866551824842,1.0807812561901975,1.034877789982898,0.009276986122131348
2022-06-01,1.0734105110168457,1.0736640691757202,1.063173770904541,1.0734105110168457,0,1.060470129762377,1.0659726316517553,-0.0036603042876901526,0.013871772363487595,63.22833771645221,1.0588573873043061,0.011918778440947625,1.0826949441862013,1.035019830422411,0.0104902982711792
2022-06-02,1.0654165744781494,1.0738486051559448,1.064565896987915,1.0654165744781494,0,1.062431446143559,1.0658984906952744,-0.0074472314707665355,0.01229559673234657,67.49576160469616,1.059015828371048,0.011987086462633068,1.082990001296314,1.035041655445782,0.009282708168029785
2022-06-03,1.0751069784164429,1.0765421390533447,1.0706638097763062,1.0751069784164429,0,1.0649345687457494,1.067126289058097,0.0090954131655403,0.010876852005982962,70.36077118928179,1.060072475671768,0.012442055017725547,1.0849565857072192,1.035188365636317,0.005878329277038574
2022-06-06,1.0726046562194824,1.0752688646316528,1.0686043500900269,1.0726046562194824,0,1.0669851984296526,1.0678567380129484,-0.0023275099568660362,0.009179022223042182,66.94201387569856,1.0610417485237122,0.0126336815520299,1.086309111627772,1.0357743854196524,0.0066645145416259766
2022-06-07,1.0691413879394531,1.070893168449402,1.0652804374694824,1.0691413879394531,0,1.0680106111935206,1.0680280246698157,-0.0032288394982695756,0.008487123345449408,59.285733011947215,1.0616698265075684,0.01271218658729509,1.0870941996821586,1.0362454533329781,0.005612730979919656
2022-06-08,1.0698620080947876,1.0748296976089478,1.0673270225524902,1.0698620080947876,0,1.0696240408079964,1.0682725557931454,0.00067401764019559,0.006034405202678834,66.0177793106715,1.0624980866909026,0.012677535271334504,1.0878531572335717,1.0371430161482336,0.0075026750564575195
2022-06-09,1.071765422821045,1.0770059823989868,1.0647132396697998,1.071765422821045,0,1.070614516735077,1.0687382713968654,0.001779121710889564,0.005013453494764544,61.22119024375202,1.0635239422321319,0.012548760909698116,1.0886214640515282,1.0384264204127356,0.012292742729187012
2022-06-10,1.0619205236434937,1.0642147064208984,1.0507733821868896,1.0619205236434937,0,1.0709672740527563,1.0678292383630825,-0.009185684635764857,0.004064357588236511,53.49186120214146,1.0647220611572266,0.01103155235086925,1.0867851658589651,1.042658956455488,0.013441324234008789
2022-06-13,1.0489987134933472,1.0497585535049438,1.041905403137207,1.0489987134933472,0,1.0695954050336565,1.0653185017137845,-0.012168340155825574,0.007143504420184811,36.738775785690805,1.065168833732605,0.010123924162800639,1.0854166820582063,1.0449209854070038,0.007853150367736816
2022-06-14,1.0415147542953491,1.0482399463653564,1.0398253202438354,1.0415147542953491,0,1.0672998513494218,1.0621446687246598,-0.007134383580962855,0.010234460884781417,28.41686934884966,1.0650497794151306,0.010397557226099368,1.0858448938673293,1.0442546649629318,0.008414626121520996
2022-06-15,1.0440592765808103,1.0507181882858276,1.0386265516281128,1.0440592765808103,0,1.0655425531523568,1.05973328310548,0.002443097685334905,0.01195089783727758,32.916237595568035,1.0645134627819062,0.011200493500572872,1.0869144497830519,1.0421124757807605,0.012091636657714844
2022-06-16,1.0456204414367676,1.0530306100845337,1.0382598638534546,1.0456204414367676,0,1.0635657736233302,1.057851570882985,0.0014952837362547378,0.012826621557058597,29.92587878431509,1.0644307851791381,0.011339684115403934,1.087110153409946,1.0417514169483302,0.014770746231079102
2022-06-17,1.0546854734420776,1.0551751852035522,1.0445609092712402,1.0546854734420776,0,1.0622471911566598,1.0574294245575309,0.008669524471857093,0.012714418687172093,38.14332900989065,1.064270120859146,0.011459236142168852,1.0871885931434837,1.0413516485748084,0.010614275932312012
2022-06-20,1.049141764640808,1.0545185804367063,1.048635721206665,1.049141764640808,0,1.0602320347513472,1.0563244032353012,-0.005256267333593856,0.012366890317075623,32.18533913653533,1.0638781130313872,0.011849147584433678,1.0875764082002546,1.04017981786252,0.005882859230041282
2022-06-21,1.0520778894424438,1.058189868927002,1.051425218582153,1.0520778894424438,0,1.0587082760674613,1.0557582013962536,0.0027985968155990193,0.011924544084669069,36.35588710255406,1.0630717635154725,0.01208558089682125,1.087242925309115,1.03890060172183,0.006764650344848855
2022-06-22,1.053263545036316,1.0602879524230957,1.0471861362457275,1.053263545036316,0,1.0578402025359017,1.055425580548262,0.0011269656037542486,0.011840692145835092,41.485528731235455,1.0620523154735566,0.012005760900762337,1.0860638372750813,1.038040793672032,0.013101816177368164
2022-06-23,1.0564124584197998,1.058066725730896,1.0484488010406494,1.0564124584197998,0,1.0565048796789986,1.055557164264467,0.0029896728110676563,0.010747305782250582,35.580871468108384,1.0614398658275603,0.01196321779594473,1.08536630141945,1.0375134302356708,0.009617924690246582
2022-06-24,1.052011489868164,1.0569148063659668,1.0513699054718018,1.052011489868164,0,1.0550339392253332,1.0550844076782933,-0.00416595669291786,0.009735960252063495,34.56841074676356,1.0603756725788116,0.011798627325713797,1.0839729272302392,1.036778417927384,0.005544900894165039
2022-06-27,1.0566133260726929,1.0614246129989624,1.0550860166549685,1.0566133260726929,0,1.0541390776634216,1.0552882634642131,0.004374321239690504,0.008877453979124348,40.769542908235586,1.059549057483673,0.01143025111097722,1.0824095597056274,1.0366885552617187,0.006338596343993919
2022-06-28,1.0580891370773315,1.0605015754699707,1.0505746603012085,1.0580891370773315,0,1.0532981583050318,1.0556617132792956,0.0013967370732717033,0.007760907222198879,41.42141874331142,1.0585858166217803,0.010634904117033892,1.0798556248558482,1.0373160083877124,0.009926915168762207
2022-06-29,1.0523545742034912,1.053629755973816,1.0468025207519531,1.0523545742034912,0,1.0519116691180639,1.0552207614025217,-0.005419735136569348,0.005656510288594232,36.60377855222412,1.0575330197811126,0.010119839088604227,1.077772697958321,1.037293341603904,0.006827235221862793
2022-06-30,1.04465913772583,1.047877550125122,1.0383893251419067,1.04465913772583,0,1.0506787129810877,1.0538125449122961,-0.007312588994527469,0.005167121824715123,37.72296787431216,1.0564951479434967,0.0103309819319606,1.077157111807418,1.0358331840795756,0.009488224983215332
2022-07-01,1.0477677583694458,1.0477896928787231,1.036989450454712,1.0477677583694458,0,1.0505907876150948,1.0530065733732494,0.0029757272313561955,0.005208217985964794,48.982451576283616,1.0551281869411469,0.00951522329708971,1.0741586335353264,1.0360977403469673,0.01080024242401123
2022-07-04,1.0433948040008545,1.046353459358215,1.041807770729065,1.0433948040008545,0,1.0507250768797738,1.0517250041235968,-0.004173591269306276,0.004975225379696014,51.63837863781142,1.0536676943302155,0.00891431296443901,1.0714963202590935,1.0358390684013374,0.004545688629150169
2022-07-05,1.0433186292648315,1.044855713844299,1.0237300395965576,1.0433186292648315,0,1.050672173500061,1.0506041541424282,-7.300662772213862e-05,0.005054858047349161,49.325543375605136,1.0523765563964844,0.008411025807230195,1.0691986080109448,1.035554504782024,0.021125674247741477
2022-07-06,1.0257673263549805,1.0273902416229248,1.0162187814712524,1.0257673263549805,0,1.049254093851362,1.047292577104102,-0.01682257214386984,0.00831471718583177,35.99864139573047,1.050171822309494,0.009316806551064497,1.068805435411623,1.031538209207365,0.011171460151672363
2022-07-07,1.0186411142349243,1.0219202041625977,1.015331506729126,1.0186411142349243,0,1.0466794967651367,1.0434723820548784,-0.0069472013164806334,0.011481100587128989,23.865097914476962,1.047515606880188,0.010351829643474553,1.0682192661671372,1.026811947593239,0.00658869743347168
2022-07-08,1.0169836282730105,1.0191082954406738,1.007973074913025,1.0169836282730105,0,1.0443824870245797,1.039940548217296,-0.0016271539983527816,0.013910477536812283,25.290365365732214,1.0452687621116639,0.011831672535630305,1.0689321071829245,1.0216054170404032,0.011135220527648926
2022-07-11,1.0166114568710327,1.0167768001556396,1.0054292678833008,1.0166114568710327,0,1.041849170412336,1.036830002704461,-0.0003659561389496302,0.015535768168312425,21.630533454370706,1.043649399280548,0.01340593527545957,1.070461269831467,1.016837528729629,0.011347532272338867
2022-07-12,1.004752516746521,1.007384181022644,1.0001100301742554,1.004752516746521,0,1.038384096963065,1.0325530045767357,-0.011665164743481893,0.018007393123926105,16.855625600677655,1.0418112874031067,0.015986014558389362,1.0737833165198853,1.009839258286328,0.007274150848388672
2022-07-13,1.0033109188079834,1.011623501777649,0.9998899698257446,1.0033109188079834,0,1.0345911298479353,1.0286540598075686,-0.001434779126710306,0.01945241592298015,12.852587196114527,1.0397738695144654,0.018136476854696503,1.0760468232238585,1.0035009158050723,0.011733531951904297
2022-07-14,1.0032706260681152,1.0049240589141846,0.995361626148224,1.0032706260681152,0,1.0311096395765031,1.0252696019756415,-4.0159774116754754e-05,0.02043181621275634,13.687680732093753,1.0376563787460327,0.019812719329140756,1.0772818174043142,0.9980309400877512,0.009562432765960582
2022-07-15,1.0025665760040283,1.009795069694519,1.0010610818862915,1.0025665760040283,0,1.0272491574287415,1.0222425318460933,-0.0007017548862624512,0.02034810597535523,7.252055946640624,1.0350504338741302,0.020855162574148257,1.0767607590224266,0.9933401087258337,0.008733987808227539
2022-07-18,1.009631872177124,1.0198878049850464,1.008237361907959,1.009631872177124,0,1.0237879242215837,1.0205611105568975,0.007047208975643482,0.018757835119278247,14.786574009102893,1.033074939250946,0.021316295236685122,1.0757075297243162,0.9904423487775758,0.011650443077087402
2022-07-19,1.0145177841186523,1.0268205404281616,1.0125659704208374,1.0145177841186523,0,1.021085296358381,1.0197553336984648,0.004839300418470804,0.016965476623715742,22.161000596428437,1.0311969339847564,0.021208268279338815,1.0736134705434341,0.9887803974260788,0.014254570007324219
2022-07-20,1.0231330394744873,1.0271897315979004,1.0175942182540894,1.0231330394744873,0,1.0195477179118566,1.020205694468601,0.008491970757633638,0.015583831246743687,34.37335576417158,1.029690408706665,0.020620277357700195,1.0709309634220654,0.9884498539912645,0.009595513343811035
2022-07-21,1.0182781219482422,1.0275379419326782,1.016311764717102,1.0182781219482422,0,1.0174413153103419,1.01994868479922,-0.00474514783408686,0.013301964851561258,29.121660969743004,1.0277836918830872,0.019764643998205454,1.067312979879498,0.9882544038866763,0.011226177215576172
2022-07-22,1.0221081972122192,1.025514841079712,1.0133970975875854,1.0221081972122192,0,1.015920843396868,1.02023661978762,0.0037613253014305847,0.011149611995940932,34.81256942424443,1.02628852725029,0.018949651564787524,1.064187830379865,0.988389224120715,0.012117743492126465
2022-07-25,1.0200231075286863,1.0256409645080566,1.0180604457855225,1.0200231075286863,0,1.0142568775585719,1.020208151486429,-0.002039989199988823,0.008055131989399961,33.84243695047144,1.0244590163230896,0.017585006248033302,1.059629028819156,0.989289003827023,0.00758051872253418
2022-07-26,1.022494912147522,1.0249052047729492,1.011398434638977,1.022494912147522,0,1.0140231336866106,1.020513052907908,0.0024232829634853736,0.007736610485184076,47.129919473388185,1.0226793050765992,0.01570273474501544,1.0540847745666302,0.9912738355865683,0.013506770133972168
2022-07-27,1.0129557847976685,1.0171905755996704,1.0107442140579224,1.0129557847976685,0,1.0136170387268066,1.019505417159876,-0.009329266323505392,0.007623957931667138,45.21614225988432,1.020709365606308,0.014181629535763468,1.049072624677835,0.9923461065347811,0.006446361541748047
2022-07-28,1.0209290981292725,1.0233110189437866,1.0115723609924316,1.0209290981292725,0,1.0138988580022539,1.019695241289129,0.007871334021945176,0.007828163784823042,53.00091214237381,1.0195228636264801,0.013017305623759955,1.045557474874,0.9934882523789602,0.01173865795135498
2022-07-29,1.0192328691482544,1.0253781080245972,1.014857530593872,1.0192328691482544,0,1.0140861017363412,1.0196335916703456,-0.0016614562011467715,0.00792874306851874,51.9544720881121,1.0180961191654205,0.01119481245219842,1.0404857440698174,0.9957064942610236,0.010520577430725098
2022-08-01,1.0208247900009155,1.0277491807937622,1.0209603309631348,1.0208247900009155,0,1.0152341212545122,1.0197924181144216,0.0015618813922195773,0.0076313492796950665,64.14940285036616,1.0169676184654235,0.009523114827911227,1.036013848121246,0.997921388809601,0.006788849830627441
2022-08-02,1.0261356830596924,1.0293148756027222,1.0183714628219604,1.0261356830596924,0,1.0168644615582056,1.020638186773791,0.005202551026187496,0.007319923044480854,68.81239093867399,1.0161084711551667,0.0076020065243392445,1.0313124842038452,1.000904458106488,0.010943412780761719
2022-08-03,1.015568733215332,1.020762324333191,1.0123199224472046,1.015568733215332,0,1.017742897783007,1.0199622596326632,-0.010297809557554993,0.00621808775759446,58.63742314029653,1.0155985414981843,0.007254098039247121,1.0301067375766786,1.00109034541969,0.008442401885986328
2022-08-04,1.015764594078064,1.0232481956481934,1.0155996084213257,1.015764594078064,0,1.0186856133597237,1.01940257089205,0.0001928583032602127,0.0045046212620156525,59.33610938240492,1.0154547154903413,0.0072190298046477695,1.0298927750996367,1.0010166558810458,0.007648587226867676
2022-08-05,1.024779200553894,1.0249052047729492,1.014363408088684,1.024779200553894,0,1.0197675653866358,1.0201194548469625,0.008874700426048987,0.00394738334105977,60.42745465556937,1.0158444941043854,0.007510495586463757,1.030865485277313,1.0008235029314578,0.010541796684265137
2022-08-08,1.0170871019363403,1.0221813917160034,1.0160020589828491,1.0170871019363403,0,1.0199510880878992,1.0197151411255463,-0.00750610337660651,0.0037387473317326138,51.70293021249294,1.0158682763576508,0.0075138043680973736,1.0308958850938454,1.000840667621456,0.006179332733154297
2022-08-09,1.0197629928588867,1.0246951580047607,1.0189213752746582,1.0197629928588867,0,1.0197103704724992,1.0197215213566584,0.0026309358534308824,0.003624875027452724,47.57546338066341,1.016618800163269,0.007082338488303907,1.0307834771398767,1.0024541231866613,0.005773782730102539
2022-08-10,1.0208144187927246,1.0369141101837158,1.0203040838241575,1.0208144187927246,0,1.0198915345328194,1.0198672410148006,0.0010310493136156396,0.0036111413874722383,51.93034919759313,1.017493975162506,0.006399900224250896,1.0302937756110078,1.0046941747140044,0.016610026359558328
2022-08-11,1.0300782918930054,1.036591649055481,1.0276330709457395,1.0300782918930054,0,1.0204608270100184,1.021228714465228,0.00907498261166495,0.004505070346081339,55.6025568400835,1.0188343584537507,0.00606258827603922,1.0309595350058292,1.0067091819016722,0.008958578109741433
2022-08-12,1.0316723585128784,1.0327378511428833,1.0239607095718384,1.0316723585128784,0,1.0212929163660323,1.022621200338248,0.0015475198656440536,0.005404109456605701,58.24573246365329,1.0202896475791932,0.00541032505300648,1.031110297685206,1.0094689974731803,0.008777141571044922
2022-08-15,1.0256409645080566,1.0267151594161987,1.0182262659072876,1.0256409645080566,0,1.0215176343917847,1.0230238355608892,-0.00584623010886498,0.005522060243715866,52.12004852068154,1.0210901021957397,0.004911825638158517,1.0309137534720567,1.0112664509194227,0.008488893508911133
2022-08-16,1.0161981582641602,1.019440770149231,1.012340426445007,1.0161981582641602,0,1.021749232496534,1.0221137452546587,-0.00920673663656335,0.005193572740996863,52.187797112966884,1.0211741209030152,0.004806734084121312,1.030787589071258,1.0115606527347725,0.007100343704223855
2022-08-17,1.0170663595199585,1.019783854484558,1.014806032180786,1.0170663595199585,0,1.0214733225958688,1.021440760490032,0.0008543621622787434,0.005341005974941636,47.11719646622361,1.0208707869052887,0.004867644355605828,1.0306060756165003,1.011135498194077,0.004977822303772195
2022-08-18,1.0180189609527588,1.0193679332733154,1.0113166570663452,1.0180189609527588,0,1.0213866148676192,1.020984520551729,0.0009366167938638092,0.005389806691304734,49.083878675776,1.0208578288555146,0.004875248502943003,1.0306083258614005,1.0111073318496286,0.008051276206970215
2022-08-19,1.0089900493621826,1.011224627494812,1.003623127937317,1.0089900493621826,0,1.0205412762505668,1.0193852577264562,-0.008869099630645416,0.006330664299024189,41.96986830121345,1.0202019214630127,0.005535861033525717,1.0312736435300642,1.0091301993959612,0.007601499557495117
2022-08-22,1.0035223960876465,1.0048232078552246,0.99277263879776,1.0035223960876465,0,1.0189260414668493,1.0172702095079482,-0.005418936765523519,0.007559121656508084,34.68895891313191,1.0193768858909606,0.00667607790898153,1.0327290417089237,1.0060247300729976,0.0120505690574646
2022-08-23,0.9939467906951904,1.0019036531448364,0.9903146624565125,0.9939467906951904,0,1.0173816170011247,1.0141604203329138,-0.009541994707629509,0.010084726289049571,35.16097468387569,1.0179494798183442,0.008714924285371947,1.035379328389088,1.0005196312476003,0.011588990688323975
2022-08-24,0.9966909885406494,0.9998200535774232,0.9911981225013732,0.9966909885406494,0,1.0160192166055952,1.011831162760612,0.002760910212849188,0.011507935761741988,37.35227950022844,1.017136240005493,0.009885682049988305,1.0369076041054697,0.9973648759055165,0.008621931076050027
2022-08-25,0.9969095587730408,1.0030593872070312,0.995678722858429,0.9969095587730408,0,1.0140285279069627,1.0098416155622691,0.0002192958849878135,0.012261840538929142,29.07913752757308,1.0159352630376817,0.01081590794705368,1.037567078931789,0.9943034471435743,0.007380664348602295
2022-08-26,0.9971283078193665,1.0088272094726562,0.994727909564972,0.9971283078193665,0,1.0126028997557504,1.0081465078632155,0.00021942717310774462,0.013015949622219953,33.12408086660356,1.0148300349712371,0.011564669896783347,1.037959374764804,0.9917006951776705,0.014099299907684215
2022-08-29,0.993867814540863,1.003109574317932,0.991493046283722,0.993867814540863,0,1.0107532441616058,1.006242682086902,-0.003269883377028826,0.013739985451543937,28.318982424586622,1.0134821861982346,0.012371941680180283,1.0382260695585952,0.988738302837874,0.011616528034209872
2022-08-30,1.0014019012451172,1.0052272081375122,0.998342752456665,1.0014019012451172,0,1.0093666357653481,1.0055972446413306,0.00758057217874053,0.013625587982435357,35.33824567469064,1.0122454971075059,0.012276353353202284,1.0367982038139105,0.9876927904011014,0.006884455680847168
2022-08-31,1.0025062561035156,1.0077394247055054,0.9971680045127868,1.0025062561035156,0,1.0073972046375275,1.0051851128362888,0.0011028088293274507,0.012332968032207878,26.248077077116136,1.011592373251915,0.012436672602664747,1.0364657184572446,0.9867190280465855,0.010571420192718617
2022-09-01,1.003905177116394,1.004580855369568,0.9917388558387756,1.003905177116394,0,1.0054138345377786,1.0050144547403028,0.0013954237236539768,0.01017223169480073,25.999274603711072,1.0109994024038316,0.012509783439502709,1.036018969282837,0.9859798355248262,0.012841999530792458
2022-09-02,0.995232880115509,1.0033310651779177,0.9951239228248596,0.995232880115509,0,1.0032418285097395,1.0037102447903303,-0.008638561886686547,0.00865418695020015,24.864137262997744,1.0095220863819123,0.012541405293123292,1.034604896968159,0.9844392757956657,0.008207142353058083
2022-09-05,0.9909427762031556,0.9943521022796632,0.9880836606025696,0.9909427762031556,0,1.0014378726482391,1.0020079156453736,-0.00431065331347924,0.008373378076832534,27.17945458834535,1.008214870095253,0.013063075936996191,1.0343410219692453,0.9820887182212605,0.006268441677093617
2022-09-06,0.9952229857444764,0.9985321760177612,0.9865143895149232,0.9952229857444764,0,0.9998776316642761,1.001103258325254,0.0043193306859965475,0.007188501907496262,31.40886783474555,1.0069878697395325,0.013073787410693446,1.0331354445609193,0.9808402949181456,0.012017786502838024
2022-09-07,0.98979514837265,0.9955201148986816,0.9877811670303344,0.98979514837265,0,0.9978616450514112,0.9995955103315735,-0.005453890685378493,0.005459072113394821,27.678801232029315,1.0054369062185287,0.013186637735041955,1.0318101816886125,0.9790636307484447,0.007738947868347279
2022-09-08,0.9995701909065248,1.00290846824646,0.99334454536438,0.9995701909065248,0,0.9971887980188642,0.9995921344082337,0.009875823850971743,0.004473500703168943,42.63706815181054,1.0039115011692048,0.011886622577399222,1.0276847463240033,0.9801382560144064,0.009563922882079967
2022-09-09,1.0012015104293823,1.011224627494812,1.000930905342102,1.0012015104293823,0,0.9970230204718453,0.9998067178777202,0.0016320209803155628,0.00425857828115647,48.070167439168,1.00238795876503,0.009933461128563598,1.0222548810221572,0.9825210365079028,0.010293722152709961
2022-09-12,1.0071406364440918,1.0196797847747805,1.0064716339111328,1.0071406364440918,0,0.9979654380253383,1.0007845736865697,0.00593199865645655,0.004932078733142038,61.67693921087443,1.0014629423618318,0.008396653192831697,1.018256248747495,0.9846696359761684,0.013208150863647683
2022-09-13,1.0129557847976685,1.018744945526123,0.9995802044868468,1.0129557847976685,0,0.999127209186554,1.0024074018347162,0.005773918897869379,0.0063271120634209345,63.65269233386296,1.001300823688507,0.008124054932097629,1.0175489335527024,0.9850527138243118,0.019164741039276234
2022-09-14,0.9982032775878906,1.0022751092910769,0.9963633418083192,0.9982032775878906,0,0.9992196176733289,1.0018468519351396,-0.014563821472942773,0.006301627613101184,50.872952352607584,1.0003576695919036,0.007244805692970111,1.014847280977844,0.9858680582059635,0.005911767482757679
2022-09-15,0.9984025359153748,1.0017931461334229,0.9957482218742372,0.9984025359153748,0,0.9993106339659009,1.001387609799171,0.00019961698379278303,0.006278257399343238,50.860026969879335,0.9993768483400345,0.005937916122356541,1.0112526805847475,0.9875010160953214,0.00604492425918568
2022-09-16,0.9988313317298888,1.0035626888275146,0.994579553604126,0.9988313317298888,0,0.9996651709079742,1.0010467727232666,0.00042948189641855983,0.006084408856786645,53.48321844465258,0.9988689124584198,0.005489905027123051,1.009848722512666,0.9878891024041737,0.008983135223388672
2022-09-19,1.002234935760498,1.002807855606079,0.996681034564972,1.002234935760498,0,0.9997246733733586,1.001205194461564,0.0034075863686759966,0.006106732075221258,50.62056973772315,0.9988045394420624,0.005439787206595415,1.0096841138552533,0.9879249650288715,0.006126821041107067
2022-09-20,1.0029587745666504,1.0050251483917236,0.995708465576172,1.0029587745666504,0,0.9997569961207253,1.0014390051422424,0.0007222246803870735,0.006123761273199239,50.33902604141549,0.9992551386356354,0.005389236671490311,1.010033611978616,0.9884766652926548,0.009316682815551647
2022-09-21,0.997078537940979,0.9974067807197572,0.9869135022163392,0.997078537940979,0,0.9992693790367672,1.0008576095154071,-0.005862889656867543,0.006039255076736925,45.20731264363585,0.9992745161056519,0.005380220995621785,1.0100349580968955,0.9885140741144083,0.010493278503417969
2022-09-22,0.983071506023407,0.9906188249588012,0.9811038970947266,0.983071506023407,0,0.9984007094587598,0.998486129049807,-0.014048072829345282,0.007388438865914449,42.05700253199251,0.9985826134681701,0.006478136137964602,1.0115388857440992,0.9856263411922409,0.009514927864074596
2022-09-23,0.9841550588607788,0.9852216839790344,0.9703933596611024,0.9841550588607788,0,0.997915872505733,0.99657531969127,0.0011022116201444554,0.00810358055572218,45.37290533550789,0.9979339510202407,0.007236540232590493,1.0124070314854217,0.9834608705550597,0.014828324317932018
2022-09-26,0.968992292881012,0.9699885249137878,0.9582307934761048,0.968992292881012,0,0.9960422515869141,0.9928975827832356,-0.015406887200598907,0.01121077666984374,34.42913895662585,0.9966901749372482,0.00969299613477562,1.0160761672067995,0.9773041826676969,0.011757731437682994
2022-09-27,0.9623712301254272,0.9670057892799376,0.9594534635543824,0.9623712301254272,0,0.994083400283541,0.9888274024288611,-0.0068329364477182075,0.014344260942225278,33.9482195001972,0.9947386413812638,0.012278670532998656,1.0192959824472612,0.9701813003152665,0.007552325725555198
2022-09-28,0.959619164466858,0.9686262011528016,0.954016387462616,0.959619164466858,0,0.9912297555378505,0.984932970700594,-0.0028596715824625862,0.016912726951403036,24.521131054427713,0.9925942867994308,0.014410569841386887,1.0214154264822046,0.9637731471166571,0.014609813690185658
2022-09-29,0.9708172082901,0.9787322282791138,0.9638276100158693,0.9708172082901,0,0.9890594482421875,0.9830508690458615,0.011669258220226686,0.017474855001144964,32.729723100440154,0.9909398883581162,0.014933519633966226,1.0208069276260487,0.9610728490901838,0.014904618263244518
2022-09-30,0.9829555749893188,0.9849985241889954,0.9736055731773376,0.9829555749893188,0,0.9873319438525608,0.9830381631716558,0.012503246332641993,0.016729442832028315,37.15832156004878,0.9903260231018066,0.01499995269323609,1.0203259284882789,0.9603261177153344,0.011392951011657715
2022-10-03,0.9792688488960266,0.9844263195991516,0.9753623604774476,0.9792688488960266,0,0.9849257341453007,0.9825355879349054,-0.0037506538312601645,0.01510409977567163,31.699413070973492,0.9897423267364502,0.015200484277738006,1.0201432952919263,0.9593413581809742,0.00906395912170399
2022-10-04,0.983206868171692,0.998013973236084,0.9806710481643676,0.983206868171692,0,0.9838545620441437,0.982625091966477,0.004021387262655107,0.01461384326698471,40.76841451762753,0.9891415208578109,0.01520992571470618,1.0195613722872232,0.9587216694283985,0.01734292507171642
2022-10-05,0.998432457447052,0.999420404434204,0.9835453629493712,0.998432457447052,0,0.9838566992964063,0.9847327406972203,0.015485641697837726,0.014616136556996963,50.01554370133305,0.989573386311531,0.015351425586236749,1.0202762374840044,0.9588705351390575,0.015875041484832764
2022-10-06,0.9910998940467834,0.9926347136497498,0.978933334350586,0.9910998940467834,0,0.9833044537476131,0.985581694477162,-0.0073440755512070854,0.014145299365225052,46.25245864506993,0.989149871468544,0.015176966464759445,1.0195038043980629,0.9587959385390251,0.013701379299163707
2022-10-07,0.9789045453071594,0.9816046953201294,0.9731696844100952,0.9789045453071594,0,0.9816379972866603,0.9846914079211617,-0.012304863326973892,0.013077521491976772,39.57954964754815,0.9880350232124329,0.015063607040259792,1.0181622372929524,0.9579078091319133,0.00843501091003418
2022-10-10,0.9735012650489808,0.9752291440963744,0.96825110912323,0.9735012650489808,0,0.9795338894639697,0.9831993888715376,-0.00551972128853806,0.01167815014435084,37.37080511101448,0.9863530546426773,0.014691490892434116,1.0157360364275456,0.9569700728578091,0.00697803497314442
2022-10-11,0.9710057377815248,0.975809633731842,0.9673987030982972,0.9710057377815248,0,0.9776715465954372,0.9815735687262025,-0.0025634555979036078,0.01070329808200492,38.487807728079744,0.9842555522918701,0.013651301748438672,1.0115581557887474,0.9569529487949928,0.00841093063354481
2022-10-12,0.9700167775154114,0.9733022451400756,0.9669683575630188,0.9700167775154114,0,0.9767390659877232,0.9800326632314305,-0.0010184906511190306,0.010765151449473527,43.48708609980468,0.9828462272882461,0.013590403882299247,1.0100270350528446,0.9556654195236476,0.006333887577056774
2022-10-13,0.9707984328269958,0.979508638381958,0.9635953307151794,0.9707984328269958,0,0.9757850212710244,0.9788014325108393,0.000805816280401439,0.0106485884512309,43.316338369783914,0.9814660221338272,0.013326534203983042,1.0081190905417932,0.9548129537258611,0.015913307666778564
2022-10-14,0.975134015083313,0.9803825616836548,0.9709492325782776,0.975134015083313,0,0.976223715714046,0.9783124435205025,0.0044659963486877174,0.010472271000207367,53.446812097711366,0.9802811563014984,0.012741965392102012,1.0057650870857024,0.9547972255172943,0.009433329105377197
2022-10-17,0.973937451839447,0.9847074747085572,0.9724504947662354,0.973937451839447,0,0.9770498744079045,0.9777291112963618,-0.0012270756894514623,0.009724948446058783,56.91195045169234,0.9788662821054459,0.011704773504342847,1.0022758291141316,0.9554567350967602,0.012256979942321888
2022-10-18,0.9846396446228028,0.9873617887496948,0.9814602136611938,0.9846396446228028,0,0.9788370515619006,0.9786505157398873,0.010988583263887186,0.008496737029680007,63.65472167754645,0.9779503256082535,0.0103596807729725,0.9986696871541985,0.9572309640623085,0.0059015750885009766
2022-10-19,0.9863878488540648,0.9866993427276612,0.9760192036628724,0.9863878488540648,0,0.9799492401736123,0.9796821601551109,0.001775476176293589,0.008384547079647977,59.47481429897864,0.9774157911539078,0.009566183527790827,0.9965481582094894,0.9582834240983261,0.010680139064788818
2022-10-20,0.9766482710838318,0.9845135807991028,0.9755526185035706,0.9766482710838318,0,0.9794987184660775,0.9792776416122737,-0.009873983931926955,0.008380035602471301,46.046558545633864,0.977094629406929,0.009473688098258489,0.996042005603446,0.958147253210412,0.008960962295532227
2022-10-21,0.9778899550437928,0.9856975078582764,0.9707323908805848,0.9778899550437928,0,0.9794002260480609,0.9790926167364763,0.0012713727108564221,0.00839104113015263,49.1083748171194,0.9767813742160797,0.009330439319443688,0.995442252854967,0.9581204955771924,0.01496511697769154
2022-10-24,0.9860085844993592,0.9889631271362304,0.9808922410011292,0.9860085844993592,0,0.9796003486428944,0.9800147457715274,0.00830219127795706,0.00852121161773482,51.71873137477303,0.9776321887969971,0.009358583936202789,0.9963493566694027,0.9589150209245915,0.008070886135101207
2022-10-25,0.9886503219604492,0.9975360631942748,0.9852216839790344,0.9886503219604492,0,0.9789016246795655,0.9811661559300503,0.0026792235915789053,0.007148761588310831,42.90342304103306,0.9789461433887482,0.008938537611396383,0.996823218611541,0.9610690681659554,0.012314379215240367
2022-10-26,0.9963731169700624,1.0080543756484983,0.9944608211517334,0.9963731169700624,0,0.9792782834597997,0.9831937507353853,0.007811452480285697,0.007936436716388575,53.80398982506902,0.9807838410139084,0.008524504247671504,0.9978328495092513,0.9637348325185654,0.013593554496764915
2022-10-27,1.009193778038025,1.0094891786575315,0.9976455569267272,1.009193778038025,0,0.981441800083433,0.9866604210424039,0.012867329366482494,0.01125951644649302,71.65463983861586,0.9827026695013046,0.010297748806835354,1.0032981671149752,0.9621071718876338,0.011843621730804332
2022-10-28,0.9967803955078124,0.9998999834060668,0.993147313594818,0.9967803955078124,0,0.9831045951162067,0.9880097509711251,-0.012300296335898353,0.011706701658518566,65.12670038320334,0.9833939105272294,0.010768841760753687,1.0049315940487367,0.9618562270057219,0.006752669811248779
2022-10-31,0.9955002665519714,0.9968101382255554,0.9873520135879515,0.9955002665519714,0,0.9848542043140958,0.9890084863819046,-0.0012842637772674248,0.01158919821041631,66.171901071017,0.9842054814100265,0.011049567463016708,1.0063046163360598,0.9621063464839931,0.00945812463760387
2022-11-01,0.9886307716369628,0.9951634407043456,0.9862127304077148,0.9886307716369628,0,0.9861837753227779,0.9889581244159125,-0.00690054553054209,0.010796681459105947,61.40391622426371,0.9844766765832901,0.011090253924358423,1.006657184432007,0.9622961687345732,0.008950710296630748
2022-11-02,0.9877909421920776,0.9913553595542908,0.9867576956748962,0.9877909421920776,0,0.9873975259917123,0.9888025001194012,-0.0008494874618302228,0.009847443435917813,60.403093556210315,0.9839446008205414,0.010631233415322596,1.0052070676511866,0.9626821339898962,0.004597663879394531
2022-11-03,0.9814409017562866,0.9839614629745485,0.9731224179267884,0.9814409017562866,0,0.9878480178969247,0.9878209536709859,-0.006428526689766123,0.009376256100446982,53.76823361823363,0.9834616512060166,0.01050775361825688,1.0044771584425303,0.9624461439695028,0.01083904504776001
2022-11-04,0.9749630093574524,0.993818461894989,0.9748489260673524,0.9749630093574524,0,0.9879212720053536,0.9861065610958482,-0.0066003896793398464,0.00926253325839105,50.57637447524665,0.9832645744085312,0.01063392720878358,1.0045324288260984,0.961996719990964,0.018969535827636608
2022-11-07,0.9928810596466064,1.0005003213882446,0.9919454455375672,0.9928810596466064,0,0.9885099445070539,0.9870098275692827,0.018378184728221614,0.00929974239297991,54.28427656742275,0.9842335641384125,0.010580278343030406,1.0053941208244732,0.9630730074523517,0.00855487585067738
2022-11-08,1.0018634796142578,1.0094178915023804,0.9976056814193726,1.0018634796142578,0,0.9896153467042106,0.9889903145086127,0.009046823766432288,0.009926710374383032,57.48219923713492,0.9857764512300491,0.010797494895894903,1.0073714410218388,0.9641814614382593,0.011812210083007812
2022-11-09,1.008084774017334,1.0088781118392944,1.0012515783309937,1.008084774017334,0,0.9918608111994607,0.9915362424431089,0.006209722711393306,0.010315782043055438,65.7342941066616,0.9876798510551452,0.011220205825621655,1.0101202627063885,0.9652394394039019,0.007626533508300781
2022-11-10,1.0019538402557373,1.018298864364624,0.9937788844108582,1.0019538402557373,0,0.993579660143171,0.9929252554847927,-0.006081764073436191,0.00980079235104597,61.482253806656125,0.9892376214265823,0.01091160384834067,1.0110608291232637,0.967414413729901,0.02451997995376587
2022-11-11,1.0192224979400637,1.0338374376296997,1.016621708869934,1.0192224979400637,0,0.9959520825317928,0.9964315544788289,0.017234983280186578,0.011669020165909563,64.57552008813789,0.9914420455694198,0.012280044282304071,1.016002134134028,0.9668819570048117,0.017215728759765625
2022-11-14,1.0328551530838013,1.0350252389907837,1.0273585319519043,1.0328551530838013,0,0.999109570469175,1.0012880342928252,0.013375543780960841,0.015036118307648175,67.69208968924801,0.9943879306316376,0.014690240513028674,1.0237684116576948,0.9650074496055802,0.0076667070388793945
2022-11-15,1.0319278240203855,1.0475481748580933,1.031385064125061,1.0319278240203855,0,1.001649192401341,1.0053733395898332,-0.0008978306983772333,0.017361223754905942,65.04862157715232,0.9967523396015168,0.016705917766930665,1.030164175135378,0.9633405040676555,0.016163110733032227
2022-11-16,1.0357863903045654,1.0437324047088623,1.0336451530456543,1.0357863903045654,0,1.0035486647060938,1.009428413018464,0.003739182328805768,0.019565025214212974,62.17937518426709,0.9992222666740418,0.018633430245036012,1.036489127164114,0.9619554061839698,0.010087251663208008
2022-11-17,1.039501070976257,1.040571928024292,1.0309491157531738,1.039501070976257,0,1.0066001415252683,1.01343810074617,0.0035863385602117326,0.021648730019616955,71.25999620322244,1.002364906668663,0.019884088862083312,1.0421330843928296,0.9625967289444964,0.009622812271118164
2022-11-18,1.036172866821289,1.0395874977111816,1.0328017473220823,1.036172866821289,0,1.009505327258791,1.0164694028895191,-0.003201732300133542,0.022745845010214268,69.83641288580647,1.0052790522575379,0.020373192951843536,1.046025438161225,0.9645326663538508,0.006785750389099343
2022-11-21,1.0330898761749268,1.0333247184753418,1.022704005241394,1.0330898761749268,0,1.0126809775829315,1.0186854659942401,-0.0029753632285509646,0.02271081130787533,72.5146908433215,1.0076331168413162,0.020745996986179592,1.0491251108136754,0.966141122868957,0.010620713233947754
2022-11-22,1.0245691537857056,1.0290182828903198,1.0243382453918457,1.0245691537857056,0,1.015307992696762,1.0194699576997688,-0.008247803589722214,0.021715556825888646,67.28064937843703,1.0094290584325791,0.02057017021392737,1.0505693988604339,0.9682887180047244,0.004680037498474121
2022-11-23,1.0311086177825928,1.0382059812545776,1.0298130512237549,1.0311086177825928,0,1.0188556866986411,1.0210217790441454,0.00638264774293118,0.01972274039598873,73.29545835765518,1.0111658334732057,0.02087396273536682,1.0529137589439392,0.9694179080024721,0.008392930030822754
2022-11-24,1.04162335395813,1.0448229312896729,1.0383676290512085,1.04162335395813,0,1.0236171398844038,1.0237686556993435,0.01019750586330015,0.01600774762313251,80.12469272611402,1.0127873122692108,0.02194480128701439,1.0566769148432396,0.9688977096951821,0.0064553022384643555
2022-11-25,1.040810227394104,1.04290509223938,1.0356147289276123,1.040810227394104,0,1.027040651866368,1.0260408652586448,-0.0007806339603814161,0.013917430524400502,75.62076634358638,1.0149888038635253,0.022457026622908324,1.0599028571093418,0.9700747506177086,0.0072903633117678
2022-11-28,1.0367528200149536,1.0496704578399658,1.0342438220977783,1.0367528200149536,0,1.0295327476092748,1.0274691258928192,-0.003898316208238106,0.01206240814096037,69.6868513065014,1.0170514315366745,0.022467313689743272,1.0619860589161612,0.972116804157188,0.0154266357421875
2022-11-29,1.034554123878479,1.039414644241333,1.032545804977417,1.034554123878479,0,1.0314234154564994,1.0284137922909071,-0.002120752501491019,0.010402203434426079,65.6460116379194,1.0193475991487504,0.021744916066755972,1.0628374312822624,0.9758577670152384,0.006868839263916016
2022-11-30,1.0324499607086182,1.0394577980041504,1.0292301177978516,1.0324499607086182,0,1.0336017097745622,1.0289519480799352,-0.002033884087158655,0.006030973122915799,68.92725341004254,1.0215805500745774,0.020596517339328924,1.0627735847532351,0.9803875153959195,0.010227680206298828
2022-12-01,1.042535424232483,1.053141474723816,1.0397928953170776,1.042535424232483,0,1.0352669187954493,1.0307630782336081,0.009768476834405293,0.00486014327416443,65.88545685827569,1.0246352761983872,0.018780452258586728,1.0621961807155607,0.9870743716812138,0.013348579406738281
2022-12-02,1.052842140197754,1.0545185804367063,1.0434166193008425,1.052842140197754,0,1.0366945607321603,1.0337069531621608,0.009886202162251445,0.006688741613798683,64.26576770511238,1.0285292327404023,0.01577212311951163,1.0600734789794255,0.996984986501379,0.011101961135863814
2022-12-05,1.0544185638427734,1.0594117641448977,1.0492409467697144,1.0544185638427734,0,1.0383010421480452,1.0364685012529091,0.001497302952485846,0.008023513467503206,65.90545047429893,1.0316061079502106,0.014394003658526573,1.0603941152672638,1.0028181006331573,0.010170817375183328
2022-12-06,1.0496923923492432,1.0532081127166748,1.0477018356323242,1.0496923923492432,0,1.0392943280083793,1.0382316867324204,-0.0044822536852026085,0.008532853878389854,59.71510616892419,1.0339975535869599,0.013108191459568312,1.0602139365060965,1.0077811706678232,0.005506277084350586
2022-12-07,1.0469011068344116,1.0546187162399292,1.0443755388259888,1.0469011068344116,0,1.0398229019982475,1.039387609412686,-0.0026591461795627547,0.008772481510181146,55.23743794484826,1.0359383702278138,0.011886221878139147,1.059710813984092,1.0121659264715355,0.01024317741394043
2022-12-08,1.051325798034668,1.0563119649887085,1.049163818359375,1.051325798034668,0,1.0409052542277746,1.0409793678956167,0.004226465299703053,0.009211308541274223,60.560702939104246,1.0384069681167603,0.009302824377384136,1.0570126168715286,1.019801319361992,0.007148146629333496
2022-12-09,1.0559661388397217,1.0588396787643433,1.0520004034042358,1.0559661388397217,0,1.0425392729895455,1.0429776040214975,0.004413799046621314,0.009732564427438913,65.60467083008056,1.0402441501617432,0.008935688674670114,1.0581155275110834,1.022372772812403,0.006839275360107422
2022-12-12,1.0522217750549316,1.0579211711883545,1.0507071018218994,1.0522217750549316,0,1.0445144602230616,1.0442101601592888,-0.003545912740065993,0.008537713132319316,70.17760558651236,1.0412124812602996,0.009139840571157479,1.0594921624026146,1.0229328001179847,0.007214069366455078
2022-12-13,1.0541739463806152,1.066894292831421,1.0529308319091797,1.0541739463806152,0,1.046161983694349,1.045538664988799,0.0018552850472817184,0.00795753867502286,68.0378944385193,1.0423247873783112,0.00930265170927213,1.0609300907968555,1.023719483959767,0.013963460922241211
2022-12-14,1.062665343284607,1.0669853687286377,1.0620108842849731,1.062665343284607,0,1.0476649829319544,1.0478222220949067,0.00805502444178785,0.008958567480376,66.99335141973062,1.0436687350273133,0.010206063523514863,1.064080862074343,1.0232566079802836,0.004974484443664551
2022-12-15,1.0676347017288208,1.0725586414337158,1.0607378482818604,1.0676347017288208,0,1.0495810168130058,1.0504638860460953,0.00467631552644221,0.010166810635900927,70.3004561332602,1.0450754165649414,0.011462832380771339,1.0680010813264842,1.0221497518033986,0.011820793151855469
2022-12-16,1.064056158065796,1.0663254261016846,1.0599396228790283,1.064056158065796,0,1.0515312552452087,1.0522761889820553,-0.0033518427765883985,0.010135435031406086,70.81371193023716,1.0464695811271667,0.012005860974532446,1.0704813030762317,1.0224578591781017,0.00638580322265625
2022-12-19,1.05850350856781,1.0659003257751465,1.0577198266983032,1.05850350856781,0,1.053241925580161,1.053106498260156,-0.005218380116402188,0.009007993832869236,67.36878870979456,1.0477402627468109,0.01185921699404218,1.0714586967348951,1.0240218287587266,0.008180499076843262
2022-12-20,1.0614584684371948,1.065552830696106,1.058066725730896,1.0614584684371948,0,1.055313961846488,1.0542200942837612,0.0027916391825502096,0.006961269119844046,70.78136021958089,1.0495847284793853,0.010895260501769949,1.0713752494829252,1.0277942074758455,0.007486104965209961
2022-12-21,1.062699317932129,1.0643506050109863,1.059703707695007,1.062699317932129,0,1.056754239967891,1.055350657436877,0.0011690042821561608,0.00615305631927984,66.5413614715863,1.051164263486862,0.010352102506671478,1.0718684685002051,1.030460058473519,0.004646897315979226
2022-12-22,1.0610079765319824,1.065745830535889,1.05840265750885,1.0610079765319824,0,1.0573375139917647,1.0561049666495577,-0.0015915521649506603,0.006140710036715491,57.801573526129005,1.0521334946155547,0.01031921062904849,1.0727719158736517,1.0314950733574577,0.007343173027038796
2022-12-23,1.060333013534546,1.063117265701294,1.0587948560714722,1.060333013534546,0,1.057759974684034,1.0566687062342228,-0.0006361526137086404,0.006127882567177862,55.74965465451545,1.053109633922577,0.0101130317780337,1.0733356974786443,1.0328835703665096,0.004322409629821777
2022-12-26,1.0667804479599,1.0637166500091553,1.060895323753357,1.0667804479599,0,1.0589805500847953,1.0580169384643132,0.006080575010922296,0.006099105072495542,66.07399566261711,1.0546110153198243,0.009780371579318407,1.0741717584784611,1.0350502721611874,0.00282132625579834
2022-12-27,1.064022183418274,1.0668998956680298,1.0612443685531616,1.064022183418274,0,1.0602034841264998,1.058817637791508,-0.0025855972022179596,0.005130266486964089,66.11506819803687,1.0560844182968139,0.0087669551828878,1.0736183286625895,1.0385505079310382,0.005655527114868164
2022-12-28,1.0637166500091553,1.067429542541504,1.0613908767700195,1.0637166500091553,0,1.0610885449818201,1.0594708394205277,-0.0002871494728964308,0.004512526250354317,62.643166447720525,1.0576477527618409,0.006924835710869938,1.0714974241835808,1.0437980813401009,0.006038665771484375
2022-12-29,1.062925100326538,1.0670194625854492,1.0612331628799438,1.062925100326538,0,1.06158561365945,1.059931407541329,-0.0007441358397561881,0.004282274917947588,57.70591434470159,1.0586672365665435,0.00602536140871301,1.0707179593839695,1.0466165137491175,0.005786299705505371
2022-12-30,1.066075325012207,1.0697933435440063,1.0639203786849976,1.066075325012207,0,1.0625751529421126,1.0607505965374462,0.002963731578736084,0.0034769551542437314,65.54509216404932,1.0593288958072662,0.0060783775090281975,1.0714856508253225,1.0471721407892098,0.005872964859008789
2023-01-02,1.0709733963012695,1.071237325668335,1.0653257369995115,1.0709733963012695,0,1.0637751136507307,1.062113636505956,0.004594488939143604,0.003245723374151183,67.68171803403747,1.060156637430191,0.006487910609943702,1.0731324586500783,1.0471808162103036,0.005911588668823464
2023-01-03,1.0677714347839355,1.068261981010437,1.052155375480652,1.0677714347839355,0,1.0641398344721114,1.0628680096096867,-0.0029897675594858786,0.0033948836768126957,56.04762079569425,1.0610605895519256,0.006206570467642486,1.0734737304872106,1.0486474486166406,0.016106605529784934
2023-01-04,1.0546854734420776,1.063151240348816,1.0545964241027832,1.0546854734420776,0,1.0632148895944868,1.061777004787339,-0.012255395598315344,0.004066954826585151,37.1362660995031,1.061449807882309,0.005472563908110628,1.0723949356985303,1.0505046800660875,0.008554816246032715
2023-01-05,1.0606365203857422,1.06326425075531,1.0515578985214231,1.0606365203857422,0,1.0629706297601973,1.0616249402004594,0.005642484981084106,0.004114949810909981,46.75585813806207,1.0619153439998628,0.004935699931491228,1.0717867438628452,1.0520439441368803,0.01170635223388694
2023-01-06,1.0522217750549316,1.062225103378296,1.0485258102416992,1.0522217750549316,0,1.0625219345092773,1.0603711848477224,-0.007933674891517195,0.004905967144004271,44.34759476453943,1.0617281258106233,0.005235168354533022,1.0721984625196892,1.0512577891015573,0.01369929313659668
2023-01-09,1.0656323432922363,1.0759514570236206,1.0652804374694824,1.0656323432922363,0,1.0628200684274947,1.0610726726403243,0.012745001629152375,0.004962861969597587,53.16094807678071,1.0623986542224884,0.00479370644829939,1.071986067119087,1.0528112413258897,0.010671019554138184
2023-01-10,1.073318362236023,1.0756852626800537,1.0713175535202026,1.073318362236023,0,1.0635785715920585,1.0627054312530841,0.007212636696105612,0.005699763824928737,57.32674456286612,1.0633558750152587,0.004972987981566409,1.0733018509783916,1.053409899052126,0.004367709159851074
2023-01-11,1.0738946199417114,1.077470064163208,1.0726851224899292,1.0738946199417114,0,1.0644990461213248,1.0641973230782344,0.0005368935499137084,0.006265203460031689,59.03025483293765,1.063917338848114,0.005497200520422599,1.0749117398889592,1.0529229378072689,0.004784941673278809
2023-01-12,1.0766000747680664,1.0838346481323242,1.073802471160889,1.0766000747680664,0,1.0656609790665763,1.0658510233035454,0.0025192926532231485,0.006908544873885031,61.08365741688353,1.0643656075000762,0.006143799465677351,1.076653206431431,1.0520780085687216,0.010032176971435325
2023-01-13,1.0860239267349243,1.0867793560028076,1.0780625343322754,1.0860239267349243,0,1.0670355132647924,1.0685407437610626,0.008753345079312025,0.008803013063894218,62.60057762860042,1.0654639959335328,0.007820476010972865,1.0811049479554786,1.049823043911587,0.008716821670532227
2023-01-16,1.082461953163147,1.0875475406646729,1.080263614654541,1.082461953163147,0,1.0683526396751404,1.0703969050146738,-0.0032798297386377184,0.009655675455328343,61.948548722987454,1.0666619181632995,0.008503308544838703,1.083668535252977,1.049655301073622,0.007283926010131836
2023-01-17,1.083012938499451,1.086909294128418,1.078702092170715,1.083012938499451,0,1.069730945995876,1.072079042812644,0.0005090112725845142,0.010298814926314893,62.46390626949072,1.0677396416664124,0.009150407198197487,1.0860404560628074,1.0494388272700175,0.008207201957702859
2023-01-18,1.0793308019638062,1.0884472131729126,1.0767043828964231,1.0793308019638062,0,1.0709027818271093,1.073045944032799,-0.003399900781191456,0.010397727436022085,60.2153506759956,1.0685712158679963,0.009419992475699097,1.0874112008193946,1.049731230916598,0.01174283027648948
2023-01-19,1.0797853469848633,1.0833063125610352,1.0782949924468994,1.0797853469848633,0,1.0718820691108704,1.0739445310930742,0.00042113596705495304,0.010552561264537531,58.833369688441785,1.0695100843906402,0.00956119782189422,1.0886324800344287,1.0503876887468517,0.005011320114135742
2023-01-20,1.083388328552246,1.0856584310531616,1.0804619789123535,1.083388328552246,0,1.07276884998594,1.0752037040876306,0.0033367572336886475,0.010983183424306776,58.134699322941515,1.0706628501415252,0.009783776114142231,1.0902304023698097,1.0510952979132406,0.0051964521408081055
2023-01-23,1.086507797241211,1.0919533967971802,1.0847516059875488,1.0864723920822144,0,1.0741071615900313,1.076710916508108,0.0028793633886876613,0.011458633149130268,62.29000828863199,1.0716492176055907,0.010349813403835628,1.092348844413262,1.0509495907979194,0.007201790809631348
2023-01-24,1.0874292850494385,1.089680790901184,1.0839285850524902,1.0874292850494385,0,1.0764460052762712,1.0781400323136188,0.0008481189095626007,0.010490280861946144,75.55653560655524,1.072819572687149,0.010757368025999992,1.094334308739149,1.051304836635149,0.005752205848693848
2023-01-25,1.088814616203308,1.0922634601593018,1.0858116149902344,1.088814616203308,0,1.0784587264060974,1.0795633101655775,0.0012739505666399253,0.009910856433625144,73.68074103312631,1.0740744709968566,0.011098082315468584,1.0962706356277938,1.0518783063659194,0.006451845169067383
2023-01-26,1.0922038555145264,1.0932546854019165,1.0851635932922363,1.0922038555145264,0,1.0813145892960685,1.081248716212104,0.00311277903582563,0.007143009473382499,86.70080756352147,1.075538408756256,0.011474651770693232,1.0984877122976424,1.0525891052148697,0.008091092109680176
2023-01-27,1.0894432067871094,1.0901559591293335,1.0838816165924072,1.0894432067871094,0,1.0830153652599879,1.0823413149554382,-0.0025275947466020243,0.005837137303228425,77.16870878582749,1.0767068028450013,0.011648753245495446,1.1000043093359921,1.0534092963540105,0.0062743425369262695
2023-01-30,1.0871455669403076,1.0915005207061768,1.0854581594467163,1.0871455669403076,0,1.0840030227388655,1.082981881886754,-0.0021090037851332344,0.005205828026894976,67.98918083941528,1.0775154113769532,0.011790260211844738,1.1010959318006426,1.0539348909532638,0.006042361259460449
2023-01-31,1.0850694179534912,1.0868383646011353,1.0804152488708496,1.0850694179534912,0,1.0848012225968497,1.0832602200289858,-0.0019097249254850235,0.004317638780016958,63.99232176921706,1.0783803105354308,0.011671718869092613,1.101723748273616,1.0550368727972457,0.0064231157302856445
2023-02-01,1.0860947370529177,1.092442512512207,1.085293173789978,1.0860947370529177,0,1.0854794127600533,1.0836381556321768,0.0009449341051011029,0.003619617782894508,62.41075296295495,1.0799507737159728,0.010354483863239899,1.1006597414424526,1.059241805989493,0.007149338722229004
2023-02-02,1.1012852191925049,1.102657437324524,1.088767170906067,1.1012852191925049,0,1.086569505078452,1.0859910974402205,0.013986332519026812,0.005569228861546815,67.33513336384522,1.081983208656311,0.010353219005548888,1.1026896466674088,1.0612767706452133,0.013890266418457031
2023-02-03,1.09051251411438,1.094067931175232,1.0811045169830322,1.09051251411438,0,1.0871445451463972,1.0865939529967752,-0.009781939220090186,0.005527956736610193,57.857407135926245,1.0838977456092835,0.007780849698093028,1.0994594450054695,1.0683360462130975,0.012963414192199707
2023-02-06,1.079086184501648,1.0800302028656006,1.0718343257904053,1.079086184501648,0,1.0868640627179826,1.0855929171974248,-0.010477944512183424,0.005844284460791838,46.838589554100835,1.084570437669754,0.00661245525220732,1.0977953481741687,1.0713455271653394,0.008195877075195312
2023-02-07,1.0730764865875244,1.0745997428894043,1.0669511556625366,1.0730764865875244,0,1.086417325905391,1.0839240597827713,-0.005569247387685716,0.006648173816395498,45.146578599246986,1.0845583438873292,0.006634302840894387,1.097826949569118,1.0712897382055404,0.007648587226867676
2023-02-08,1.0729728937149048,1.0760208368301392,1.071684956550598,1.0729728937149048,0,1.0859307221003942,1.0824639043070559,-9.653820013244552e-05,0.007379969997066338,44.684504354005476,1.0845122575759887,0.006714989821902461,1.0979422372197936,1.0710822779321838,0.004335880279541238
2023-02-09,1.0715816020965576,1.0790396928787231,1.0711569786071775,1.0715816020965576,0,1.0850873844964164,1.0810129306789895,-0.0012966698660300535,0.008308975066755852,40.45834473350571,1.0842613339424134,0.007108448045888656,1.0984782300341907,1.0700444378506362,0.007882714271545632
2023-02-10,1.0742292404174805,1.0751763582229614,1.0669283866882324,1.0742292404174805,0,1.0842103447232927,1.0801084386441218,0.002470776201964231,0.008782065660117284,40.00077663870768,1.0836715996265411,0.007436223838946319,1.0985440473044337,1.0687991519486486,0.008247971534729004
2023-02-13,1.0677714347839355,1.0725010633468628,1.065723180770874,1.0677714347839355,0,1.082806212561471,1.0784635047960969,-0.00601157126484031,0.009746379082048093,35.31546870603154,1.0829370737075805,0.008243697770254068,1.0994244692480886,1.0664496781670725,0.0067778825759887695
2023-02-14,1.073041915893555,1.0798436403274536,1.0709964036941528,1.073041915893555,0,1.0816795911107744,1.077740626275758,0.004935963763336604,0.00990868104369632,38.86407899365923,1.0824385225772857,0.008535220632692476,1.0995089638426707,1.0653680813119006,0.008847236633300781
2023-02-15,1.0735719203948977,1.0744600296020508,1.066598415374756,1.0735719203948977,0,1.0803487386022295,1.0771847988249768,0.000493927118309756,0.00963384780519707,36.291940893335976,1.0821505784988406,0.008740258651866803,1.0996310958025741,1.064670061195107,0.0078616142272947
2023-02-16,1.0691757202148438,1.0722250938415527,1.0655754804611206,1.0691757202148438,0,1.0789010609899248,1.076116921676959,-0.004094928431470968,0.00968476006489152,35.439048454286436,1.0816200971603396,0.009201186202402293,1.1000224695651442,1.063217724755535,0.006649613380432129
2023-02-17,1.0665756464004517,1.0681477785110474,1.0613795518875122,1.0665756464004517,0,1.0774317809513636,1.0748447516400914,-0.0024318489142922672,0.009895805251492772,35.28571063111316,1.0807794630527499,0.009780889706191172,1.1003412424651322,1.0612176836403675,0.006768226623535156
2023-02-20,1.0684444904327393,1.070549249649048,1.0671560764312744,1.0684444904327393,0,1.076244286128453,1.073991383479111,0.0017521907973379047,0.009906277640616771,38.07230852916331,1.0798762977123262,0.0100542576730557,1.0999848130584375,1.0597677823662148,0.0033931732177736595
2023-02-21,1.068261981010437,1.0695644617080688,1.0644866228103638,1.068261981010437,0,1.0749705178397042,1.0732274631499545,-0.00017081787957773376,0.009686300355270282,37.04911901595733,1.0789179325103762,0.01020874059787389,1.099335413706124,1.0585004513146283,0.005077838897705078
2023-02-22,1.065200924873352,1.0665528774261477,1.061909317970276,1.065200924873352,0,1.072393068245479,1.0721572580464076,-0.002865454534092482,0.0063832315130092285,18.189862270301873,1.0777372479438783,0.010368172291818693,1.0984735925275158,1.0570009033602408,0.004643559455871582
2023-02-23,1.0605803728103638,1.0630381107330322,1.0582010746002195,1.0605803728103638,0,1.0702550581523351,1.0706136733482685,-0.004337728174182431,0.004615389089040006,20.40294309713606,1.0761560738086702,0.010456814281935444,1.097069702372541,1.0552424452447993,0.004837036132812722
2023-02-24,1.0598047971725464,1.0614246129989624,1.053774118423462,1.0598047971725464,0,1.0688778162002563,1.0691724898581723,-0.0007312747413590337,0.004654093650392742,25.847136192860006,1.074674153327942,0.010574171392773689,1.0958224961134895,1.0535258105423946,0.007650494575500488
2023-02-27,1.055475831031799,1.0618642568588257,1.0533522367477417,1.055475831031799,0,1.0676206265177046,1.0673462686813224,-0.004084682530496653,0.005693752656335579,26.983335152072684,1.0730906665325164,0.01097206914493055,1.0950348048223775,1.0511465282426553,0.008512020111083984
2023-02-28,1.0611205101013184,1.0645002126693726,1.058234691619873,1.0611205101013184,0,1.0667740276881628,1.0665161675373218,0.0053479946234309406,0.00571782090170462,36.462364215164605,1.071893221139908,0.010902574237592194,1.0936983696150924,1.0500880726647235,0.006265521049499512
2023-03-01,1.0577309131622314,1.0691070556640625,1.056568622589111,1.0577309131622314,0,1.0657846927642822,1.0653448002873098,-0.0031943562553166105,0.006012662053378953,34.87056617532191,1.0704750299453736,0.010802336401421619,1.0920797027482168,1.0488703571425304,0.012538433074951394
2023-03-02,1.066894292831421,1.067270040512085,1.0583466291427612,1.066894292831421,0,1.0652607679367065,1.0655513992931913,0.008663242754052058,0.005519582137740129,42.986243781888604,1.0687554836273194,0.008018190138667817,1.084791863904655,1.0527191033499839,0.00892341136932373
2023-03-03,1.0599732398986816,1.062925100326538,1.0591312646865845,1.0599732398986816,0,1.0647037540163313,1.0648076447072568,-0.006487102779762277,0.005638917192215164,42.60876246260102,1.0672285199165343,0.0064017397089020395,1.0800319993343384,1.0544250404987303,0.0037938356399536133
2023-03-06,1.0626201629638672,1.0693814754486084,1.062304139137268,1.0626201629638672,0,1.063959343092782,1.0645159804748048,0.002497160273063681,0.0051172737165277515,39.605151765925584,1.0664052188396453,0.005829775683308538,1.0780647702062625,1.0547456674730282,0.007077336311340332
2023-03-07,1.0688328742980957,1.06963312625885,1.0571606159210205,1.0688328742980957,0,1.0636208398001534,1.0650915663179104,0.005846596508106927,0.004558760417554145,45.754465105748416,1.0661930382251739,0.005648598760727433,1.0774902357466287,1.054895840703719,0.01247251033782959
2023-03-08,1.05507493019104,1.0573283433914185,1.0526647567749023,1.05507493019104,0,1.0626136405127389,1.0637560148343277,-0.012871932027811672,0.004788957041121181,39.182174356798285,1.0652981400489807,0.005928768941695243,1.0771556779323712,1.0534406021655902,0.004663586616516113
2023-03-09,1.0549525022506714,1.0586491823196411,1.053851842880249,1.0549525022506714,0,1.0617834159306117,1.0625822131565068,-0.00011603719969588422,0.00504966985107846,40.73058596706057,1.0644666850566864,0.006162619488251321,1.0767919240331891,1.0521414460801837,0.00479733943939209
2023-03-10,1.0584698915481567,1.0698620080947876,1.0575743913650513,1.0584698915481567,0,1.061070944581713,1.062033903608727,0.0033341684009291495,0.004731173762736913,42.24909821532789,1.0636787176132203,0.005848148116935607,1.0753750138470914,1.0519824213793492,0.012287616729736328
2023-03-13,1.0683646202087402,1.0737217664718628,1.0652350187301636,1.0683646202087402,0,1.0610782759530204,1.0628779991553954,0.009348143711590318,0.004743238215516051,50.0692974478257,1.0637083768844604,0.005871454797768569,1.0754512864799974,1.0519654672889234,0.008486747741699219
2023-03-14,1.0725010633468628,1.0747140645980835,1.0679652690887451,1.0725010633468628,0,1.061599714415414,1.0641610743809244,0.003871752264984485,0.005561926055039681,54.85818461069785,1.0636813342571259,0.005827283406620955,1.0753359010703678,1.052026767443884,0.006748795509338379
2023-03-15,1.0727657079696655,1.0760092735290527,1.052033543586731,1.0727657079696655,0,1.0624700954982214,1.0653083588594232,0.00024675464840751005,0.006295234756287592,58.608324518793445,1.0636410236358642,0.005757635931147567,1.0751562954981593,1.0521257517735692,0.023975729942321777
2023-03-16,1.0583354234695437,1.063456416130066,1.0555092096328735,1.0583354234695437,0,1.062365140233721,1.0643786341407726,-0.013451478167989639,0.006355053878560283,49.12983932454197,1.0630990087985992,0.005719302423531417,1.0745376136456621,1.0516604039515363,0.007947206497192383
2023-03-17,1.0614134073257446,1.0669625997543335,1.0612106323242188,1.0614134073257446,0,1.0627892528261458,1.0639832705654355,0.002908325458965022,0.006050761177583558,53.56910482883961,1.062840896844864,0.005670420905763698,1.0741817386563914,1.0515000550333364,0.005751967430114746
2023-03-20,1.0678855180740356,1.0730534791946411,1.0632416009902954,1.0678855180740356,0,1.0632724676813399,1.0645035702332488,0.006097634252235196,0.006176073594702017,54.02642516677146,1.0628129482269286,0.005642657602046661,1.0740982634310219,1.0515276330228354,0.009811878204345703
2023-03-21,1.071914792060852,1.0787253379821775,1.070491909980774,1.071914792060852,0,1.0642856018883842,1.065491733143596,0.003773132904811183,0.006357801246107362,58.37822308410548,1.0629955887794496,0.005882340041610816,1.0747602688626712,1.051230908696228,0.008233428001403587
2023-03-22,1.0774236917495728,1.0801469087600708,1.0759514570236206,1.0774236917495728,0,1.0650377018111092,1.0670826609577264,0.005139307461304199,0.007250285159149679,56.50020532309321,1.0636067271232605,0.006701427222148999,1.0770095815675584,1.0502038726789626,0.004195451736450195
2023-03-23,1.0870392322540283,1.0928997993469238,1.0868619680404663,1.0870392322540283,0,1.0669709869793482,1.0697435371305668,0.008924567538366901,0.009154479942969416,66.17090681177183,1.0649296700954438,0.008454812779478281,1.0818392956544003,1.0480200445364873,0.0060378313064575195
2023-03-24,1.0835057497024536,1.0839003324508667,1.0718917846679688,1.0835057497024536,0,1.068462814603533,1.0715784988068184,-0.00325055660065543,0.010048993645721933,62.347541852430865,1.066114717721939,0.009315840999787986,1.084746399721515,1.047483035722363,0.01200854778289795
2023-03-27,1.077818512916565,1.0795999765396118,1.074806571006775,1.077818512916565,0,1.0691046459334237,1.072410500688118,-0.005248921648501104,0.010356693989713742,55.345514992575005,1.0672318518161774,0.009312544220721768,1.085856940257621,1.0486067633747338,0.004793405532836914
2023-03-28,1.0807071924209597,1.08489990234375,1.0804035663604736,1.0807071924209597,0,1.0709355218069894,1.073516726252497,0.002680116800534371,0.009943111669884291,67.51337007286568,1.0682111859321595,0.00965946636326945,1.0875301186586983,1.0488922532056206,0.004496335983276367
2023-03-29,1.0839520692825315,1.0871999263763428,1.0821340084075928,1.0839520692825315,0,1.0730069194521223,1.0749081053231684,0.003002549519729447,0.00936094614310369,69.00325592440758,1.0695222437381744,0.009937600997018878,1.0893974457322122,1.0496470417441366,0.00506591796875
2023-03-30,1.0843634605407717,1.0923947095870972,1.0826963186264038,1.0843634605407717,0,1.074856460094452,1.0761688193521821,0.00037952901230453584,0.008809565177490894,67.68793291303568,1.0703957021236419,0.01044902251065036,1.0912937471449426,1.049497657102341,0.00969839096069336
2023-03-31,1.0904649496078491,1.0925856828689575,1.086059331893921,1.0904649496078491,0,1.0764350550515311,1.0780749700529377,0.005626793311566125,0.009509117864381095,65.92189134456346,1.0719202876091003,0.011055170533178567,1.0940306286754575,1.049809946542743,0.006526350975036621
2023-04-03,1.080333590507507,1.0915720462799072,1.078934907913208,1.080333590507507,0,1.0769945212772913,1.0783761194468804,-0.009290861759459035,0.00949025186835825,55.1941727617402,1.0728059589862824,0.01098017875971758,1.0947663165057175,1.0508456014668472,0.012637138366699219
2023-04-04,1.091226577758789,1.0971648693084717,1.088387966156006,1.091226577758789,0,1.0783131548336573,1.0800895138884683,0.010082984873371226,0.010119170284250823,60.729870363826585,1.073925644159317,0.01167359161481438,1.0972728273889458,1.0505784609296882,0.008776903152465598
2023-04-05,1.0960105657577517,1.0969241857528689,1.0905362367630005,1.0960105657577517,0,1.0810042364256722,1.0822123208043728,0.004384046445045531,0.009380301025238,74.66318930696269,1.0759724259376526,0.011782659235486413,1.0995377444086254,1.0524071074666799,0.006387948989868386
2023-04-06,1.090334177017212,1.0930156707763672,1.0885539054870603,1.090334177017212,0,1.0830700056893485,1.0832952349660847,-0.005179136878680768,0.007782496063513257,68.30945204094088,1.0777415096759797,0.011096750760405186,1.09993501119679,1.0555480081551694,0.004461765289306863
2023-04-07,1.0920130014419556,1.0925379991531372,1.0881037712097168,1.0920130014419556,0,1.0847933973584856,1.0844576038295342,0.0015397338358560386,0.0067664420248296315,66.26182701702042,1.0794186651706696,0.010552233169051599,1.100523131508773,1.0583141988325664,0.00443422794342041
2023-04-10,1.0913575887680054,1.0918222665786743,1.0832475423812866,1.0913575887680054,0,1.0861821685518538,1.0853776018213304,-0.0006001876104815285,0.005853533635224812,63.72874165406833,1.0805683135986328,0.010537040003597302,1.1016423936058275,1.0594942335914381,0.008574724197387695
2023-04-11,1.086932897567749,1.0926692485809326,1.086802959442139,1.086932897567749,0,1.0868613975388663,1.0855849745875195,-0.004054300117389831,0.005282947008043107,56.81894728563677,1.0812899053096772,0.01044929748138977,1.1021885002724567,1.0603913103468976,0.005866289138793723
2023-04-12,1.0917507410049438,1.099855899810791,1.091524362564087,1.0917507410049438,0,1.0871979338782174,1.0864070767765095,0.0044325122994950394,0.005442795793190358,53.628220122241125,1.0822391569614411,0.010496400657321237,1.1032319582760837,1.0612463556467986,0.008331537246704102
2023-04-13,1.0999890565872192,1.106899976730347,1.0981649160385132,1.0999890565872192,0,1.0883753129414149,1.0882180074179375,0.0075459674748579175,0.006298264928066698,61.83576202476154,1.0843218386173248,0.009597788431386528,1.1035174154800977,1.0651262617545518,0.008735060691833718
2023-04-14,1.1054610013961792,1.1075423955917358,1.097803235054016,1.1054610013961792,0,1.0903497764042445,1.090517073281703,0.004974544770415257,0.007025127833698823,69.91011845679856,1.0865242183208466,0.00910549794666999,1.1047352142141866,1.0683132224275065,0.009739160537719949
2023-04-17,1.098659634590149,1.0999042987823486,1.0910717248916626,1.098659634590149,0,1.0916320937020438,1.0916027481228292,-0.006152516278222664,0.006763221035648267,62.240711118046896,1.0880629241466522,0.008359698537282651,1.1047823212212176,1.0713435270720868,0.008832573890686035
2023-04-18,1.0925379991531372,1.0983458757400513,1.0922753810882568,1.0925379991531372,0,1.092245374407087,1.0917274482602037,-0.0055719125780892,0.006392347399454195,55.63324761136042,1.0890940845012664,0.007489659278193657,1.1040734030576538,1.074114765944879,0.006070494651794434
2023-04-19,1.0975382328033447,1.098659634590149,1.0918341875076294,1.0975382328033447,0,1.0931864295686995,1.0925022195326226,0.004576713719873782,0.0061061064324993706,58.15306077282833,1.090099811553955,0.007184342483351224,1.1044684965206575,1.0757311265872527,0.006825447082519531
2023-04-20,1.095218300819397,1.0989010334014893,1.0934339761734009,1.095218300819397,0,1.0935259546552385,1.0928643637041926,-0.0021137596072823284,0.006075215289416007,53.08599361038186,1.0905087649822236,0.00723357555185331,1.1049759160859303,1.076041613878517,0.005467057228088379
2023-04-21,1.0970927476882937,1.099251389503479,1.0939722061157229,1.0970927476882937,0,1.094723037311009,1.093428148235406,0.0017114824208965818,0.004791246625266992,62.18705789342301,1.0911881148815155,0.007179077677070161,1.1055462702356558,1.0768299595273751,0.005279183387756126
2023-04-24,1.0992271900177002,1.103423833847046,1.0968761444091797,1.0992271900177002,0,1.095294509615217,1.0942013538063786,0.0019455441063702672,0.004819181296539914,56.667236227230774,1.0922585487365724,0.006657832226458047,1.1055742131894883,1.0789428842836564,0.006547689437866211
2023-04-25,1.1059499979019165,1.1068068742752075,1.0969241857528689,1.1059499979019165,0,1.0960044690540858,1.0957678396857837,0.006115940312673818,0.005601433259972133,58.02365775170503,1.0935206890106202,0.006744861027193675,1.1070104110650074,1.080030966956233,0.009882688522338645
2023-04-26,1.0978394746780396,1.109410047531128,1.0969241857528689,1.0978394746780396,0,1.096540561744145,1.0960440576847512,-0.007333535186277218,0.005371435906009869,55.82959101473162,1.0942150592803954,0.006414704653152204,1.1070444685866998,1.081385649974091,0.012485861778259055
2023-04-27,1.1047282218933103,1.1065618991851809,1.0994206666946411,1.1047282218933103,0,1.0974487917763847,1.0972019462458924,0.006274821933590191,0.0056163965956056066,59.13681537915934,1.0952332973480225,0.00638483686931663,1.108002971086656,1.0824636236093892,0.007141232490539773
2023-04-28,1.1032048463821411,1.1043744087219238,1.0965633392333984,1.1032048463821411,0,1.0982950244631087,1.0980023329307256,-0.0013789595313844494,0.00551971789442725,58.40823716538636,1.0958702921867371,0.006518192760707327,1.1089066777081518,1.0828339066653225,0.007811069488525391
2023-05-01,1.1010911464691162,1.103557825088501,1.0966956615447998,1.1010911464691162,0,1.0993063279560633,1.0984141747358445,-0.0019159632229287515,0.004476234658736825,60.389192328820876,1.0969081699848175,0.00548478428469154,1.1078777385542007,1.0859386014154344,0.006862163543701172
2023-05-02,1.0969241857528689,1.100521683692932,1.0943553447723389,1.0969241857528689,0,1.0996758597237724,1.0982155095381145,-0.0037843921728093477,0.003991845076368813,53.83283816199012,1.0971930503845215,0.005319630694451227,1.107832311773424,1.0865537889956192,0.00616633892059304
2023-05-03,1.1010911464691162,1.1058155298233032,1.100594401359558,1.1010911464691162,0,1.099754580429622,1.0985989277955814,0.003798768201457303,0.0040093250868957825,50.86892201037257,1.0974470794200897,0.005381142570688913,1.1082093645614675,1.086684794278712,0.005221128463745117
2023-05-04,1.1068925857543943,1.109139323234558,1.0986838340759275,1.1068925857543943,0,1.0998568364552088,1.0997047488567566,0.005268809311455902,0.00418065536934022,51.12287164910362,1.0982749998569488,0.005501637920123079,1.1092782756971948,1.0872717240167027,0.010455489158630593
2023-05-05,1.102292776107788,1.1048002243041992,1.0971648693084717,1.102292776107788,0,1.1001163465636117,1.1000498191568941,-0.0041556061589040905,0.004213258412529407,52.95161318439526,1.0987889885902404,0.005364300070946365,1.1095175887321331,1.0880603884483477,0.007635354995727539
2023-05-08,1.10186767578125,1.1053388118743896,1.1012487411499023,1.10186767578125,0,1.1007827520370483,1.1002922000401416,-0.0003856510137344449,0.003618207810123772,58.35266846108056,1.0993144929409027,0.0051065907095519565,1.1095276743600067,1.0891013115217987,0.004090070724487305
2023-05-09,1.0996140241622925,1.1001100540161133,1.0944032669067385,1.0996140241622925,0,1.1009310228484017,1.1002017765897618,-0.0020453015080595938,0.0035161145662889882,51.95453596467406,1.0999485492706298,0.004194064547889719,1.1083366783664093,1.0915604201748503,0.005706787109374778
2023-05-10,1.096467137336731,1.100473165512085,1.0942834615707395,1.096467137336731,0,1.1010202254567827,1.0997038246893578,-0.0028618103774721293,0.003372963576719025,51.157855646038385,1.1001843690872193,0.0038252438531146474,1.1078348567934486,1.09253388138099,0.006189703941345437
2023-05-11,1.098406195640564,1.0998680591583252,1.0901321172714231,1.098406195640564,0,1.1011140431676592,1.0995308074828518,0.0017684600274869844,0.003272076832206639,51.216302739937575,1.1001052260398865,0.0038458166032782023,1.1077968592464429,1.09241359283333,0.009735941886902078
2023-05-12,1.0912145376205444,1.0935176610946655,1.085564136505127,1.0912145376205444,0,1.1005417108535767,1.098421971501211,-0.006547357479011251,0.00419742067067233,43.21544433969295,1.0993929028511047,0.004111778498362013,1.1076164598478286,1.0911693458543807,0.007953524589538574
2023-05-15,1.0852696895599363,1.089205980300903,1.0848575830459597,1.0852696895599363,0,1.0990645459720068,1.096668333909041,-0.005447918677450203,0.005564138360960798,32.255583263608074,1.098723405599594,0.005186980999539139,1.1090973675986724,1.0883494436005157,0.004348397254943404
2023-05-16,1.0873701572418213,1.090358018875122,1.0856702327728271,1.0873701572418213,0,1.0983167375837053,1.0954285770200785,0.001935433839248546,0.006384501358745195,39.98394200875418,1.0984650135040284,0.005621819951461823,1.109708653406952,1.0872213736011047,0.004687786102294922
2023-05-17,1.0865668058395386,1.0875475406646729,1.081162929534912,1.0865668058395386,0,1.0970194935798645,1.0942470075293398,-0.0007388021428880176,0.006812308575494492,30.335112026703584,1.097916442155838,0.006220433833430032,1.1103573098226982,1.085475574488978,0.006384611129760742
2023-05-18,1.0838346481323242,1.0849517583847046,1.0765421390533447,1.0838346481323242,0,1.095635907990592,1.092858692943071,-0.0025144866312231118,0.007401036095282845,29.56128632991431,1.0973472595214844,0.006957463706317794,1.11126218693412,1.0834323321088488,0.008409619331359863
2023-05-19,1.0775396823883057,1.082391619682312,1.0761018991470337,1.0775396823883057,0,1.0939536605562483,1.0908161582024358,-0.005808049922436109,0.008638793197654855,27.164349550832256,1.096369606256485,0.0082490157012575,1.1128676376589999,1.07987157485397,0.00628972053527832
2023-05-22,1.0822745561599731,1.0830715894699097,1.0796570777893066,1.0822745561599731,0,1.09290725844247,1.0896772779301076,0.00439415257651854,0.009124867876966416,35.950354642362,1.0955219745635987,0.008792981660893732,1.113107937885386,1.0779360112418113,0.0034145116806030273
2023-05-23,1.0811045169830322,1.0821340084075928,1.076379895210266,1.0811045169830322,0,1.0914796420506068,1.0885342431371643,-0.0010810927507085566,0.0093076363267784,29.66288373176259,1.0942797005176543,0.008994935766793194,1.1122695720512408,1.0762898289840679,0.005754113197326882
2023-05-24,1.076971173286438,1.079936981201172,1.074968338012695,1.076971173286438,0,1.0893423983028956,1.0869925004904009,-0.00382326003791833,0.008923627679175532,18.484012164466776,1.0932362854480744,0.009739791801023344,1.112715869050121,1.0737567018460277,0.004968643188477007
2023-05-25,1.0757315158843994,1.0754191875457764,1.0709964036941528,1.0757315158843994,0,1.0874451654297965,1.0854910358762673,-0.0011510590374074203,0.00878090428718399,19.89206047208033,1.0917864501476289,0.01009095282253558,1.1119683557927,1.0716045445025577,0.004422783851623535
2023-05-26,1.072443604469299,1.0757546424865725,1.0702054500579834,1.072443604469299,0,1.0853434460503715,1.0837513783553383,-0.0030564423990099288,0.008582417298105197,18.67971789451265,1.0902483880519866,0.010590890958576307,1.1114301699691393,1.069066606134834,0.005549192428589089
2023-05-29,1.0723055601119995,1.0745755434036257,1.0706294775009155,1.0723055601119995,0,1.0833928414753504,1.0822252692562264,-0.00012871945594561396,0.008183574458843816,19.5607111536318,1.088809108734131,0.010988323036483961,1.110785754807099,1.066832462661163,0.003946065902710183
2023-05-30,1.0707669258117676,1.0745755434036257,1.067338466644287,1.0707669258117676,0,1.0815571120807104,1.0806974901302986,-0.001434884194828956,0.007902869402617516,20.288093407093484,1.0875012457370759,0.011515612736242591,1.110532471209561,1.0644700202645907,0.007237076759338601
2023-05-31,1.073306918144226,1.0738831758499146,1.06516695022583,1.073306918144226,0,1.0797643065452576,1.0797120805321556,0.002372124382281404,0.006510910617417597,21.380491518051628,1.0861120343208313,0.01146567592484358,1.1090433861705185,1.063180682471144,0.008716225624084473
2023-06-01,1.0695186853408811,1.0753995180130005,1.0664163827896118,1.0695186853408811,0,1.078214602810996,1.0783529611733191,-0.0035294963065130025,0.006147784221065915,23.17958088950472,1.0842433393001554,0.010933868807129552,1.1061110769144145,1.0623756016858963,0.008983135223388672
2023-06-02,1.0760787725448608,1.077934741973877,1.071811318397522,1.0760787725448608,0,1.0775581087384904,1.078049736022858,0.0061336817148629486,0.005818352926622444,38.80842267840754,1.082932639122009,0.0102030943109073,1.1033388277438236,1.0625264505001946,0.0061234235763549805
2023-06-05,1.0698620080947876,1.0722709894180298,1.0674750804901123,1.0698620080947876,0,1.0763075266565596,1.076958038965782,-0.005777239184238336,0.005414725590026337,30.623171082455514,1.081332355737686,0.009567068463686514,1.100466492665059,1.062198218810313,0.0047959089279174805
2023-06-06,1.0711798667907717,1.073306918144226,1.0667349100112915,1.0711798667907717,0,1.0752084595816476,1.076187616009114,0.0012318024997737265,0.004684500630568655,33.162534535882585,1.07991064786911,0.008788376734573682,1.0974874013382574,1.0623338943999627,0.00657200813293457
2023-06-07,1.0698047876358032,1.074021577835083,1.0668829679489136,1.0698047876358032,0,1.074206326689039,1.0753365722260058,-0.0012837051905093544,0.004169558701566529,34.177616808232344,1.0785775303840637,0.008143265767789572,1.0948640619196428,1.0622909988484845,0.007138609886169434
2023-06-08,1.0707440376281738,1.078283429145813,1.0702168941497805,1.0707440376281738,0,1.0737209234918867,1.0747242342796282,0.0008779639082063806,0.004147153004776624,41.28311303847891,1.0771944224834442,0.00684363193640808,1.0908816863562605,1.063507158610628,0.008066534996032493
2023-06-09,1.078271746635437,1.0787487030029297,1.0747718811035156,1.078271746635437,0,1.0734350085258484,1.0751972359270694,0.007030353420354185,0.003616057254688339,45.20881015027949,1.0765472829341889,0.0060091678664058205,1.0885656186670005,1.0645289472013773,0.0039768218994140625
2023-06-12,1.0750954151153564,1.0789697170257568,1.073433518409729,1.0750954151153564,0,1.0730057869638716,1.0751836598188411,-0.002945761613426079,0.0029265714368827077,43.136987942621396,1.0760385692119598,0.0056519378152475675,1.087342444842455,1.0647346935814648,0.005536198616027832
2023-06-13,1.0762988328933716,1.0822510719299316,1.076055645942688,1.0762988328933716,0,1.072957762650081,1.0753323495621119,0.0011193590458071778,0.0028612831844081147,49.17704120046928,1.0754850029945373,0.004986707378226248,1.0854584177509898,1.0655115882380848,0.006195425987243652
2023-06-14,1.078934907913208,1.085835337638855,1.077574610710144,1.078934907913208,0,1.0731865763664246,1.0758126906755914,0.0024492036405445727,0.003207321161805212,53.79141035047117,1.075103408098221,0.004344754583339811,1.0837929172649006,1.0664138989315413,0.008260726928710938
2023-06-15,1.084304690361023,1.0938525199890137,1.0804269313812256,1.084304690361023,0,1.074033796787262,1.0769449573003156,0.004976929014374631,0.004356615789902664,63.37899764417342,1.0751269102096557,0.004395445915714068,1.0839178020410838,1.0663360183782276,0.013425588607788086
2023-06-16,1.0945948362350464,1.0970999002456665,1.0920130014419556,1.0945948362350464,0,1.0756258879389082,1.079298274491613,0.009490087025812999,0.006967089099177545,70.4566242018701,1.0759796679019928,0.006180247447220043,1.0883401627964329,1.0636191730075528,0.0050868988037109375
2023-06-19,1.0942115783691406,1.0949305295944214,1.0911003351211548,1.0942115783691406,0,1.0773005059787206,1.0812867150086167,-0.0003501367384702858,0.00838304990585298,71.98321536996346,1.0765765190124512,0.007295874926101469,1.0911682688646542,1.0619847691602482,0.0038301944732666016
2023-06-20,1.0924304723739624,1.0945229530334473,1.0894551277160645,1.0924304723739624,0,1.0786664741379874,1.0827725493239961,-0.0016277528317081291,0.009200446509113962,68.1903535110713,1.0771428167819976,0.0080648595644786,1.0932725359109547,1.0610130976530405,0.0050678253173828125
2023-06-21,1.0920368432998655,1.0961307287216189,1.0906671285629272,1.0920368432998655,0,1.0802749139922005,1.0840077885207786,-0.00036032414332187734,0.009443322575790829,72.89803913962604,1.0778961002826688,0.008724590413785739,1.0953452811102402,1.0604469194550974,0.005463600158691628
2023-06-22,1.0992635488510132,1.1011154651641846,1.095110297203064,1.0992635488510132,0,1.08193096944264,1.0860418898981432,0.00661763895191525,0.010611524258313371,73.26055340809022,1.0790727019309996,0.009921920664565029,1.0989165432601296,1.0592288606018696,0.0060051679611206055
2023-06-23,1.0958904027938845,1.0958904027938845,1.0845046043395996,1.0958904027938845,0,1.0837901404925756,1.0873550249509087,-0.0030685508135464,0.010614476782181826,77.69361507825764,1.080245041847229,0.010467614706868364,1.1011802712609657,1.059309812433492,0.01138579845428489
2023-06-26,1.0906671285629272,1.0921800136566162,1.088814616203308,1.0906671285629272,0,1.0851820877620153,1.0877966387658446,-0.004766237771259729,0.010098824177352531,69.14310339578051,1.0811631202697753,0.010539587919798277,1.1022422961093719,1.0600839444301788,0.0033653974533081055
2023-06-27,1.091048002243042,1.0976104736328125,1.0903223752975464,1.091048002243042,0,1.0866994602339608,1.0882301538961376,0.0003492116615053664,0.009163199690621198,71.2837797487523,1.082177174091339,0.010462059991929857,1.1031012940751987,1.0612530541074794,0.007288098335266113
2023-06-28,1.0957223176956177,1.0962508916854858,1.0899657011032104,1.0957223176956177,0,1.0884836230959212,1.0892291090694017,0.004284243629030016,0.008198527531982936,73.28335885395002,1.0832979440689088,0.010660567413704818,1.1046190788963184,1.0619768092414992,0.006285190582275391
2023-06-29,1.0915838479995728,1.094067931175232,1.0862362384796145,1.0915838479995728,0,1.0894344874790736,1.0895430742600913,-0.00377693292288539,0.00767852684469885,63.24573223385164,1.0844012022018432,0.010294993460689626,1.1049911891232225,1.063811215280464,0.007831692695617454
2023-06-30,1.086802959442139,1.0933741331100464,1.0836466550827026,1.086802959442139,0,1.0902707406452723,1.0891777256176978,-0.004379772168849216,0.006551585486955496,61.288713355648085,1.0849374115467074,0.010116443388892477,1.1051702983244924,1.0647045247689224,0.00972747802734375
2023-07-03,1.0907504558563232,1.093135118484497,1.0871810913085938,1.0907504558563232,0,1.0913029994283403,1.0893874229828477,0.0036322098498982047,0.005174647121603698,63.234289132793755,1.0859818339347842,0.009539980807620725,1.1050617955500257,1.0669018723195427,0.00595402717590332
2023-07-04,1.091309905052185,1.0918222665786743,1.0890754461288452,1.091309905052185,0,1.0921869277954102,1.089643753925426,0.0005129030135702095,0.003764126170717487,61.780653712853876,1.0869883358478547,0.008939099892474022,1.1048665356328027,1.0691101360629067,0.0027468204498291016
2023-07-05,1.0884946584701538,1.0906195640563965,1.086507797241211,1.0884946584701538,0,1.0924862112317766,1.0894905411980564,-0.002579694886849393,0.0032158453072520274,54.19265105138348,1.0879228293895722,0.007972887431662263,1.1038686042528967,1.0719770545262477,0.004111766815185547
2023-07-06,1.0856584310531616,1.0901559591293335,1.083435297012329,1.0856584310531616,0,1.0918478965759277,1.0889795931787372,-0.0026056420166346017,0.003625864755073512,39.49006544524639,1.0886685490608214,0.006907914617321342,1.102484378295464,1.0748527198261788,0.0067206621170043945
2023-07-07,1.0890636444091797,1.096467137336731,1.0868619680404663,1.0890636444091797,0,1.0914801870073592,1.0889908000094628,0.0031365420823148416,0.003628750174965996,44.34740722124487,1.0892081439495087,0.006460021792482641,1.102128187534474,1.0762881003645435,0.009605169296264648
2023-07-10,1.0969723463058472,1.0992755889892578,1.0944511890411377,1.0969723463058472,0,1.0918046065739222,1.0900550061823142,0.007261928113446503,0.003912200448397607,54.39561960930903,1.0903019905090332,0.005758698074701145,1.1018193866584356,1.0787845943596308,0.004824399948120117
2023-07-11,1.100594401359558,1.1025601625442505,1.0978635549545288,1.100594401359558,0,1.0924158607210432,1.0914602588726134,0.0033018654170349215,0.004565293622314542,57.79489562792661,1.0915167689323426,0.0051830748461133705,1.1018829186245693,1.081150619240116,0.00469660758972168
2023-07-12,1.101406455039978,1.1125946044921875,1.1012852191925049,1.101406455039978,0,1.0925689254488264,1.0927864183615954,0.0007378319201123418,0.004840190128839977,52.210211037284424,1.0926403462886811,0.004727718796946169,1.1020957838825736,1.0831849086947887,0.011309385299682617
2023-07-13,1.1144545078277588,1.1196202039718628,1.113065242767334,1.1144545078277588,0,1.093894932951246,1.0956754969570839,0.011846719009202866,0.007584838561457975,65.96162085372166,1.094147837162018,0.006430188196810583,1.1070082135556392,1.0812874607683967,0.006554961204528809
2023-07-14,1.1223469972610474,1.12447988986969,1.1206114292144775,1.1223469972610474,0,1.0961577807153975,1.0992316969976124,0.007081930556925409,0.010652921629992025,76.0432999874563,1.095535445213318,0.009009009480924268,1.1135534641751665,1.0775174262514693,0.0038684606552124023
2023-07-17,1.1227755546569824,1.125112533569336,1.1205486059188845,1.1227755546569824,0,1.0984240344592504,1.1023708780188617,0.00038184037288013783,0.012666718898324837,76.06206718265302,1.09696364402771,0.010861711328605686,1.1186870666849213,1.0752402213704986,0.004563927650451438
2023-07-18,1.123759627342224,1.1275737285614014,1.1220070123672483,1.123759627342224,0,1.100426699434008,1.1052227112619768,0.0008764642952545643,0.01431577568409348,74.51714993370203,1.098530101776123,0.012333006560768533,1.1231961148976601,1.073864088654586,0.005566716194153054
2023-07-19,1.1228890419006348,1.123974323272705,1.1176306009292605,1.1228890419006348,0,1.102662784712655,1.107578222013798,-0.0007747078827241571,0.015243153214713498,79.0340948038542,1.1000727117061615,0.013364447369117063,1.1268016064443955,1.0733438169679275,0.006343722343444602
2023-07-20,1.120523452758789,1.12296462059021,1.1133129596710205,1.120523452758789,0,1.1050713913781303,1.109304252779797,-0.0021066989289000304,0.015208419630463434,82.74101921857152,1.1011357069015504,0.014120793748233955,1.1293772943980183,1.0728941194050825,0.009651660919189453
2023-07-21,1.113709807395935,1.1147029399871826,1.110962986946106,1.113709807395935,0,1.1067113450595312,1.1098916600619488,-0.0060807699705690554,0.01477713702761678,71.11711960633409,1.102026677131653,0.0143329905326386,1.13069265819693,1.0733606960663757,0.00373995304107666
2023-07-24,1.112532615661621,1.114504098892212,1.1068804264068604,1.112532615661621,0,1.108227252960205,1.1102437874752384,-0.0010570004201242433,0.014150945295863946,69.30050324911171,1.1031199514865875,0.014254617274066983,1.1316291860347214,1.0746107169384536,0.0076236724853515625
2023-07-25,1.1063170433044434,1.1088933944702148,1.1022076606750488,1.1063170433044434,0,1.1095002804483687,1.109720221585799,-0.005586867539592366,0.012993565022101437,65.26411653839804,1.1038834035396576,0.013980287655685847,1.1318439788510293,1.075922828228286,0.006685733795166016
2023-07-26,1.1050456762313845,1.1086474657058716,1.1038380861282349,1.1050456762313845,0,1.1108850836753845,1.1090969488718772,-0.001149188725558692,0.011161016331744556,67.06168694922405,1.1043495714664462,0.01384865891420065,1.1320468892948474,1.076652253638045,0.004809379577636719
2023-07-27,1.1078368425369265,1.115200161933899,1.0984907150268557,1.1078368425369265,0,1.112226026398795,1.1089289346938838,0.002525837950030141,0.009312235504605885,66.70180655807985,1.1051622211933136,0.01353341107861,1.1322290433505335,1.0780953990360937,0.016709446907043235
2023-07-28,1.0978755950927734,1.1046794652938845,1.0947027206420898,1.0978755950927734,0,1.1122905441692896,1.1074551560804025,-0.008991619579415633,0.009200887657449445,50.7752723224609,1.1057158529758453,0.012957041080957002,1.1316299351377592,1.0798017708139314,0.009976744651794656
2023-07-31,1.1024264097213743,1.1045451164245603,1.100618600845337,1.1024264097213743,0,1.1124214019094194,1.1067846565658654,0.004145109563362004,0.009033246274018376,51.54776436274552,1.1062996506690979,0.012502324602680366,1.1313042998744587,1.081295001463737,0.003926515579223411
2023-08-01,1.0997591018676758,1.100231051445007,1.095446228981018,1.0997591018676758,0,1.1123037338256836,1.10584791593944,-0.0024194883487711483,0.009197010150174503,48.65054363004641,1.1067221105098723,0.012105612329493259,1.1309333351688589,1.0825108858508858,0.004784822463989036
2023-08-02,1.100788116455078,1.1007033586502075,1.0919772386550903,1.100788116455078,0,1.1113275630133492,1.1051732760081918,0.000935672717465641,0.009664557876717763,36.06000029182967,1.1073367834091186,0.011424320709250308,1.130185424827619,1.084488141990618,0.008726119995117188
2023-08-03,1.0944151878356934,1.0953983068466189,1.0913575887680054,1.0944151878356934,0,1.1093324337686812,1.1037388642518586,-0.0057894235267614835,0.010088534084070455,20.597513872470316,1.1077746212482453,0.01069424242910024,1.1291631061064458,1.0863861363900449,0.004040718078613503
2023-08-04,1.095158338546753,1.1040940284729004,1.0936251878738403,1.095158338546753,0,1.1073597754750932,1.1025947941578447,0.0006790391062911905,0.009956941549599778,21.119948141314097,1.1080793559551239,0.010208825571959956,1.1284970070990439,1.0876617048112038,0.010468840599060059
2023-08-07,1.1002674102783203,1.1012003421783447,1.096611499786377,1.1002674102783203,0,1.1056817599705286,1.1022844763072415,0.0046651443464760245,0.00890442890510348,27.384649282866334,1.1082441091537476,0.010045423758304929,1.1283349566703575,1.0881532616371377,0.0045888423919677734
2023-08-08,1.100315809249878,1.1009820699691772,1.0930992364883425,1.100315809249878,0,1.1040693862097604,1.1020219873662598,4.398837146823986e-05,0.007478489621939589,27.919803356374203,1.1082301795482636,0.010056776350054938,1.1283437322483736,1.0881166268481537,0.007882833480834739
2023-08-09,1.0958904027938845,1.0994327068328855,1.0955902338027954,1.0958904027938845,0,1.1023098826408386,1.1012044427566097,-0.004021942081346985,0.006075670369606493,26.838311943058628,1.1079543769359588,0.010325802614680057,1.128605982165319,1.0873027717065986,0.00384247303009011
2023-08-10,1.0977671146392822,1.1058399677276611,1.096803903579712,1.0977671146392822,0,1.1011711188725062,1.1007461323409662,0.0017124995716846225,0.00520652336042597,33.47542758012216,1.107120007276535,0.010446422077057904,1.1280128514306509,1.0862271631224192,0.009036064147949219
2023-08-11,1.0981649160385132,1.1004369258880615,1.0951822996139526,1.0981649160385132,0,1.100144854613713,1.1004019701673058,0.00036237321552645696,0.004091370854712761,34.86334625228844,1.1059109032154084,0.009980298309298374,1.1258714998340051,1.0859503065968117,0.005254626274108887
2023-08-14,1.094439148902893,1.0960345268249512,1.087748646736145,1.094439148902893,0,1.0992964335850306,1.0996069273320508,-0.003392720966774565,0.003941815377931102,36.79358069330382,1.104494082927704,0.009457822762463014,1.1234097284526299,1.085578437402778,0.008285880088806152
2023-08-15,1.0909883975982666,1.0949664115905762,1.0900845527648926,1.0909883975982666,0,1.0982923422540938,1.098457790034213,-0.003152985991122126,0.004149584682615889,35.092877965406885,1.102855521440506,0.008757260074993996,1.120370041590494,1.085341001290518,0.004881858825683594
2023-08-16,1.0904173851013184,1.093469738960266,1.0897756814956665,1.0904173851013184,0,1.0970480952944075,1.0973857360431603,-0.0005233900728965901,0.0036489307923106896,30.614627416123128,1.1012319386005402,0.0078060278503282515,1.1168439943011967,1.0856198828998838,0.0036940574645993873
2023-08-17,1.0874884128570557,1.0917268991470337,1.0862362384796145,1.0874884128570557,0,1.0963061537061418,1.0960660929516797,-0.0026861019315007617,0.004438356738123939,36.29554834163725,1.0995801866054535,0.006958159290322318,1.113496505186098,1.085663868024809,0.0054906606674192115
2023-08-18,1.0874648094177246,1.089561939239502,1.0846457481384275,1.0874648094177246,0,1.0952374679701669,1.0949192551471525,-2.170454328709326e-05,0.00464766048057814,27.58219107124316,1.0982679367065429,0.006619746450283934,1.1115074296071108,1.085028443805975,0.004916191101074441
2023-08-21,1.087559461593628,1.0913575887680054,1.0870628356933594,1.087559461593628,0,1.0943660650934492,1.0939379493400159,8.703930010756089e-05,0.004872888342978454,30.193616313006018,1.0970192790031432,0.006124185318976844,1.109267649641097,1.0847709083651895,0.004294753074645996
2023-08-22,1.0898351669311523,1.093199610710144,1.0834001302719116,1.0898351669311523,0,1.0935837115560259,1.0933909116855007,0.0020924881975554754,0.0046360024731290405,32.90948051368282,1.0961951851844787,0.0059124654374131105,1.1080201160593048,1.0843702543096525,0.009799480438232422
2023-08-23,1.0846692323684692,1.0870510339736938,1.0802985429763794,1.0846692323684692,0,1.0928875718797957,1.0922280211098965,-0.004740106320141768,0.005199073779932369,34.19759624863225,1.095176362991333,0.006060849891524018,1.107298062774381,1.083054663208285,0.006752490997314453
2023-08-24,1.086578607559204,1.0876895189285278,1.081548810005188,1.086578607559204,0,1.0922747339521135,1.0914747659698043,0.0017603294476837839,0.005412119243552154,36.595495824362295,1.0941134512424469,0.0055676800194096165,1.1052488112812662,1.0829780912036275,0.006140708923339844
2023-08-25,1.07991361618042,1.0839755535125732,1.076669692993164,1.07991361618042,0,1.0908208915165492,1.0899332793312198,-0.006133924717840578,0.005818449432024702,19.674687582144713,1.0932153522968293,0.00632593704433132,1.105867226385492,1.0805634782081666,0.00730586051940918
2023-08-28,1.0797386169433594,1.0821340084075928,1.079936981201172,1.0797386169433594,0,1.0893510920660836,1.0885739910128385,-0.00016204929212715324,0.005834417776752568,19.457066417529745,1.0920809626579284,0.006614872120100599,1.1053107068981296,1.0788512184177272,0.0021970272064206764
2023-08-29,1.082555651664734,1.0856702327728271,1.0783531665802002,1.082555651664734,0,1.0883986098425729,1.0877715457664245,0.0026089969157068182,0.005772880312727316,29.214669025285787,1.0912207901477813,0.00668208099869394,1.1045849521451692,1.0778566281503934,0.007317066192626953
2023-08-30,1.0869210958480835,1.094546914100647,1.085611343383789,1.0869210958480835,0,1.0876238942146301,1.087658152443979,0.004032535580629215,0.005108450748028022,34.311165984390996,1.0905274391174316,0.006348198452955016,1.1032238360233415,1.0778310422115216,0.00893557071685791
2023-08-31,1.0932546854019165,1.0939722061157229,1.0837171077728271,1.0932546854019165,0,1.0872731634548731,1.0884043568383708,0.005827092305068504,0.004455955366497481,43.93826121252436,1.0904694139957427,0.0063160147006131396,1.103101443396969,1.0778373845945164,0.01025509834289573
2023-09-01,1.0844104290008545,1.0880801677703855,1.0785857439041138,1.0844104290008545,0,1.0865568263190133,1.087871833126702,-0.008089840838697682,0.003997902850137761,39.00849510440539,1.0899320185184478,0.006353193146640122,1.102638404811728,1.0772256322251677,0.00949442386627175
2023-09-04,1.07758629322052,1.080905795097351,1.0774004459381104,1.07758629322052,0,1.0855995331491743,1.0865004278058779,-0.006292945547030637,0.004435727766795202,36.32262663964242,1.088797962665558,0.00643499133751618,1.1016679453405902,1.0759279799905257,0.0035053491592407227
2023-09-05,1.0794472694396973,1.07991361618042,1.0707554817199707,1.0794472694396973,0,1.0848159534590585,1.0855600066903872,0.0017269857930499732,0.004487817202519484,39.0917711765961,1.0877545356750489,0.006154899772317084,1.100064335219683,1.0754447361304147,0.009158134460449219
2023-09-06,1.0726161003112793,1.074818134307861,1.0705147981643677,1.0726161003112793,0,1.0837536454200745,1.0838341525065063,-0.006328395394398223,0.005461205435965821,36.27657608504347,1.0865908205509185,0.006710824981143634,1.1000124705132057,1.0731691705886313,0.00430333614349343
2023-09-07,1.0724204778671265,1.073422074317932,1.068764328956604,1.0724204778671265,0,1.0826790503093175,1.0823123292212555,-0.00018237880644911275,0.006115700639253084,36.1617765418751,1.0853234887123109,0.006880310309200463,1.0990841093307118,1.07156286809391,0.004657745361327903
2023-09-08,1.0697818994522097,1.0742061138153076,1.0695072412490845,1.0697818994522097,0,1.0814092244420732,1.0806416052520496,-0.0024603954040158804,0.006828486732233007,34.378738265382154,1.0839043378829956,0.0070179982469724305,1.0979403343769405,1.0698683413890506,0.0046988725662231445
2023-09-11,1.071811318397522,1.0756852626800537,1.0711455345153809,1.071811318397522,0,1.0801218066896712,1.079464233671446,0.0018970398979001324,0.006816755796855706,34.09347705786912,1.0827729463577271,0.0070541202214616456,1.0968811868006505,1.0686647059148038,0.0045397281646728516
2023-09-12,1.0750375986099243,1.0762641429901123,1.070617914199829,1.0750375986099243,0,1.079433832849775,1.078874015663243,0.0030101195583809304,0.006808534543295053,41.19850105666783,1.08197540640831,0.006977679436880152,1.0959307652820702,1.0680200475345498,0.005646228790283203
2023-09-13,1.075326681137085,1.0765421390533447,1.0717424154281616,1.075326681137085,0,1.0786301238196236,1.078401037726422,0.0002689045736952167,0.006559828027908822,39.40408353876748,1.0812208712100984,0.006831137195632853,1.0948831456013641,1.0675585968188326,0.0047997236251831055
2023-09-14,1.073422074317932,1.0755001306533811,1.065507411956787,1.073422074317932,0,1.0781664422580175,1.0777371759386232,-0.001771189028006881,0.006690256333644914,43.28487045737583,1.080517554283142,0.006875855288424422,1.0942692648599908,1.0667658437062932,0.009992718696594016
2023-09-15,1.0637166500091553,1.068764328956604,1.0634677410125732,1.0637166500091553,0,1.0770220160484314,1.0758677724813608,-0.009041573245960666,0.007695466654684751,36.15588407373519,1.0793301463127136,0.007622948765522224,1.0945760438437582,1.064084248781669,0.005296587944030762
2023-09-18,1.0668259859085083,1.0698162317276,1.0656323432922363,1.0668259859085083,0,1.0758984684944153,1.0746622009383138,0.002923086612704795,0.00796882179993229,36.47676401620089,1.0782934725284576,0.007851302796606329,1.0939960781216702,1.062590866935245,0.0041838884353637695
2023-09-19,1.0692671537399292,1.071926236152649,1.0676347017288208,1.0692671537399292,0,1.0746374726295471,1.0739428613118625,0.0022882530643852927,0.0074717006869826595,34.30304289390773,1.0772650718688965,0.007603073199047004,1.0924712182669905,1.0620589254708026,0.004291534423828125
2023-09-20,1.0682048797607422,1.0726966857910156,1.0675777196884155,1.0682048797607422,0,1.0728482007980347,1.0731777971050465,-0.0009934598434746533,0.005375863243821732,25.423213404350165,1.0764418542385101,0.00765038513762189,1.0917426245137538,1.0611410839632665,0.005118966102600098
2023-09-21,1.065303087234497,1.0673611164093018,1.061909317970276,1.065303087234497,0,1.0714833906718664,1.0721278357889732,-0.0027165130783666225,0.004581438279012302,28.77898817436045,1.0753780782222748,0.007645863816661635,1.0906698058555981,1.0600863505889515,0.005451798439025657
2023-09-22,1.0661548376083374,1.0671560764312744,1.06152606010437,1.0661548376083374,0,1.0706668581281389,1.0713314360315551,0.0007995380695380305,0.004426132187710222,35.36210823253553,1.0746901392936707,0.007832984576099532,1.0903561084458697,1.0590241701414718,0.005630016326904519
2023-09-25,1.0648492574691772,1.0655415058135986,1.0577309131622314,1.0648492574691772,0,1.0696241429873876,1.0704671455565715,-0.0012245689773250357,0.003884938237114425,31.037643816100996,1.0739456713199615,0.00803292067630895,1.0900115126725793,1.0578798299673438,0.0078105926513671875
2023-09-26,1.0591648817062378,1.060895323753357,1.0568143129348757,1.0591648817062378,0,1.068663341658456,1.0689601770431938,-0.005338197611603257,0.0046717323058547,31.990742957465272,1.0727761328220367,0.008407427954371096,1.0895909887307789,1.0559612769132944,0.004081010818481223
2023-09-27,1.0569483041763306,1.057373046875,1.0509058237075806,1.0569483041763306,0,1.0675581863948278,1.0673585939942787,-0.0020927596526203462,0.005475490509191871,30.348425936019737,1.071277493238449,0.008424693715971508,1.088126880670392,1.054428105806506,0.006467223167419434
2023-09-28,1.0505305528640747,1.0578652620315552,1.049185872077942,1.0505305528640747,0,1.066183090209961,1.065114855176918,-0.006071963299337679,0.00706168373232692,27.69016108087162,1.069141286611557,0.007962758066224108,1.0850668027440054,1.0532157704791087,0.008679389953613281
2023-09-29,1.0562450885772705,1.0617965459823608,1.0558546781539917,1.0562450885772705,0,1.0650712166513716,1.0639322196302985,0.005439666364406293,0.007327792968902794,33.380256234678995,1.0677330195903778,0.007602650849259904,1.0829383212888977,1.052527717891858,0.005941867828369141
2023-10-02,1.0565240383148191,1.0590976476669312,1.0492738485336304,1.0565240383148191,0,1.0637488194874354,1.062944462121568,0.0002640956540913564,0.0070563575038112,28.90587011265343,1.0666799068450927,0.007624679560821959,1.0819292659667366,1.051430547723449,0.009823799133300781
2023-10-03,1.0480751991271973,1.049428105354309,1.0449867248535156,1.0480751991271973,0,1.0618022850581579,1.0609618937223186,-0.007996826272971491,0.007368685837943198,23.81828260431341,1.0651113033294677,0.008073668348926909,1.0812586400273214,1.048963966631614,0.004441380500793457
2023-10-04,1.0472300052642822,1.0532413721084597,1.045369029045105,1.0472300052642822,0,1.059931422982897,1.0591309752612472,-0.0008064248286944187,0.0075151026913614916,24.31321475585763,1.063841998577118,0.008795017857711923,1.0814320342925419,1.046251962861694,0.007872343063354714
2023-10-05,1.0507071018218994,1.0536853075027466,1.0500892400741575,1.0507071018218994,0,1.0590021695409502,1.0580077921360007,0.0033202797285585284,0.007809604440942738,35.46588747955684,1.0627563297748566,0.009017690549572454,1.0807917108740015,1.0447209486757116,0.0035960674285890892
2023-10-06,1.0546631813049316,1.0598160028457642,1.0483938455581665,1.0546631813049316,0,1.0581333977835519,1.0575618440251915,0.00376515917344844,0.0075443152059147724,36.66416581925395,1.0620003938674927,0.00903142978437914,1.0800632534362509,1.0439375342987345,0.011422157287597656
2023-10-09,1.056747317314148,1.0576413869857788,1.0521442890167236,1.056747317314148,0,1.0572391237531389,1.0574532404637191,0.001976115262350975,0.006831384181349069,36.16437706498872,1.0612471938133239,0.008795220357978768,1.0788376345292814,1.0436567530973664,0.005497097969055176
2023-10-10,1.0578875541687012,1.061954379081726,1.0555983781814575,1.0578875541687012,0,1.056502171925136,1.0575111489577167,0.0010790061501657622,0.006071692281283519,38.617975991330674,1.0603896915912627,0.00819553098576348,1.0767807535627898,1.0439986296197357,0.006356000900268555
2023-10-11,1.0604791641235352,1.063354730606079,1.0592771768569946,1.0604791641235352,0,1.0561576059886388,1.0579068843131592,0.0024497971874435365,0.005656507553531182,44.64159917795299,1.0596473157405852,0.007405686809196694,1.0744586893589787,1.0448359421221918,0.004077553749084473
2023-10-12,1.0624282360076904,1.063908934593201,1.0545964241027832,1.0624282360076904,0,1.0558914201600211,1.0585097312057634,0.0018379162458757037,0.005220766244851413,45.959012303547794,1.0590976238250733,0.006704225159634944,1.0725060741443433,1.0456891735058034,0.009312510490417703
2023-10-13,1.0536741018295288,1.0558546781539917,1.0496152639389038,1.0536741018295288,0,1.055093194757189,1.0578649806222655,-0.008239741642275256,0.004558057621004494,39.56735413392916,1.058595496416092,0.006716133811402118,1.0720277640388962,1.0451632287932877,0.006239414215087891
2023-10-16,1.052155375480652,1.055464744567871,1.0516352653503418,1.052155375480652,0,1.0545925157410758,1.0571036999367172,-0.0014413625107039252,0.004460331096741021,42.904343796610625,1.057861965894699,0.006569448722936677,1.0710008633405723,1.0447230684488258,0.003829479217529297
2023-10-17,1.055431246757507,1.0595004558563232,1.0533411502838137,1.055431246757507,0,1.0544841544968742,1.0568807061794891,0.0031134862333033198,0.004416912737857523,48.49654083889357,1.057170170545578,0.00600987758689705,1.0691899257193722,1.0451504153717839,0.006159305572509544
2023-10-18,1.057305932044983,1.0595465898513794,1.0527091026306152,1.057305932044983,0,1.0549681101526533,1.056937402961555,0.001776226820302318,0.004320532511032306,57.37911371697746,1.0566252231597901,0.005422022414659141,1.0674692679891085,1.0457811783304718,0.00683748722076416
2023-10-19,1.053851842880249,1.0585371255874634,1.0528864860534668,1.053851842880249,0,1.0547971640314375,1.0565259949507142,-0.003266877693623771,0.004313460844870535,47.25851558915418,1.0560526609420777,0.005049220771820693,1.066151102485719,1.0459542193984364,0.005650639533996582
2023-10-20,1.0586491823196411,1.0601080656051636,1.056579828262329,1.0586491823196411,0,1.0549489600317818,1.0568090865999045,0.004552195331632758,0.0044151020523528475,52.20601155783274,1.0556773781776427,0.0045088753671382814,1.0646951289119193,1.0466596274433662,0.0035282373428344727
2023-10-23,1.0589966773986816,1.064736008644104,1.057183027267456,1.0589966773986816,0,1.0557290656226022,1.0571007653730748,0.00032824384587826216,0.004057530135195952,63.62943920784553,1.055384749174118,0.004048722523395797,1.0634821942209096,1.0472873041273263,0.007552981376647949
2023-10-24,1.0669853687286377,1.0690499544143677,1.0584250688552856,1.0669853687286377,0,1.0571401630129134,1.0584187124871498,0.007543641543408253,0.004302233330454287,70.92318569769223,1.055775773525238,0.004749946806253414,1.0652756671377448,1.0462758799127312,0.010624885559082031
2023-10-25,1.059535264968872,1.0606703758239746,1.0566803216934204,1.059535264968872,0,1.05777074609484,1.0585675861513795,-0.006982386055249035,0.003916484863839545,58.6242395446119,1.0559051215648652,0.004818288777162059,1.0655416991191893,1.046268544010541,0.003990054130554199
2023-10-26,1.056725025177002,1.056970715522766,1.0526316165924072,1.056725025177002,0,1.0579180206571306,1.0583219113547957,-0.0026523324751750454,0.0038284161629105903,52.06034269159664,1.0562148451805116,0.0046508058549837115,1.065516456890479,1.0469132334705442,0.004339098930358665
2023-10-27,1.0564459562301636,1.0597710609436035,1.053629755973816,1.0564459562301636,0,1.0578964948654175,1.0580717840048448,-0.0002640885189518771,0.0038363439570427704,49.6875880512316,1.0562248885631562,0.004651091480150194,1.0655270715234566,1.0469227056028558,0.006141304969787598
2023-10-30,1.0562450885772705,1.0625998973846436,1.054841160774231,1.0562450885772705,0,1.057779175894601,1.0578282246145017,-0.0001901352849225102,0.0038616688785398554,48.263484525375944,1.0562109410762788,0.0046505654098616764,1.065512071896002,1.0469098102565555,0.007758736610412598
2023-10-31,1.061503529548645,1.0669056177139282,1.0567585229873655,1.061503529548645,0,1.0578523448535375,1.0583182652723875,0.0049784288024075085,0.003925931999191331,51.02520968299987,1.0568823575973512,0.004375365288671926,1.065633088174695,1.0481316270200074,0.010147094726562722
2023-11-01,1.0579099655151367,1.0580778121948242,1.0522881746292114,1.0579099655151367,0,1.0575296112469263,1.058263825304754,-0.003385352882468773,0.003700047706177228,45.62211236370353,1.0574163556098939,0.003741077818940149,1.0648985112477742,1.0499341999720135,0.005789637565612793
2023-11-02,1.05870521068573,1.067008137702942,1.0584250688552856,1.05870521068573,0,1.0578889761652266,1.0583226766888842,0.0007517134694974281,0.0035375313699468947,55.76374700914471,1.0578162610530852,0.0033978799539281694,1.0646120209609415,1.051020501145229,0.00858306884765625
2023-11-03,1.061909317970276,1.0736998319625854,1.0615485906600952,1.061909317970276,0,1.0585856863430567,1.0588008955264032,0.0030264395151797796,0.0032719903014535074,60.758861182262386,1.0581785678863525,0.003430145413867949,1.0650388587140884,1.0513182770586165,0.012151241302490234
2023-11-06,1.073214769363403,1.075700283050537,1.0723400115966797,1.073214769363403,0,1.0598559379577637,1.0607227453713366,0.010646343526522717,0.004966402501877547,66.66391129797972,1.0590019404888154,0.004779518151520343,1.068560976791856,1.0494429041857747,0.003360271453857422
2023-11-07,1.0721560716629028,1.0721560716629028,1.0664732456207275,1.0721560716629028,0,1.0609166622161865,1.0622471888768787,-0.0009864732863564818,0.005881430066900692,64.13130776874816,1.0597153663635255,0.005599068822740948,1.0709135040090074,1.0485172287180435,0.005682826042175293
2023-11-08,1.0696102380752563,1.071604609489441,1.0660640001296997,1.0696102380752563,0,1.0620422618729728,1.0632289287699959,-0.0023744990630868434,0.005933054732461464,65.25936922107289,1.0601719200611115,0.006021007677299064,1.0722139354157096,1.0481299047065133,0.005540609359741211
2023-11-09,1.07104229927063,1.0728002786636353,1.0681477785110474,1.07104229927063,0,1.062927484512329,1.0642707115034138,0.0013388626477162102,0.006300987813679655,62.8373222166521,1.0606026232242585,0.006481399352498553,1.0735654219292556,1.0476398245192613,0.004652500152587891
2023-11-10,1.0667576789855957,1.0692557096481323,1.0657685995101929,1.0667576789855957,0,1.0634818417685372,1.0646023071677049,-0.004000421167261292,0.006269882799536659,57.43291379719782,1.0612568020820619,0.006405111104310834,1.0740670242906836,1.0484465798734401,0.003487110137939453
2023-11-13,1.069015622138977,1.070549249649048,1.0665528774261477,1.069015622138977,0,1.0636268598692757,1.0651907491638746,0.0021166411059054813,0.006379668394405958,52.184183999322855,1.062099814414978,0.006251877375041003,1.07460356916506,1.049596059664896,0.003996372222900391
2023-11-14,1.0701825618743896,1.08672034740448,1.0693585872650146,1.0701825618743896,0,1.0643873810768127,1.0658563241919432,0.0010916021349414162,0.006488100228909397,63.245186318824075,1.0628373801708222,0.006293749575005912,1.075424879320834,1.0502498810208103,0.017361760139465332
2023-11-15,1.0878314971923828,1.0887316465377808,1.0832945108413696,1.0878314971923828,0,1.0666092719350542,1.0687863472586685,0.01649151831354989,0.008633746295549211,78.26228229789447,1.0643636584281921,0.008272124564765474,1.080907907557723,1.0478194092986612,0.005437135696411133
2023-11-16,1.0854581594467163,1.0893957614898682,1.0830950736999512,1.0854581594467163,0,1.068681572164808,1.0710092555504083,-0.002181714495114284,0.00944989236880354,75.39314869534732,1.0659439742565155,0.00913254618397517,1.084209066624466,1.0476788818885652,0.006300687789916992
2023-11-17,1.0853756666183472,1.089229702949524,1.0825204849243164,1.0853756666183472,0,1.0707623277391707,1.0729247770261334,-7.599816506165258e-05,0.009704555267117386,75.54970044854302,1.067280298471451,0.009929557224294852,1.0871394129200407,1.047421184022861,0.0067092180252075195
2023-11-20,1.090702772140503,1.0945110321044922,1.0897995233535769,1.090702772140503,0,1.0728479879243034,1.075295176374716,0.00490807531990578,0.010652971378204429,75.5791148956434,1.068865603208542,0.011009699310516118,1.0908850018295742,1.0468462045875098,0.004711508750915305
2023-11-21,1.0945948362350464,1.096731662750244,1.0922993421554563,1.0945948362350464,0,1.0754683358328683,1.0778684643560934,0.0035684002956233307,0.011193985895903459,81.96947817866382,1.0702460765838624,0.01240415913882555,1.0950543948615135,1.0454377583062113,0.004432320594787598
2023-11-22,1.0918222665786743,1.092251539230347,1.0854581594467163,1.0918222665786743,0,1.0778338398252214,1.079728971319104,-0.002532964312081498,0.010873677890633605,77.89877922881325,1.0718604266643523,0.013022426163470149,1.0979052789912926,1.045815574337412,0.006793379783630593
2023-11-23,1.0890873670578003,1.0927051305770874,1.0888028144836426,1.0890873670578003,0,1.079775129045759,1.080976757417597,-0.002504894436201721,0.01021827302297712,73.07802877237583,1.0734785437583922,0.013053350283826334,1.099585244326045,1.0473718431907395,0.0039023160934448242
2023-11-24,1.0906314849853516,1.0944151878356934,1.089561939239502,1.0906314849853516,0,1.0810191801616125,1.0822640544266309,0.0014178090521081987,0.01041642640277904,67.72815741320494,1.0751878201961518,0.012943380659480655,1.101074581515113,1.0493010588771905,0.004853248596191406
2023-11-27,1.0940439701080322,1.0959264039993286,1.0925856828689575,1.0940439701080322,0,1.0825826014791216,1.0838347098508176,0.003128907582130358,0.010624339476021085,71.2605400097727,1.0770777642726899,0.012790581426012205,1.1026589271247142,1.0514966014206655,0.0033407211303710938
2023-11-28,1.095842361450195,1.100715398788452,1.0935057401657104,1.095842361450195,0,1.0844563245773315,1.085435730064068,0.0016438017038613584,0.010472612441868596,75.85568352458155,1.0787947058677674,0.012894258294355674,1.1045832224564787,1.053006189279056,0.007209658622741477
2023-11-29,1.100594401359558,1.1016855239868164,1.096118688583374,1.100594401359558,0,1.086567189012255,1.0874568862368,0.004336426548682049,0.010538953070439856,77.33878562905389,1.0809289276599885,0.012787601587886162,1.1065041308357608,1.0553537244842162,0.005566835403442383
2023-11-30,1.0973695516586304,1.098538875579834,1.08949077129364,1.0973695516586304,0,1.0887537513460432,1.0887785749597108,-0.002930098224145139,0.00920385996436014,78.88557178113687,1.0828621447086335,0.012158138472490603,1.1071784216536147,1.0585458677636523,0.00904810428619407
2023-12-01,1.089205980300903,1.0913456678390503,1.0831537246704102,1.089205980300903,0,1.0901959197861808,1.0888355623385364,-0.007439218033148731,0.007246942943077224,67.14132747142395,1.0842269778251648,0.011174581598627447,1.1065761410224197,1.0618778146279098,0.008191943168640137
2023-12-04,1.088814616203308,1.0887316465377808,1.0805671215057373,1.088814616203308,0,1.091526780809675,1.088832769520506,-0.00035931137422406945,0.004466225355603919,66.02944223034022,1.08500697016716,0.010906695514309013,1.106820361195778,1.063193579138542,0.008164525032043457
2023-12-05,1.0837758779525757,1.0848339796066284,1.078260064125061,1.0837758779525757,0,1.0912370937211173,1.0881585173114487,-0.004627728334785308,0.004840213835148986,45.544061674031894,1.0855879604816436,0.010487544327887477,1.1065630491374185,1.0646128718258687,0.006573915481567383
2023-12-06,1.0793657302856443,1.0803686380386353,1.0773192644119265,1.0793657302856443,0,1.0908019202096122,1.0869861457080081,-0.004069243241751064,0.005612086094295298,43.59296450913265,1.0860757350921628,0.009916634585280762,1.1059090042627244,1.0662424659216012,0.0030493736267087623
2023-12-07,1.076669692993164,1.0796804428100586,1.0757662057876587,1.076669692993164,0,1.0901800649506705,1.0856106186793621,-0.0024977977499496262,0.006646591936790511,41.32151659263379,1.0863571047782896,0.009540327826829847,1.1054377604319494,1.0672764491246298,0.003914237022399902
2023-12-08,1.079214334487915,1.0800535678863523,1.073145627975464,1.079214334487915,0,1.0893594622612,1.0847577807871693,0.00236343746955181,0.007258151787444765,37.87523463959861,1.0869799375534055,0.008548507128907973,1.1040769518112215,1.0698829232955895,0.006907939910888228
2023-12-11,1.0765769481658936,1.077934741973877,1.0743216276168823,1.0765769481658936,0,1.0880724702562605,1.0836670031043325,-0.002443802160275177,0.007833088711280906,30.466821575991304,1.0873580038547515,0.007850944917484504,1.1030598936897205,1.0716561140197824,0.003613114356994629
2023-12-12,1.076658010482788,1.0822042226791382,1.0761829614639282,1.076658010482788,0,1.0869893091065543,1.0827324707547934,7.529635204672758e-05,0.008308698918129605,32.5416192031621,1.0876817762851714,0.007212952038394487,1.1021076803619603,1.0732558722083825,0.006021261215209961
2023-12-13,1.0798670053482056,1.0808240175247192,1.0774004459381104,1.0798670053482056,0,1.0863307118415833,1.0823504087005817,0.0029805145498138508,0.008492988370111539,39.49936463458342,1.0872835516929624,0.007421105879377944,1.1021257634517183,1.0724413399342065,0.0034235715866088867
2023-12-14,1.0886130332946775,1.1004126071929932,1.088020920753479,1.0886130332946775,0,1.0861865367208208,1.083185425313128,0.008099171382360826,0.008431271461638327,48.02522008089438,1.0874412953853605,0.007413789570127965,1.1022688745256164,1.0726137162451046,0.01239168643951416
2023-12-15,1.0993602275848389,1.100594401359558,1.090227127075195,1.0993602275848389,0,1.0865662693977356,1.0853420656160226,0.00987237334246771,0.008918047884190594,54.54844013267134,1.0881405234336852,0.00785505859576107,1.1038506406252073,1.072430406242163,0.010367274284363015
2023-12-18,1.0895264148712158,1.0930036306381226,1.0894551277160645,1.0895264148712158,0,1.0861151303563799,1.0858999788500485,-0.008945032271384545,0.008565484054824365,45.2494440857903,1.0880817055702208,0.007839251277130133,1.103760208124481,1.0724032030159605,0.0035485029220581055
2023-12-19,1.092382788658142,1.098799705505371,1.091607689857483,1.092382788658142,0,1.085528586591993,1.0867643534911275,0.0026216654758792757,0.007738989716381782,43.642314181393964,1.0879711031913755,0.007757702922636365,1.1034865090366481,1.0724556973461028,0.007192015647888184
2023-12-20,1.0981045961380005,1.09797203540802,1.0935654640197754,1.0981045961380005,0,1.085581089769091,1.0882763858440438,0.0052379143458374244,0.007827488417380273,50.547909661550705,1.0882852196693418,0.00804376180230025,1.1043727432739423,1.0721976960647412,0.004406571388244629
2023-12-21,1.094570875167847,1.099976897239685,1.0936251878738403,1.094570875167847,0,1.0859642965453011,1.0891156510872175,-0.0032180185590531263,0.008143544021995436,54.29553723804363,1.0885593950748442,0.008165081481090724,1.1048895580370257,1.0722292321126627,0.0063517093658447266
2023-12-22,1.100618600845337,1.1040574312210083,1.0994206666946411,1.100618600845337,0,1.086807438305446,1.0906493777216335,0.005525202446632349,0.009024739076022683,58.66618822149684,1.0890587508678435,0.008592672273886564,1.1062440954156167,1.0718734063200703,0.0046367645263671875
2023-12-25,1.102657437324524,1.1042402982711792,1.0999890565872192,1.102657437324524,0,1.0881561211177282,1.0922504523353522,0.0018524459586828357,0.00990479206558234,64.5011261055061,1.0894894242286681,0.009058896734620427,1.107607217697909,1.0713716307594272,0.004251241683959961
2023-12-26,1.1020255088806152,1.103996515274048,1.1009578704833984,1.1020255088806152,0,1.0897746767316545,1.093553793208054,-0.0005730958886397408,0.010204737249445638,68.47499008623073,1.089798581600189,0.009386694481172488,1.1085719705625339,1.071025192637844,0.003038644790649636
2023-12-27,1.1043012142181396,1.1122480630874634,1.102924942970276,1.1043012142181396,0,1.0917483568191528,1.0949867826760653,0.002065020563667419,0.010147074302189987,72.68403437004577,1.089983922243118,0.00964414258520256,1.109272207413523,1.070695637072713,0.009323120117187278
2023-12-28,1.110864281654358,1.113945484161377,1.1071009635925293,1.110864281654358,0,1.0940090673310416,1.0971037825398378,0.0059431859276410925,0.01065286533455306,74.37474638233351,1.0906586587429046,0.010611604219877186,1.111881867182659,1.0694354503031502,0.006844520568847656
2023-12-29,1.1068191528320312,1.1086474657058716,1.1043256521224976,1.1068191528320312,0,1.0961692248071944,1.0983991652454637,-0.003641424869924248,0.009884633004819385,72.79630068939753,1.091539317369461,0.011199287666457393,1.1139378927023758,1.0691407420365462,0.0043218135833740234
2024-01-01,1.1055831909179688,1.1053388118743896,1.103996515274048,1.1055831909179688,0,1.098235309123993,1.099357035335131,-0.0011166791890978578,0.00840490249421244,71.4304135548193,1.092377746105194,0.011604908157165715,1.1155875624195255,1.0691679297908625,0.0013422966003415748
2024-01-02,1.1038745641708374,1.1046061515808103,1.0941996574401855,1.1038745641708374,0,1.099950134754181,1.0999593725132253,-0.0015454528986756921,0.006630865205643572,68.19142593897362,1.093382680416107,0.011690731380306544,1.1167641431767201,1.070001217655494,0.010406494140624778
2024-01-03,1.0941756963729858,1.0967004299163818,1.0898706912994385,1.0941756963729858,0,1.1003474678312029,1.0991882156945267,-0.008786204622023064,0.00603956756576172,54.15503906340453,1.0941231787204742,0.011215539108744427,1.116554256937963,1.0716921005029854,0.006829738616943359
2024-01-04,1.0927767753601074,1.0970205068588257,1.0917030572891235,1.0927767753601074,0,1.099877221243722,1.098333356983271,-0.0012785158887330672,0.006369626170672609,44.28425349407163,1.0949285328388214,0.010448356116866366,1.115825245072554,1.0740318206050887,0.0053174495697021484
2024-01-05,1.0947387218475342,1.0996382236480713,1.0879853963851929,1.0947387218475342,0,1.1002495288848877,1.0978540722985062,0.0017953771819319009,0.005849143198081823,55.24180593185801,1.0957047522068024,0.009774414597112011,1.1152535814010265,1.0761559230125783,0.011652827262878418
2024-01-08,1.0942236185073853,1.0978153944015503,1.092454433441162,1.0942236185073853,0,1.1003810167312622,1.0973700117930234,-0.00047052628163146704,0.0056768500020959,51.942732053443386,1.0965870857238769,0.00869360035195136,1.1139742864277795,1.0791998850199742,0.005360960960388184
2024-01-09,1.095170259475708,1.096731662750244,1.0912623405456543,1.095170259475708,0,1.1001714212553841,1.097076711484048,0.0008651256948868369,0.005819734424760195,46.5561192367638,1.097512698173523,0.007340225304957416,1.1121931487834378,1.0828322475636083,0.005469322204589622
2024-01-10,1.093242645263672,1.0969723463058472,1.0923351049423218,1.093242645263672,0,1.1000765476908003,1.0965655026546646,-0.0017601046005017995,0.005927879504320762,48.38005234079673,1.0981814801692962,0.006162777622371397,1.110507035414039,1.0858559249245534,0.004637241363525391
2024-01-11,1.0975141525268557,1.0991426706314087,1.093147039413452,1.0975141525268557,0,1.0998548013823373,1.0966919893042901,0.003907190486658552,0.005963997548302873,46.04224924012184,1.0986265361309053,0.005742479690149914,1.1101114955112052,1.0871415767506054,0.005995631217956765
2024-01-12,1.0981649160385132,1.098659634590149,1.0937089920043943,1.0981649160385132,0,1.0995339070047652,1.09688837953552,0.0005929431617435199,0.005922316252038877,44.06250393879422,1.098566770553589,0.005740661699983031,1.110048093953555,1.087085447153623,0.004950642585754617
2024-01-15,1.094570875167847,1.0958904027938845,1.0934100151062012,1.094570875167847,0,1.0990014331681388,1.0965793789531637,-0.0032727697071505135,0.0060154544233482965,40.863052448247366,1.0988189935684205,0.005424678299484888,1.1096683501673903,1.0879696369694507,0.0024803876876833275
2024-01-16,1.094570875167847,1.094666838645935,1.086708426475525,1.094570875167847,0,1.0983064089502608,1.0963115784484547,0.0,0.005917336580433687,37.369163824532585,1.0989283978939057,0.005308870177030139,1.109546138247966,1.0883106575398453,0.007958412170410156
2024-01-17,1.087878942489624,1.0884946584701538,1.0845398902893066,1.087878942489624,0,1.0966645990099226,1.0951872269872773,-0.006113749991015105,0.005324021544575992,20.262496337080734,1.098417115211487,0.005856537347479466,1.110130189906446,1.086704040516528,0.003954768180847168
2024-01-18,1.0885775089263916,1.0907504558563232,1.084869384765625,1.0885775089263916,0,1.095361624445234,1.0943059312458259,0.0006421361876616238,0.004859608522997378,24.16233849561972,1.0981174468994142,0.006206574747260082,1.1105305963939343,1.085704297404894,0.005881071090698242
2024-01-19,1.0879143476486206,1.0892653465270996,1.0868265628814695,1.0879143476486206,0,1.094099564211709,1.0934537200995318,-0.0006091998707791202,0.004257913004715363,24.560873550118615,1.0974822342395785,0.00657622269027337,1.1106346796201252,1.0843297888590318,0.002438783645630105
2024-01-22,1.089229702949524,1.0909883975982666,1.0880327224731443,1.089229702949524,0,1.093053502695901,1.092890517812864,0.0012090614520767762,0.003380182059370614,28.67320792450444,1.0968108475208285,0.00670425526995596,1.1102193580607405,1.0834023369809165,0.0029556751251222924
2024-01-23,1.088020920753479,1.0918222665786743,1.0824267864227295,1.088020920753479,0,1.0926138758659363,1.092241238204946,-0.0011097587522371777,0.003615085462038196,38.09260233027959,1.0961106181144715,0.0068604796165678775,1.1098315773476073,1.0823896588813358,0.009395480155944824
2024-01-24,1.0857881307601929,1.093147039413452,1.0851871967315674,1.0857881307601929,0,1.0921146869659424,1.0913808238789788,-0.00205215722482599,0.0040475117129587426,36.90195850629801,1.0951849639415743,0.006945610497616251,1.1090761849368067,1.0812937429463418,0.007959842681884544
2024-01-25,1.088174819946289,1.0900371074676514,1.0826143026351929,1.088174819946289,0,1.0916458368301392,1.0909533566879535,0.002198116850315124,0.00410000066266336,37.89079681204786,1.0940504908561708,0.00604434981821223,1.1061391904925952,1.0819617912197463,0.007422804832458496
2024-01-26,1.0847046375274658,1.0883287191390991,1.0813382863998413,1.0847046375274658,0,1.0909659096172877,1.090120194133222,-0.003188993491867853,0.004416691642263424,34.16565864879311,1.0929447650909425,0.005591359811086632,1.1041274847131157,1.0817620454687693,0.0069904327392578125
2024-01-29,1.0843517780303955,1.084975242614746,1.079715371131897,1.0843517780303955,0,1.0901931609426225,1.0893510719861783,-0.0003253046819037264,0.004568313588310504,31.641339353627274,1.091883194446564,0.0050553450649109075,1.1019938845763857,1.081772504316742,0.005259871482849121
2024-01-30,1.0834470987319946,1.085564136505127,1.0812681913375854,1.0834470987319946,0,1.0894934790475028,1.0885638755522873,-0.0008343042513787591,0.0048091226746604905,32.779368186332945,1.0908618211746217,0.004542689074995021,1.0999471993246117,1.0817764430246317,0.004295945167541504
2024-01-31,1.08433997631073,1.088565707206726,1.0807656049728394,1.08433997631073,0,1.0885524664606367,1.0880006889867464,0.0008241081449942289,0.004389584818755719,23.7175432004217,1.0903700351715089,0.004694902491844964,1.099759840155199,1.0809802301878189,0.007800102233886719
2024-02-01,1.0803920030593872,1.086555004119873,1.078027606010437,1.0803920030593872,0,1.0872829726764135,1.0869861975297652,-0.0036408998446917362,0.003943068767177415,18.665405632618743,1.089750796556473,0.005154965291622497,1.100060727139718,1.079440865973228,0.008527398109436035
2024-02-02,1.0874648094177246,1.0897995233535769,1.0783065557479858,1.0874648094177246,0,1.0867753965514046,1.08705001244816,0.006546518613900432,0.0033447313275254214,38.84050591204173,1.0893871009349825,0.005039844005450983,1.0994667889458845,1.0793074129240805,0.011492967605591042
2024-02-05,1.0780043601989746,1.0787487030029297,1.072466492652893,1.0780043601989746,0,1.085592074053628,1.085843925481602,-0.008699545159365218,0.0033049150048078224,29.94325168426444,1.088576138019562,0.005504171584580787,1.0995844811887237,1.0775677948504003,0.006282210350036621
2024-02-06,1.0741831064224243,1.076310396194458,1.0724550485610962,1.0741831064224243,0,1.0846138000488281,1.0842891496070448,-0.0035447479784265212,0.004416128797459447,32.1800714106235,1.0875267803668978,0.006144214578435708,1.0998152095237692,1.0752383512100263,0.0038553476333618164
2024-02-07,1.075719952583313,1.0784345865249634,1.0756388902664185,1.075719952583313,0,1.0836954031671797,1.0831465900038806,0.001430711534839757,0.004844582313085443,33.62791559019165,1.0866506457328797,0.006523858705535188,1.09969836314395,1.0736029283218094,0.002795696258544922
2024-02-08,1.077574610710144,1.0789813995361328,1.074310064315796,1.077574610710144,0,1.082956850528717,1.0824036594313824,0.0017241086979722375,0.0049391518971070485,37.22170495126522,1.0856536686420442,0.006295918817038943,1.098245506276122,1.0730618310079663,0.004671335220336914
2024-02-09,1.077725529670715,1.0794472694396973,1.0763914585113523,1.077725529670715,0,1.082135123865945,1.0817799087966269,0.00014005430257091334,0.004769314041346512,35.361325162307736,1.0846316993236542,0.005797317581354956,1.096226334486364,1.0730370641609444,0.0030558109283449486
2024-02-12,1.0798202753067017,1.0805437564849854,1.0757662057876587,1.0798202753067017,0,1.0815493634768896,1.0815186243313035,0.0019436726497761292,0.004486003353236933,39.79504646167357,1.083894169330597,0.005390305656984401,1.0946747806445658,1.0731135580166282,0.00477755069732666
2024-02-13,1.0772264003753662,1.079563856124878,1.0702054500579834,1.0772264003753662,0,1.0809378113065446,1.0809463278038454,-0.0024021357911608865,0.004447124016231325,39.44060385614016,1.083026945590973,0.0049602528662862294,1.0929474513235453,1.0731064398584005,0.009358406066894531
2024-02-14,1.070893168449402,1.0734450817108154,1.069553017616272,1.070893168449402,0,1.0797034076281957,1.0796059065565864,-0.005879202295596575,0.004676355238403594,30.576895765393914,1.0821776568889618,0.005509508093822799,1.0931966730766074,1.0711586407013163,0.003892064094543457
2024-02-15,1.073214769363403,1.0786322355270386,1.072524070739746,1.073214769363403,0,1.078882702759334,1.0787537549308286,0.0021679108452643536,0.00473894026928279,36.744124636915295,1.0814095199108125,0.005639678357910219,1.092688876626633,1.070130163194992,0.0061081647872924805
2024-02-16,1.0773887634277344,1.0780508518218994,1.0734450817108154,1.0773887634277344,0,1.0783853445734297,1.0785717560637493,0.0038892439644742094,0.0044790638743837435,42.61765493951045,1.0808832406997682,0.005489836399973819,1.0918629134997158,1.0699035678998206,0.004605770111083984
2024-02-19,1.0784927606582642,1.0789813995361328,1.0762988328933716,1.0784461498260498,0,1.0780314632824488,1.078561223343018,0.0010246971826746165,0.004237589182002765,44.76940580651328,1.0803463935852051,0.005144821804110886,1.090636037193427,1.0700567499769833,0.0026825666427612305
2024-02-20,1.0775396823883057,1.0838581323623655,1.0762524604797363,1.0775396823883057,0,1.0775457280022758,1.0784250178823895,-0.0008837131826242572,0.003828882907251026,42.82963324224508,1.0798223316669464,0.004847142832464462,1.0895166173318753,1.0701280460020175,0.0076056718826291725
2024-02-21,1.0813149213790894,1.0822510719299316,1.0791910886764526,1.0813149213790894,0,1.0776116507393974,1.078810338348616,0.003503573049315589,0.003889128554118889,50.97670146896306,1.0795986711978913,0.004656843658007618,1.0889123585139067,1.070284983881876,0.003059983253479004
2024-02-22,1.082040309906006,1.0886249542236328,1.0805087089538574,1.082040309906006,0,1.0772241864885603,1.0792410012229348,0.0006708392833343346,0.0030007134827239436,43.368465233409744,1.0792919456958772,0.00424615817566154,1.0877842620472002,1.070799629344554,0.00811624526977539
2024-02-23,1.0825674533843994,1.0839403867721558,1.0813733339309692,1.0825674533843994,0,1.0775501217160905,1.0796845281777967,0.00048717545323162526,0.003322536282794845,57.13742308409482,1.0791850864887238,0.004128021481946145,1.087441129452616,1.0709290435248315,0.0025670528411865234
2024-02-26,1.0820051431655884,1.0859060287475586,1.0813382863998413,1.081958293914795,0,1.0781088386263167,1.0799939435095023,-0.0005194228009101076,0.0033701213797275565,63.62390578542618,1.0790677547454834,0.004004953177775349,1.0870776611010342,1.0710578483899327,0.004567742347717285
2024-02-27,1.0850930213928225,1.086614012718201,1.083364963531494,1.0850930213928225,0,1.0787783435412817,1.0806738205606117,0.00285384801240407,0.0037667273311754648,65.48854910705539,1.0791500508785248,0.0041150754966301625,1.087380201871785,1.0709198998852645,0.003249049186706987
2024-02-28,1.084481120109558,1.0847163200378418,1.0798670053482056,1.084481120109558,0,1.0792716656412398,1.0811814605004713,-0.0005639159695994822,0.004039350732054708,61.90149467127914,1.079157108068466,0.0041245545698387395,1.0874062172081436,1.0709079989287886,0.0048493146896362305
2024-02-29,1.0838816165924072,1.085587739944458,1.0805671215057373,1.0838816165924072,0,1.0797113861356462,1.0815414813127295,-0.0005528021705811792,0.0041903438460270965,60.44683424974034,1.0793315887451171,0.004251403499623838,1.0878343957443648,1.0708287817458695,0.005020618438720703
2024-03-01,1.0804970264434814,1.0841518640518188,1.079925298690796,1.0804970264434814,0,1.079759725502559,1.0814022206634963,-0.0031226566602047257,0.004195596778339788,51.1002748264407,1.078983199596405,0.0038126911973200583,1.0866085819910452,1.0713578172017648,0.004226565361022949
2024-03-04,1.084269404411316,1.0866494178771973,1.0838581323623655,1.084269404411316,0,1.0802627972194128,1.0817845118298723,0.003491335816306229,0.0042896633521422945,61.02804750118529,1.079296451807022,0.00398166168026942,1.0872597751675608,1.0713331284464833,0.002791285514831765
2024-03-05,1.0855170488357544,1.087535738945007,1.084269404411316,1.0855170488357544,0,1.081307360104152,1.0822821834306566,0.0011506775155347704,0.003549186318980222,77.23595286093557,1.0798631489276886,0.004021950160822166,1.087907049249333,1.0718192486060443,0.003266334533691184
2024-03-06,1.0855995416641235,1.091405153274536,1.084293007850647,1.0855995416641235,0,1.0821919866970606,1.0827244978617856,7.599404215485883e-05,0.0028519130498541882,75.1645892172866,1.080357128381729,0.004092389538006244,1.0885419074577416,1.0721723493057165,0.007112145423888938
2024-03-07,1.089953899383545,1.0940918922424316,1.086932897567749,1.089953899383545,0,1.08308949640819,1.0836884180646869,0.004011016541833223,0.0031820809326688054,75.3452985534006,1.080976092815399,0.0045589626021629095,1.090094018019725,1.0718581676110732,0.007158994674682617
2024-03-08,1.0950144529342651,1.097803235054016,1.0927051305770874,1.0950144529342651,0,1.0842696172850472,1.0851985560472972,0.004642906047294559,0.004235475837630366,78.73891658303083,1.0818405389785766,0.005460203923506165,1.092760946825589,1.0709201311315641,0.005098104476928489
2024-03-11,1.0942955017089844,1.09505033493042,1.0914647579193115,1.0942955017089844,0,1.0854664615222387,1.0864114821355222,-0.0006565677953876969,0.004543656198053157,79.38552111121285,1.0825643002986909,0.006100175723013445,1.0947646517447178,1.070363948852664,0.0035855770111083984
2024-03-12,1.093135118484497,1.0942115783691406,1.0903223752975464,1.093135118484497,0,1.086310761315482,1.0873079669820522,-0.0010603929401840073,0.0048036506587886075,72.82289954747759,1.0833597362041474,0.006397472317923352,1.096154680839994,1.0705647915683008,0.0038892030715942383
2024-03-13,1.0927767753601074,1.0949305295944214,1.0920488834381104,1.0927767753601074,0,1.0870776517050607,1.0880371414324597,-0.0003278122880970846,0.0049249339369381966,71.02844761566706,1.0844539165496827,0.006012907569831323,1.0964797316893453,1.07242810141002,0.002881646156311035
2024-03-14,1.0955302715301514,1.0954701900482178,1.0884116888046265,1.0955302715301514,0,1.0880035672869002,1.0890362254454853,0.0025197242768419947,0.005221384162135709,73.35240353228153,1.08556969165802,0.005886712154255284,1.0973431159665306,1.0737962673495094,0.007058501243591309
2024-03-15,1.0883406400680542,1.0901559591293335,1.0873819589614868,1.0883406400680542,0,1.0884561027799333,1.0889434807284946,-0.006562695389562556,0.004927806285982013,59.21336393706345,1.086117285490036,0.0055874276542533675,1.0972921407985428,1.0749424301815294,0.0027740001678466797
2024-03-18,1.0882576704025269,1.0907504558563232,1.0880801677703855,1.0882576704025269,0,1.0886821491377694,1.088852039351699,-7.623501546549782e-05,0.0048333478913747474,55.042912340289334,1.086605530977249,0.005305646463842441,1.097216823904934,1.0759942380495642,0.002670288085937722
2024-03-19,1.087393879890442,1.0877841711044312,1.0835057497024536,1.087393879890442,0,1.0888902034078325,1.088657618090198,-0.0007937371227215717,0.004699437401314865,54.604558954335076,1.087098240852356,0.00485811543782312,1.0968144717280022,1.0773820099767097,0.004278421401977539
2024-03-20,1.0863306522369385,1.0874292850494385,1.0836936235427856,1.0863306522369385,0,1.089065134525299,1.0883473559764298,-0.0009777760139780822,0.0045415873396031665,53.81555194009227,1.0873490273952484,0.004669661076892267,1.096688349549033,1.078009705241464,0.003735661506652832
2024-03-21,1.0937210321426392,1.0944511890411377,1.0856467485427856,1.0937210321426392,0,1.0900097063609533,1.0890638461319244,0.006803066718666706,0.003960498079648589,68.31650798997414,1.08793306350708,0.004701102650104033,1.0973352688072882,1.078530858206872,0.00880444049835205
2024-03-22,1.0862362384796145,1.08695650100708,1.080905795097351,1.0862362384796145,0,1.0901501945086889,1.0886868317782832,-0.006843421167792352,0.0037715918084975483,52.47021340943079,1.088116502761841,0.004549860613197272,1.0972162239882355,1.0790167815354463,0.006050705909729004
2024-03-25,1.0807539224624634,1.0843634605407717,1.080263614654541,1.0807539224624634,0,1.089809971196311,1.087629110536174,-0.005047075233675313,0.004386404914111769,44.59297069951987,1.0880539417266846,0.004645903658508078,1.0973457490437006,1.0787621344096685,0.004099845886230691
2024-03-26,1.0838228464126587,1.0864133834838867,1.082602620124817,1.0838228464126587,0,1.0896830643926347,1.0871216086530386,0.002839613982804634,0.004540582786477302,48.11118940319466,1.0879904329776764,0.004696910778639636,1.0973842545349557,1.078596611420397,0.0038107633590698242
2024-03-27,1.0832358598709106,1.0839285850524902,1.081174612045288,1.0832358598709106,0,1.0892032044274467,1.0866035088154216,-0.0005415890093947162,0.004853935539468141,42.23612752837316,1.087928169965744,0.004753788524378094,1.0974357470145002,1.0784205929169877,0.0027539730072021484
2024-03-28,1.0813382863998413,1.0828369855880735,1.0775513648986816,1.0813382863998413,0,1.0882263353892736,1.0859014791600108,-0.0017517638968261862,0.004969255288591943,32.94817448379598,1.0878010034561156,0.004899517409861309,1.0976000382758382,1.078001968636393,0.005285620689391868
2024-03-29,1.0794472694396973,1.0807305574417114,1.0768898725509644,1.0794472694396973,0,1.0871657473700387,1.085040917863969,-0.0017487746285576034,0.005155317176548584,32.01253502007336,1.0877485156059266,0.004986728906063295,1.0977219734180532,1.0777750577938,0.0038406848907470703
2024-04-01,1.0792726278305054,1.0801469087600708,1.0731571912765503,1.0792726278305054,0,1.086175569466182,1.0842718125261739,-0.00016178799477861716,0.0052509812277605275,32.79579596462314,1.087498676776886,0.005286377271798348,1.0980714313204827,1.0769259222332892,0.006989717483520508
2024-04-02,1.0737217664718628,1.0778765678405762,1.072535514831543,1.0737217664718628,0,1.084814497402736,1.0828651397189324,-0.005143150317636236,0.00584434308742934,29.05150202217976,1.0869089126586915,0.006112497476005764,1.099133907610703,1.07468391770668,0.005341053009033203
2024-04-03,1.076855182647705,1.0831888914108276,1.0764726400375366,1.076855182647705,0,1.0834805624825614,1.0820638121094355,0.0029182757337018472,0.005317923413606108,29.639256991052903,1.0864716947078705,0.006510840056120895,1.0994933748201123,1.0734500145956287,0.006716251373291016
2024-04-04,1.0838346481323242,1.087583065032959,1.0835057497024536,1.0838346481323242,0,1.0831587059157235,1.082299923579154,0.006481340849805228,0.005134339610328552,45.064670198959114,1.0861657321453095,0.006482306809737977,1.0991303457647854,1.0732011185258337,0.004077315330505371
2024-04-05,1.0837054252624512,1.084845781326294,1.079167723655701,1.0837054252624512,0,1.0828335455485754,1.0824873238035937,-0.00011922747634585118,0.004926521752793754,45.01905663773606,1.0856002807617187,0.006154776813897095,1.0979098343895128,1.0732907271339245,0.00567805767059304
2024-04-08,1.0830481052398682,1.085835337638855,1.0821573734283447,1.0830481052398682,0,1.0825231330735343,1.0825620946617638,-0.0006065486129902542,0.004750857569841831,45.22338895018069,1.0850379109382629,0.005823391176764481,1.0966846932917917,1.073391128584734,0.003677964210510254
2024-04-09,1.0863661766052246,1.0888501405715942,1.0849870443344116,1.0863661766052246,0,1.0825256705284119,1.0830693055875584,0.0030636417249643166,0.0047530565930801825,50.0372021951792,1.0846994638442993,0.005516646588576311,1.095732757021452,1.0736661706671466,0.003863096237182617
2024-04-10,1.0859296321868896,1.0868383646011353,1.073375940322876,1.0859296321868896,0,1.081969141960144,1.0834506824674692,-0.0004018391107306618,0.0036753315636738307,40.449645070883534,1.0843571066856383,0.005191899492315254,1.0947409056702688,1.0739733077010079,0.013462424278259277
2024-04-11,1.074171543121338,1.0755810737609863,1.0700452327728271,1.074171543121338,0,1.0811073780059814,1.0822134638879852,-0.010827671256997462,0.003998098804960257,36.61395452188709,1.0832891702651977,0.004964383223181532,1.0932179367115606,1.0733604038188347,0.00553584098815918
2024-04-12,1.0726851224899292,1.072961449623108,1.062371850013733,1.0726851224899292,0,1.0805310351508004,1.0809430183682445,-0.0013837832894822988,0.004590637500955105,40.17642551116374,1.0825063943862916,0.005345586647263504,1.0931975676808185,1.0718152210917646,0.010589599609375
2024-04-15,1.0649627447128296,1.0665528774261477,1.0623606443405151,1.0649627447128296,0,1.079183885029384,1.078812315214189,-0.007199109613056143,0.00607700357672399,29.375247689965164,1.0813416481018066,0.006450215930169911,1.0942420799621464,1.0684412162414667,0.004192233085632546
2024-04-16,1.0625749826431274,1.065405249595642,1.0604116916656494,1.0625749826431274,0,1.0777081080845423,1.0766473375380476,-0.002242108544694643,0.007385203159627004,28.26213470462811,1.080100703239441,0.007522806605168654,1.0951463164497783,1.0650550900291036,0.004993557929992676
2024-04-17,1.0621461868286133,1.0652689933776855,1.0608166456222534,1.0621461868286133,0,1.0763372438294547,1.0747138507767897,-0.00040354405243714364,0.008374509719330526,29.163485008891385,1.0788914799690246,0.008365240556636863,1.0956219610822984,1.0621609988557508,0.004452347755432129
2024-04-18,1.0669398307800293,1.0691757202148438,1.0647813081741333,1.0669398307800293,0,1.0754438553537642,1.0736773147772216,0.00451316778317401,0.008678826935422821,37.22600187981825,1.0775524199008941,0.008002080009805916,1.093556579920506,1.0615482598812822,0.004394412040710449
2024-04-19,1.0644185543060305,1.0680338144302368,1.061176896095276,1.0644185543060305,0,1.0743828501020158,1.0724428133810628,-0.002363091527059713,0.009073732143561983,35.52326756714696,1.076461535692215,0.008239575737686482,1.092940687167588,1.0599823842168419,0.0068569183349607155
2024-04-22,1.065825343132019,1.067121982574463,1.0625072717666626,1.0657799243927002,0,1.0738188198634557,1.0715604840145236,0.0013216500410457854,0.009358928553097385,41.62790697674411,1.0757151067256927,0.008502267320994334,1.0927196413676814,1.058710572083704,0.004614710807800293
2024-04-23,1.065405249595642,1.0709964036941528,1.0639317035675049,1.065405249595642,0,1.073000967502594,1.070739786092006,-0.00039414857141839565,0.009571063675801716,37.11923913539076,1.0747942268848418,0.008574993509097222,1.0919442139030362,1.0576442398666475,0.007064700126647949
2024-04-24,1.0704345703125,1.0715816020965576,1.0679197311401367,1.0704345703125,0,1.0720438190868922,1.0706990906547387,0.004720570617393394,0.009060736401622981,34.23361759425478,1.0741541624069213,0.00838743278953241,1.090929027985986,1.0573792968278566,0.0036618709564208984
2024-04-25,1.0699878931045532,1.0731916427612305,1.0678740739822388,1.0699878931045532,0,1.0710639953613281,1.070604264314714,-0.0004172858578515015,0.00842182733415674,33.979779642092254,1.073586642742157,0.0082587629318832,1.0901041686059234,1.0570691168783906,0.005317568778991699
2024-04-26,1.072961449623108,1.0752919912338257,1.0675548315048218,1.072961449623108,0,1.070343519960131,1.0709185556891665,0.002779056228315868,0.007719941905146741,38.82474450106045,1.0732623517513276,0.008143052467722208,1.089548456686772,1.0569762468158832,0.007737159729003906
2024-04-29,1.0706866979599,1.0735372304916382,1.0690956115722656,1.0706866979599,0,1.0692235571997506,1.0708876413252644,-0.002120068399481645,0.006205452640980796,32.21720778430628,1.0728330552577972,0.008035124964369676,1.0889033051865364,1.0567628053290579,0.004441618919372559
2024-04-30,1.0715701580047607,1.0736525058746338,1.068433165550232,1.0715701580047607,0,1.0681978804724557,1.0709786435491973,0.0008251340439218158,0.004040989669435163,33.87772037369152,1.0727254748344421,0.008037003439904315,1.0887994817142508,1.0566514679546335,0.0052193403244018555
2024-05-01,1.0666552782058716,1.0688670873641968,1.0650080442428589,1.0666552782058716,0,1.0676610044070654,1.070402194836754,-0.004586615036051955,0.0036684144676730006,40.028782439548856,1.0722154796123504,0.008084637672196046,1.0883847549567425,1.0560462042679584,0.0038590431213378906
2024-05-02,1.0721560716629028,1.0730764865875244,1.0675777196884155,1.0721560716629028,0,1.0676232150622778,1.0706360450802404,0.005157048926138108,0.003615014797565764,49.36571003887491,1.0716315507888794,0.0076090145786860755,1.0868495799462516,1.0564135216315071,0.005498766899108887
2024-05-03,1.073306918144226,1.080940842628479,1.0725010633468628,1.073306918144226,0,1.0682192274502345,1.0709921614887719,0.0010733945474359352,0.0038244302073054204,61.87524175980796,1.0711116254329682,0.007077268718532048,1.0852661628700324,1.056957087995904,0.008439779281616211
2024-05-06,1.0758124589920044,1.079214334487915,1.0756388902664185,1.0758124589920044,0,1.0691647614751543,1.0716348678225363,0.00233441227800002,0.003955761570648147,68.77633563520054,1.0707498431205749,0.0066040955192093465,1.0839580341589936,1.0575416520821561,0.003575444221496582
2024-05-07,1.0767507553100586,1.0789813995361328,1.0755810737609863,1.0767507553100586,0,1.0702079449381148,1.072316986154206,0.0008721746157627219,0.0038876165618960215,70.42030029069018,1.0702690720558166,0.00569480711829896,1.0816586862924145,1.0588794578192187,0.0034003257751464844
2024-05-08,1.0750491619110107,1.0758472681045532,1.0735719203948977,1.0750491619110107,0,1.070787182876042,1.0726812762551132,-0.0015803038824503401,0.003966551421249201,62.41178230756336,1.0697250485420227,0.004518165777762527,1.0787613800975477,1.0606887169864976,0.0022753477096555397
2024-05-09,1.0746910572052002,1.078283429145813,1.0725126266479492,1.0746910572052002,0,1.0715209330831255,1.0729492470484583,-0.00033310542298736756,0.003634019242275432,66.83757210072974,1.0697510242462158,0.004546479558644374,1.0788439833635046,1.060658065128927,0.0057708024978637695
2024-05-10,1.078515887260437,1.0793308019638062,1.0762062072753906,1.078515887260437,0,1.0724274005208696,1.073691465743389,0.003559004264149568,0.0036864128918948007,69.27321707896414,1.0700425624847412,0.0049164228086244,1.07987540810199,1.0602097168674924,0.0031245946884155273
2024-05-13,1.077040672302246,1.0807305574417114,1.0766464471817017,1.077040672302246,0,1.0732585021427699,1.0741380266179033,-0.0013678194040684932,0.0032695185996283547,67.1220621204307,1.070646458864212,0.005000674833982593,1.0806478085321771,1.0606451091962468,0.004084110260009766
2024-05-14,1.079354166984558,1.0828369855880735,1.0776442289352417,1.079354166984558,0,1.073895616190774,1.074833512000124,0.002148010508616016,0.003535169595455434,64.26585826231195,1.0714854180812836,0.004982741942643906,1.0814509019665715,1.0615199341959958,0.005192756652831809
2024-05-15,1.0814552307128906,1.0874292850494385,1.0813616514205933,1.0814552307128906,0,1.0747147117342268,1.0757164078284929,0.001946593428366894,0.003872498098190911,67.41886767853457,1.0724508702754973,0.004948474474149377,1.082347819223796,1.0625539213271986,0.006067633628845215
2024-05-16,1.0889805555343628,1.089680790901184,1.0855170488357544,1.0889805555343628,0,1.0758589335850306,1.0774849608559423,0.006958517197712899,0.005385608315416028,71.37693839761252,1.0735529065132141,0.0059992536985707876,1.0855514139103557,1.0615543991160725,0.0041637420654296875
2024-05-17,1.0867793560028076,1.087890625,1.0836349725723269,1.0867793560028076,0,1.077008409159524,1.078724213542191,-0.002021339610122852,0.005890458955109957,71.5173308595456,1.074670946598053,0.006284199723308399,1.0872393460446699,1.0621025471514363,0.004255652427673118
2024-05-20,1.0875475406646729,1.0884946584701538,1.0855052471160889,1.0875475406646729,0,1.0781496507780892,1.079900657158522,0.0007068450993499287,0.0062899935816108825,71.42925665607153,1.0757570564746857,0.006546599912537508,1.0888502562997606,1.0626638566496107,0.0029894113540649414
2024-05-21,1.086082935333252,1.0875475406646729,1.0845986604690552,1.086082935333252,0,1.079537340572902,1.0807249609151526,-0.001346704651206121,0.0056717185823688746,78.71442213835414,1.0767909407615661,0.006457908134704661,1.0897067570309755,1.0638751244921567,0.0029488801956176758
2024-05-22,1.0855170488357544,1.0864840745925903,1.0822510719299316,1.0855170488357544,0,1.0804916960852486,1.0813639059712328,-0.0005210343327269884,0.005454086328196937,73.12052875213506,1.077545064687729,0.006556452952167695,1.0906579705920643,1.0644321587833936,0.004233002662658691
2024-05-23,1.0825204849243164,1.086130142211914,1.0813032388687134,1.0825204849243164,0,1.0811498079981123,1.0815181164983105,-0.0027604945630765876,0.005062252021005873,64.98633005642486,1.078171694278717,0.00639302704956441,1.0909577483778459,1.065385640179588,0.004826903343200684
2024-05-24,1.0812681913375854,1.0856584310531616,1.0806137323379517,1.0812681913375854,0,1.0815395031656538,1.0814847931435472,-0.0011568313063549107,0.004824168238279447,59.251188589540405,1.078587031364441,0.00630595645335873,1.0911989442711585,1.0659751184577235,0.005044698715209961
2024-05-27,1.0847634077072144,1.08672034740448,1.0841753482818604,1.0847634077072144,0,1.0821118354797363,1.0819219417520363,0.0032325156678336686,0.004685651945987326,62.50274366538815,1.0792908668518066,0.006161686876004445,1.0916142406038156,1.0669674930997977,0.002544999122619629
2024-05-28,1.0861891508102417,1.0889450311660769,1.0859060287475586,1.0861891508102417,0,1.0829075489725386,1.082490902959797,0.0013143355434903636,0.004326112546594106,67.533500696094,1.0800218164920807,0.006063925022704041,1.0921496665374888,1.0678939664466727,0.0030390024185182885
2024-05-29,1.0851871967315674,1.085894227027893,1.080952525138855,1.0851871967315674,0,1.0836572732244218,1.0828504087960331,-0.0009224489840714556,0.003649184245446996,66.19196139586889,1.0809484124183655,0.005279043743092138,1.0915064999045498,1.0703903249321811,0.004941701889038086
2024-05-30,1.0801819562911987,1.0845986604690552,1.0788999795913696,1.0801819562911987,0,1.0837762781551905,1.082494615128722,-0.004612329057552267,0.0034924181755721833,52.479860889314736,1.0813497066497804,0.004864258540455363,1.091078223730691,1.0716211895688696,0.005698680877685547
2024-05-31,1.0835410356521606,1.0882576704025269,1.081162929534912,1.0835410356521606,0,1.0842405898230416,1.0826341378651805,0.0031097347455193436,0.0029119060576332455,59.16167382969357,1.081861412525177,0.004498174071733645,1.0908577606686445,1.0728650643817097,0.007094740867614746
2024-06-03,1.0853049755096436,1.0890873670578003,1.0828019380569458,1.0853049755096436,0,1.0846656475748335,1.082990249551109,0.0016279400589764847,0.0025563783124183752,58.519094964554256,1.082336038351059,0.004323745472463436,1.0909835292959857,1.0736885474061322,0.006285429000854492
2024-06-04,1.0907385349273682,1.0918222665786743,1.0860711336135864,1.0907385349273682,0,1.0853287407330103,1.0840233542679436,0.005006481625289716,0.00284704164744724,62.13224984264873,1.0830354273319245,0.004500434987385276,1.092036297306695,1.074034557357154,0.005751132965087891
2024-06-05,1.0881866216659546,1.088992476463318,1.0860947370529177,1.0881866216659546,0,1.0852720311709814,1.0845784565876784,-0.0023396196060713192,0.0027757203956317524,48.80738347814253,1.0836923003196717,0.004223674576846757,1.0921396494733653,1.075244951165978,0.0028977394104003906
2024-06-06,1.087453007698059,1.0898706912994385,1.0863661766052246,1.087453007698059,0,1.0853201491492135,1.0849617300690626,-0.000674161906872528,0.0028094938498003296,51.058608429153225,1.0843303978443146,0.003727044017447398,1.0917844858792094,1.0768763098094198,0.003504514694213867
2024-06-07,1.0894432067871094,1.090179681777954,1.0804970264434814,1.0894432067871094,0,1.0854555538722448,1.0855592602981357,0.0018301472109247818,0.002966401253693181,52.86876077905021,1.0848767638206482,0.0036294718435939412,1.0921357075078362,1.0776178201334603,0.009682655334472656
2024-06-10,1.077888250350952,1.078283429145813,1.073364496231079,1.077888250350952,0,1.0848702192306519,1.0845364589718445,-0.010606295366450857,0.0035784377259606764,40.50005251491126,1.0849191427230835,0.003536927913267021,1.0919929985496175,1.0778452868965496,0.004918932914733887
2024-06-11,1.0764262676239014,1.0773539543151855,1.0721101760864258,1.0764262676239014,0,1.0842208777155196,1.083455100125452,-0.0013563397936423582,0.004219430546838951,39.675727487619106,1.0847727477550506,0.0038280039113158136,1.0924287555776822,1.077116739932419,0.005243778228759766
2024-06-12,1.07403302192688,1.085175395011902,1.073502779006958,1.07403302192688,0,1.0836146303585596,1.0821988230323092,-0.0022233252467018794,0.005016912103697935,40.226981974315116,1.0844016373157501,0.004472135939300334,1.0933459091943507,1.0754573654371495,0.01167261600494407
2024-06-13,1.0813149213790894,1.0817828178405762,1.075384497642517,1.0813149213790894,0,1.083617968218667,1.0820809694785467,0.006779958626546678,0.005015246148294415,50.0472473592101,1.0840183556079865,0.004386721730061276,1.092791799068109,1.075244912147864,0.006398320198059082
2024-06-14,1.0738831758499146,1.0745755434036257,1.0668145418167114,1.0738831758499146,0,1.0828408088002885,1.0809879303280625,-0.00687287799533598,0.005629479394173437,39.81043183137579,1.0833735466003418,0.004879637581582872,1.0931328217635075,1.0736142714371761,0.0077610015869142845
2024-06-17,1.0702168941497805,1.0726161003112793,1.068764328956604,1.0702168941497805,0,1.0816999333245414,1.0795517921709583,-0.0034140414735824853,0.006456439648872378,35.64410538834902,1.0825070142745972,0.0055869401636361666,1.0936808946018695,1.0713331339473249,0.003851771354675293
2024-06-18,1.0740677118301392,1.0761250257492063,1.071111083030701,1.0740677118301392,0,1.0809056844030107,1.0788205814588492,0.0035981656628751857,0.006674700386203356,40.49266847822749,1.0819062530994414,0.005823186150792404,1.0935526254010262,1.0702598807978567,0.005013942718505415
2024-06-19,1.0742292404174805,1.075326681137085,1.0726275444030762,1.0742292404174805,0,1.0804804904120309,1.0782084026533334,0.0001503895755938789,0.006909810144810016,44.45069245489754,1.0813418626785278,0.005999159541636274,1.0933401817618005,1.0693435435952552,0.002699136734008789
2024-06-20,1.0751532316207886,1.0750375986099243,1.0707554817199707,1.0751532316207886,0,1.0798813615526472,1.0778010465156607,0.0008601434112416317,0.006987233218713836,41.80873306728368,1.0809735000133514,0.0061473339185748885,1.0932681678505012,1.0686788321762015,0.004282116889953613
2024-06-21,1.0706409215927124,1.0722709894180298,1.0671902894973757,1.0706409215927124,0,1.0788339291300093,1.0768463631926009,-0.004196899470109816,0.007207309865491689,36.40909603158972,1.0804421365261079,0.0065655919785747125,1.0935733204832574,1.0673109525689584,0.005080699920654075
2024-06-24,1.0687757730484009,1.074702501296997,1.0684444904327393,1.0687757730484009,0,1.0772651604243688,1.0757702845067074,-0.0017420859848481518,0.006795255542317004,28.202737716360843,1.079642754793167,0.006972439698471307,1.0935876341901096,1.0656978753962245,0.0062580108642578125
2024-06-25,1.0732723474502563,1.0745755434036257,1.0692213773727417,1.0732723474502563,0,1.0761998551232475,1.075437226232514,0.004207219620098845,0.006083125821739401,35.74823205628233,1.078996914625168,0.006932258650980633,1.0928614319271293,1.0651323973232065,0.005354166030884011
2024-06-26,1.0709619522094729,1.072041153907776,1.0667691230773926,1.0709619522094729,0,1.0750219225883484,1.074840523029442,-0.0021526644623540703,0.005280109921552123,34.70248034412967,1.0782856523990632,0.006993196466103886,1.0922720453312709,1.0642992594668554,0.005272030830383523
2024-06-27,1.068010926246643,1.0726161003112793,1.0677828788757324,1.068010926246643,0,1.0734910454068864,1.0739299101250688,-0.0027554909460056898,0.003624751797588812,30.467064306899715,1.0776771008968353,0.007340437638952643,1.0923579761747406,1.06299622561893,0.004833221435546875
2024-06-28,1.0708472728729248,1.0720986127853394,1.0686043500900269,1.0708472728729248,0,1.0729881184441703,1.0735188918247829,0.002655728098447163,0.003452064679816006,42.370529970703636,1.0770424127578735,0.007355494577963133,1.0917534019137998,1.0623314236019472,0.0034942626953125
2024-07-01,1.0735257863998413,1.077818512916565,1.072075605392456,1.0735257863998413,0,1.0727809412138802,1.0735198111014572,0.002501303028703994,0.0033141312886485093,46.937825177518235,1.0764534533023835,0.007127123735765577,1.0907077007739148,1.0621992058308523,0.005742907524108887
2024-07-02,1.0737102031707764,1.0746102333068848,1.0710651874542236,1.0737102031707764,0,1.0727578827313013,1.0735451967107,0.00017178606538514885,0.003305862374877407,49.64251202627538,1.0756020367145538,0.006299898170793069,1.0882018330561398,1.0630022403729678,0.003545045852661133
2024-07-03,1.0748412609100342,1.081560492515564,1.0737102031707764,1.0748412609100342,0,1.0722954784120833,1.0737180052706112,0.0010534106278563549,0.002323749360822931,41.700467971035216,1.0749347686767579,0.0055601386343250465,1.086055045945408,1.0638144914081078,0.007850289344787598
2024-07-04,1.0793308019638062,1.0816657543182373,1.0784229040145874,1.0793308019638062,0,1.0726845945630754,1.0744663781630373,0.004176934043238045,0.002974930887534347,57.553987754400445,1.074528658390045,0.004848808753282821,1.0842262758966108,1.0648310408834794,0.0032428503036499023
2024-07-05,1.0810693502426147,1.0838346481323242,1.0810693502426147,1.0810693502426147,0,1.073459769998278,1.0753467744403142,0.0016107649996139894,0.0036252830585921216,65.89860463491709,1.0741099655628203,0.0037243070888059657,1.0815585797404323,1.0666613513852083,0.0027652978897094727
2024-07-08,1.082602620124817,1.0847163200378418,1.0815136432647705,1.082602620124817,0,1.0740694063050407,1.0763142205315814,0.0014182900309382962,0.004375400900383546,63.41432340068349,1.0743456840515138,0.0041056910694264506,1.0825570661903667,1.0661343019126608,0.003202676773071289
2024-07-09,1.0830950736999512,1.0834236145019531,1.0806254148483276,1.0830950736999512,0,1.0747026801109314,1.077218334287364,0.00045487934906107697,0.0049976637195861505,63.7909805666815,1.0746791243553162,0.0045322042185155014,1.0837435327923473,1.0656147159182852,0.0027981996536254883
2024-07-10,1.0814785957336426,1.0828721523284912,1.081186294555664,1.0814785957336426,0,1.075154491833278,1.0777863691468679,-0.0014924617474129098,0.0053172326283484565,59.63172855955186,1.0750514030456544,0.004775596742537085,1.0846025965307287,1.0655002095605801,0.0016858577728271484
2024-07-11,1.083329677581787,1.0898351669311523,1.0832945108413696,1.083329677581787,0,1.0760608315467834,1.0785254769381905,0.00171162134456182,0.005564375277325833,71.02538271604939,1.0751521408557891,0.004933320467968014,1.0850187817917252,1.065285499919853,0.006540656089782715
2024-07-12,1.0872756242752075,1.091119408607483,1.086307168006897,1.0872756242752075,0,1.0773822494915553,1.0796921632497927,0.0036424246238953017,0.005888469842901313,78.67691625397295,1.075821763277054,0.005613967825865872,1.0870496989287857,1.0645938276253222,0.0048122406005859375
2024-07-15,1.0885539054870603,1.0921919345855713,1.088435411453247,1.0885539054870603,0,1.078473789351327,1.0808737288814283,0.0011756735673209562,0.006456941258212653,76.31361794542295,1.076738613843918,0.006124569365441573,1.088987752574801,1.0644894751130347,0.0037565231323242188
2024-07-16,1.0901559591293335,1.0906314849853516,1.0872164964675903,1.0901559591293335,0,1.079844789845603,1.0821113595811491,0.0014717265118409095,0.006769431153571629,83.87694042694588,1.0775430262088777,0.006777076299488917,1.0910971788078554,1.0639888736099,0.0034149885177612305
2024-07-17,1.0902509689331057,1.0947147607803345,1.089633226394653,1.0902509689331057,0,1.0814333643232072,1.0831966408280767,8.71524876568941e-05,0.006376916587844069,93.65415124272877,1.078344112634659,0.007292109444974737,1.0929283315246083,1.0637598937447095,0.005081534385681374
2024-07-18,1.094020128250122,1.0942115783691406,1.0905362367630005,1.094020128250122,0,1.0830885682787215,1.0846397724843495,0.0034571483304479678,0.006425019241308737,93.87832493634541,1.0792874574661255,0.008039638959891482,1.0953667353859085,1.0632081795463426,0.0036753416061401367
2024-07-19,1.0901559591293335,1.0901559591293335,1.0877368450164795,1.0901559591293335,0,1.0842764377593994,1.085375264037014,-0.00353208229081603,0.006047237645239088,80.1364417983703,1.0802632093429565,0.008118853979254763,1.096500917301466,1.064025501384447,0.002419114112854004
2024-07-22,1.0899182558059692,1.0901559591293335,1.0873701572418213,1.0899182558059692,0,1.0854341558047704,1.0859809962728748,-0.0002180452451537862,0.00538386852098768,79.31488005657587,1.081320333480835,0.007918361438409162,1.0971570563576534,1.0654836106040166,0.002785801887512207
2024-07-23,1.0889805555343628,1.0900371074676514,1.084445834159851,1.0889805555343628,0,1.0864441054207938,1.08638093750774,-0.0008603399994553396,0.0044970595254533105,75.75332531407554,1.0821057438850403,0.007856877785591273,1.097819499456223,1.0663919883138577,0.005591273307800293
2024-07-24,1.0850694179534912,1.0866494178771973,1.0826728343963623,1.0850694179534912,0,1.0868540065629142,1.0862060682338401,-0.00359155869312322,0.004036797008999935,60.67729242726027,1.0828111171722412,0.0074251644809221196,1.0976614461340855,1.067960788210397,0.003976583480834961
2024-07-25,1.0839520692825315,1.0864368677139282,1.0829308032989502,1.0839520692825315,0,1.0870599150657654,1.0859055350403324,-0.001029748560296806,0.0037846847858580106,55.49051840011578,1.0836081743240356,0.006557753153511524,1.0967236806310585,1.0704926680170126,0.0035060644149780273
2024-07-26,1.0851283073425293,1.0868501663208008,1.084269404411316,1.0851283073425293,0,1.0872403212956019,1.0858019046806253,0.0010851384423080646,0.0036121364503268008,54.876830509020685,1.0843222260475158,0.005832536702337683,1.095987299452191,1.0726571526428406,0.0025807619094848633
2024-07-29,1.0853756666183472,1.0871928930282593,1.0803102254867554,1.0853756666183472,0,1.087403220789773,1.0857450729389884,0.00022795394253760648,0.0034589931679661796,54.445657983408,1.0849147200584413,0.005250949028052492,1.0954166181145462,1.0744128220023363,0.006882667541503906
2024-07-30,1.081946611404419,1.0837758779525757,1.0799952745437622,1.081946611404419,0,1.0874366504805428,1.085238611401046,-0.003159325678096292,0.0033990722362923346,50.85210747927246,1.0853265404701233,0.004609791623760883,1.094546123717645,1.0761069572226016,0.0037806034088134766
2024-07-31,1.081607222557068,1.0851871967315674,1.0808707475662231,1.081607222557068,0,1.0873136179787772,1.084754426221849,-0.0003136835438768415,0.003585237707503199,46.681274662477655,1.085664838552475,0.004008915878586589,1.093682670309648,1.077647006795302,0.004316449165344238
2024-08-01,1.082391619682312,1.0837758779525757,1.0778300762176514,1.082391619682312,0,1.086964760507856,1.0844393853499108,0.0007252143928824228,0.0038192013328361284,39.28429444258454,1.0858178794384004,0.0038077637857974293,1.0934334070099951,1.0782023518668056,0.005945801734924316
2024-08-02,1.078760266304016,1.0926215648651123,1.0782949924468994,1.078760266304016,0,1.0862652148519243,1.0836821694771248,-0.0033549348611567886,0.004363829742670776,30.523406051008607,1.0857024252414704,0.003989967788551012,1.0936823608185724,1.0777224896643685,0.01432657241821289
2024-08-05,1.0910836458206177,1.1007397174835205,1.089372158050537,1.0910836458206177,0,1.0863314781870161,1.0846690329895905,0.011423649815007986,0.004433934219811691,51.2933613434205,1.0861264765262604,0.0040925437298718476,1.0943115639860042,1.0779413890665166,0.011367559432983398
2024-08-06,1.0950982570648191,1.09631085395813,1.0904649496078491,1.0950982570648191,0,1.086677713053567,1.0860595961996211,0.0036794715598380545,0.004925543692576318,56.092159988492924,1.0867266356945038,0.004485819715207167,1.095698275124918,1.0777549962640895,0.005845904350280984
2024-08-07,1.0926215648651123,1.093637228012085,1.0906909704208374,1.0926215648651123,0,1.0865778156689234,1.08693452535502,-0.002261616420014323,0.004777119741271566,48.18323721978927,1.0872837841510772,0.004491682197315256,1.0962671485457076,1.0783004197564467,0.0029462575912475586
2024-08-08,1.0928125381469729,1.0946906805038452,1.0882340669631958,1.0928125381469729,0,1.0867675713130407,1.087718260393947,0.00017478447067276193,0.004978692307332441,53.81502316233523,1.0877579271793365,0.004552413472299788,1.096862754123936,1.078653100234737,0.006456613540649414
2024-08-09,1.0915720462799072,1.093135118484497,1.0909645557403564,1.0915720462799072,0,1.086885699204036,1.088232098512075,-0.0011351369276647594,0.005077830475073589,52.308465427098525,1.0879727482795716,0.004629179911187088,1.0972311081019457,1.0787143884571975,0.002170562744140625
2024-08-12,1.091381311416626,1.0939722061157229,1.0913337469100952,1.091381311416626,0,1.087057181767055,1.0886519935660153,-0.00017473410383794796,0.005193243603923679,53.422497153442166,1.08811411857605,0.004690627127286913,1.0974953728306238,1.078732864321476,0.0026384592056276635
2024-08-13,1.0936251878738403,1.0962508916854858,1.0915720462799072,1.0936251878738403,0,1.087668308189937,1.089315086140392,0.002055996775592428,0.005438933512964727,62.80577670405259,1.0882875800132752,0.004832122061097048,1.0979518241354693,1.078623335891081,0.004678845405578613
2024-08-14,1.0996986627578735,1.1048502922058103,1.098828673362732,1.0996986627578735,0,1.0887930648667472,1.090699563022723,0.005553525057191644,0.006187915543931755,70.5236727946205,1.0887599647045136,0.00545572435287577,1.0996714134102652,1.077848515998762,0.006021618843078391
2024-08-15,1.101321578025818,1.1016855239868164,1.09505033493042,1.101321578025818,0,1.0899497270584106,1.0921158316898023,0.001475781796328235,0.00692029865091315,70.86293698990343,1.0891250371932983,0.006039313686795209,1.1012036645668888,1.077046409819708,0.006635189056396484
2024-08-16,1.0972732305526731,1.1004369258880615,1.0973695516586304,1.0972732305526731,0,1.0907995530537196,1.0928034848715185,-0.0036758995319077226,0.007044789399268965,63.96110072852155,1.0894809007644652,0.006307015157328226,1.1020949310791217,1.0768668704498088,0.0030673742294311523
2024-08-19,1.1024993658065796,1.1072603464126587,1.1023900508880615,1.1024993658065796,0,1.0922676069395882,1.0940962689961933,0.004762838560523397,0.007197842847159994,73.14146427890674,1.0901099562644958,0.006947795181807498,1.104005546628111,1.0762143659008807,0.004870295524597168
2024-08-20,1.1086474657058716,1.1117286682128906,1.107248067855835,1.1086474657058716,0,1.0941990528787886,1.0960364285574837,0.005576511052951094,0.007725808156267961,76.92420911693546,1.0910933017730713,0.008079179356364118,1.1072516604857996,1.074934943060343,0.004480600357055664
2024-08-21,1.112792730331421,1.1148271560668943,1.11055588722229,1.112792730331421,0,1.0963705607822962,1.098270602127342,0.0037390286396496997,0.008395230157427158,78.3717634075079,1.0924794673919678,0.009280252274816566,1.1110399719416009,1.0739189628423347,0.00427126884460427
2024-08-22,1.115536093711853,1.1157476902008057,1.1099271774291992,1.115536093711853,0,1.0989974055971419,1.1005726676719436,0.0024652959222828397,0.008212698195592413,84.89938504282927,1.094058668613434,0.010375458219889633,1.1148095850532131,1.0733077521736547,0.005820512771606445
2024-08-23,1.111716389656067,1.1195951700210571,1.110679268836975,1.111716389656067,0,1.1004711730139596,1.1020584972698266,-0.00342409723658188,0.008528533319577977,73.34829811573198,1.0953880727291108,0.01086290158512896,1.1171138758993686,1.073662269558853,0.008915901184082031
2024-08-26,1.118793487548828,1.1201093196868896,1.1152873039245603,1.118793487548828,0,1.1021636894771032,1.1042898293070267,0.006365920264025604,0.009656806543361983,75.0758191240805,1.0970589637756347,0.011773694172949465,1.1206063521215337,1.0735115754297357,0.004822015762329324
2024-08-27,1.1164700984954834,1.117955446243286,1.11512553691864,1.1164700984954834,0,1.1038671561649867,1.105913865198821,-0.0020766916139589586,0.009943288723491157,75.32021101019565,1.098785138130188,0.011970562608153238,1.1227262633464945,1.0748440129138817,0.002829909324645996
2024-08-28,1.117793083190918,1.1181930303573608,1.1105434894561768,1.117793083190918,0,1.1056514808109827,1.1074977609311005,0.0011849710056877072,0.010047771816210485,75.89952242997065,1.1005944311618805,0.011972212081716529,1.1245388553253135,1.0766500069984475,0.007649540901184082
2024-08-29,1.1124955415725708,1.1140199899673462,1.1056320667266846,1.1124955415725708,0,1.1071460161890303,1.1081641316832966,-0.004739286454720659,0.009322388795732661,70.0098727487053,1.1020996272563934,0.011443971426154779,1.124987570108703,1.0792116844040838,0.008387923240661621
2024-08-30,1.10804545879364,1.109570026397705,1.1053999662399292,1.10804545879364,0,1.1083363124302454,1.1081483086313424,-0.004000090438691095,0.008144077298713382,64.73600654422904,1.1035638868808746,0.010094477844467462,1.1237528425698096,1.0833749311919396,0.004170060157775879
2024-09-02,1.1044842004776,1.1077632904052734,1.1042524576187134,1.1044842004776,0,1.109111956187657,1.10765976087751,-0.003214000190855937,0.007083223902348105,59.38392375175634,1.1042339146137237,0.009657783861067606,1.123549482335859,1.0849183468915884,0.0035108327865600586
2024-09-03,1.1067456007003784,1.107051968574524,1.1033751964569092,1.1067456007003784,0,1.1096153088978358,1.1075378728538925,0.0020474717717107183,0.006596498143511141,56.519197854357394,1.1048162817955016,0.009426302200962737,1.123668886197427,1.0859636773935761,0.003676772117614746
2024-09-04,1.1048868894577026,1.1093976497650146,1.1040817499160769,1.1048868894577026,0,1.1098699740001134,1.1071844084010671,-0.0016794385642910914,0.006314472138663313,53.28398065714728,1.1054295480251313,0.008979568169065942,1.1233886843632632,1.0874704116869993,0.005315899848937766
2024-09-05,1.10804545879364,1.112112045288086,1.1075178384780884,1.10804545879364,0,1.1106394188744682,1.107299215120077,0.0028587264145087943,0.005223508499098921,60.087564579435586,1.1061911940574647,0.008485505297322801,1.1231622046521104,1.089220183462819,0.004594206809997559
2024-09-06,1.1111111640930176,1.1149640083312988,1.1067211627960205,1.1111111640930176,0,1.1112545473234994,1.1078074749831357,0.0027667685247456664,0.004668801946488441,58.404513989878495,1.10716814994812,0.007811833028472234,1.1227918160050645,1.0915444838911756,0.00824284553527832
2024-09-09,1.1087212562561035,1.109139323234558,1.10349702835083,1.1087212562561035,0,1.1112598180770874,1.1079293124861982,-0.002150916950658943,0.004665672934738048,50.07771519828047,1.108035147190094,0.006873381738969677,1.1217819106680333,1.0942883837121546,0.005642294883728027
2024-09-10,1.1037527322769165,1.1050333976745603,1.101624846458435,1.1037527322769165,0,1.110614103930337,1.1073724351249608,-0.0044813102943156435,0.005047160768823467,40.64148288926452,1.108541524410248,0.0060835755858796555,1.1207086755820073,1.0963743732384885,0.0034085512161252662
2024-09-11,1.1020983457565308,1.1054977178573608,1.100279450416565,1.1020983457565308,0,1.1096542647906713,1.1066692232091702,-0.0014988742242775244,0.005310033254795679,35.767890510580145,1.1086615085601808,0.005921496838278408,1.1205045022367375,1.096818514883624,0.0052182674407958984
2024-09-12,1.1010911464691162,1.1047526597976685,1.1006548404693604,1.1010911464691162,0,1.1088953188487463,1.1059254796438296,-0.0009138923865484871,0.005734943782175165,38.03376232120646,1.1086499869823456,0.005936734519362982,1.1205234560210715,1.0967765179436197,0.0040978193283081055
2024-09-13,1.1077877283096311,1.1102476119995115,1.1073951721191406,1.1077877283096311,0,1.1081091931888034,1.1061737794659363,0.006081768854457659,0.004978149531419152,37.498070334610624,1.1091757118701935,0.005308566504488737,1.119792844879171,1.098558578861216,0.0028524398803708717
2024-09-16,1.1088441610336304,1.1135361194610596,1.1087088584899902,1.1088441610336304,0,1.1075644833700997,1.1065298303416289,0.0009536418367905863,0.0043734088360714175,41.08062586619893,1.109492951631546,0.005072942653723765,1.1196388369389934,1.0993470663240985,0.004827260971069336
2024-09-17,1.1129536628723145,1.1146159172058103,1.1113086938858032,1.1129536628723145,0,1.1072188104901994,1.1073863413457203,0.003706113070797379,0.0036309916855891216,44.68613704310675,1.1097082614898681,0.005126272398306113,1.1199608062864803,1.099455716693256,0.003307223320007102
2024-09-18,1.1123099327087402,1.1140819787979126,1.110913634300232,1.1123099327087402,0,1.1072055527142115,1.108042820194123,-0.0005783979918021487,0.0036105239534358555,49.77299434599919,1.109684121608734,0.005112100174819713,1.1199083219583734,1.0994599212590948,0.003168344497680664
2024-09-19,1.1114816665649414,1.118067979812622,1.107051968574524,1.1114816665649414,0,1.1074509961264474,1.1085013330435656,-0.0007446361121506984,0.003784612516696322,54.611099913297245,1.1094814002513886,0.0049455001724049,1.1193724005961985,1.0995903999065788,0.011016011238098145
2024-09-20,1.1161960363388062,1.1181679964065552,1.1137346029281616,1.1161960363388062,0,1.1082875558308192,1.109527293482931,0.004241518250529985,0.004333048284522148,65.24451175232906,1.1097053825855254,0.00514929359272339,1.1200039697709723,1.0994067954000786,0.004433393478393555
2024-09-23,1.1160838603973389,1.1168192625045776,1.1084877252578735,1.1160838603973389,0,1.108954574380602,1.1104015024048521,-0.00010049842305048795,0.004773765998398775,62.87536365279992,1.109569901227951,0.004928507241623556,1.119426915711198,1.099712886744704,0.008331537246704102
2024-09-24,1.111172795295715,1.1163455247879028,1.1103955507278442,1.111172795295715,0,1.1094035676547458,1.1105043414569673,-0.004400265316869101,0.00465590656668562,57.99399654346409,1.1093050360679626,0.004673930865568134,1.1186528977990988,1.0999571743368264,0.005949974060058594
2024-09-25,1.1191190481185913,1.1212396621704102,1.1141688823699951,1.1191190481185913,0,1.1101945383208138,1.1116529690118504,0.007151230534546693,0.005303078018332763,62.55392299957841,1.1093713343143463,0.004808145196626445,1.1189876247075992,1.0997550439210935,0.007070779800415039
2024-09-26,1.1131023168563845,1.118956208229065,1.112681269645691,1.1131023168563845,0,1.110336763518197,1.1118462153911217,-0.005376310297212639,0.005355989136555316,52.11576608643465,1.109401673078537,0.004830757243295537,1.119063187565128,1.099740158591946,0.0062749385833740234
2024-09-27,1.117717981338501,1.1199839115142822,1.1126564741134644,1.117717981338501,0,1.1109793867383684,1.112629117517439,0.00414666685372822,0.005677330518116161,59.12800739239184,1.10988529920578,0.0051607418713862235,1.1202067829485525,1.0995638154630074,0.007327437400817871
2024-09-30,1.1169815063476562,1.1208375692367554,1.1136106252670288,1.1169815063476562,0,1.1119242991719926,1.1132094360281346,-0.0006589094951865437,0.0054794576904110244,64.68270454647694,1.1105101644992827,0.005228499997366829,1.1209671644940165,1.100053164504549,0.0072269439697265625
2024-10-01,1.113660216331482,1.1145787239074707,1.1061090230941772,1.113660216331482,0,1.1127501470702035,1.113269540068581,-0.0029734512140978664,0.004700520731391463,62.374706542819226,1.110855895280838,0.00519497390049688,1.1212458430818317,1.1004659474798444,0.008469700813293457
2024-10-02,1.1063904762268066,1.108217477798462,1.1034117937088013,1.1063904762268066,0,1.1131286706243242,1.1123523315563446,-0.006527790072830886,0.0038203990325920345,55.0014175971054,1.1109310746192933,0.005114299977117295,1.121159674573528,1.1007024746650587,0.0048056840896606445
2024-10-03,1.1048502922058103,1.1048502922058103,1.1009578704833984,1.1048502922058103,0,1.1129188537597656,1.11135205964294,-0.001392079970038207,0.004198263329457561,46.92877387768942,1.1107713162899018,0.005257094967523081,1.121285506224948,1.1002571263548555,0.0038924217224118873
2024-10-04,1.103557825088501,1.103996515274048,1.095614314079285,1.103557825088501,0,1.1125412583351135,1.1103128283690147,-0.0011698119884903102,0.004789090450748448,44.50003596774314,1.110393649339676,0.005497225207852596,1.1213880997553811,1.0993991989239709,0.008382201194763184
2024-10-07,1.0974539518356323,1.0985027551651,1.095554232597351,1.0974539518356323,0,1.1114341361182076,1.108598311497897,-0.005531086014798681,0.0062539630570942785,34.51648014023422,1.1098302841186523,0.006208913288067956,1.1222481106947881,1.0974124575425164,0.0029485225677490234
2024-10-08,1.0975743532180786,1.0997470617294312,1.096166729927063,1.0975743532180786,0,1.1103815947260176,1.1071284503939212,0.00010970973519652816,0.007255096118604087,35.124278242703,1.1095213651657105,0.006664217360836953,1.1228497998873845,1.0961929304440365,0.003580331802368164
2024-10-09,1.0975743532180786,1.098056435585022,1.094067931175232,1.0975743532180786,0,1.1093882152012415,1.1058545707704754,0.0,0.00800612021970529,35.7216465825115,1.109295165538788,0.006997859144505898,1.1232908838277997,1.0952994472497761,0.003988504409790039
2024-10-10,1.0943313837051392,1.095446228981018,1.091405153274536,1.0943313837051392,0,1.1078264542988367,1.1043181458284306,-0.002954669543280719,0.00868016252539218,26.852655809868054,1.108957177400589,0.007555948293820242,1.1240690739882295,1.0938452808129486,0.004041075706482156
2024-10-11,1.0933860540390017,1.0954222679138184,1.0927408933639526,1.0933860540390017,0,1.1062051824160986,1.10286053358984,-0.0008638422329960704,0.009127426834352512,26.387169903045177,1.1082370936870576,0.008320793858364197,1.1248786814037859,1.0915955059703293,0.0026813745498657227
2024-10-14,1.0925379991531372,1.0939722061157229,1.0905719995498655,1.0925379991531372,0,1.1048741255487715,1.1014841956649464,-0.0007756225559414354,0.009688771118626795,28.823822657642907,1.1074217855930328,0.009027079410227627,1.125475944413488,1.0893676267725776,0.0034002065658573777
2024-10-15,1.0909169912338257,1.0918222665786743,1.0885775089263916,1.0909169912338257,0,1.1028596929141454,1.1000752350741303,-0.001483708503107417,0.009427506199217915,12.571115766024732,1.1063199520111084,0.0096403781227824,1.1256007082566732,1.0870391957655436,0.003244757652282715
2024-10-16,1.0884116888046265,1.0901559591293335,1.0868147611618042,1.0884116888046265,0,1.101096076624734,1.0985200955715297,-0.002296510595518164,0.009670339404076581,13.863241421183204,1.1051250398159027,0.010316238185970723,1.1257575161878441,1.0844925634439613,0.003341197967529297
2024-10-17,1.0862481594085691,1.0869920253753662,1.0813850164413452,1.0862481594085691,0,1.0988482322011675,1.0968838374164682,-0.0019877858886589994,0.009153119266882927,0.37968782893747743,1.1038633644580842,0.011017125549271254,1.1258976155566267,1.0818291133595417,0.005607008934020996
2024-10-18,1.0829542875289917,1.0863661766052246,1.0828253030776978,1.0829542875289917,0,1.096417716571263,1.095026564098138,-0.0030323382838879365,0.008459100056101163,0.3513520094899718,1.1022012770175933,0.011553099518293525,1.1253074760541804,1.0790950779810062,0.0035408735275268555
2024-10-21,1.0868619680404663,1.08695650100708,1.0821105241775513,1.0868619680404663,0,1.0945035559790475,1.0939379512904486,0.003608352223611222,0.007194791064760756,11.556878035433343,1.1007401823997498,0.011552808703985519,1.123845799807721,1.0776345649917787,0.004845976829528809
2024-10-22,1.0817828178405762,1.0837758779525757,1.0801936388015747,1.0817828178405762,0,1.0927458660943168,1.0923172668304657,-0.004673224704925039,0.007072214937730047,12.331936760047299,1.0992706835269928,0.012015853804822762,1.1233023911366382,1.0752389759173473,0.0035822391510009766
2024-10-23,1.079727053642273,1.0808473825454712,1.0762641429901123,1.079727053642273,0,1.090951349054064,1.0906385717387068,-0.0019003483549562272,0.006950922352161664,12.140308771274363,1.097301083803177,0.01181801377288874,1.1209371113489544,1.0736650562573995,0.004583239555358887
2024-10-24,1.0780508518218994,1.0810226202011108,1.0771567821502686,1.0780508518218994,0,1.089129422392164,1.0889602090831325,-0.0015524310655355977,0.006731824168521642,12.001505959907362,1.0955485105514526,0.011949687832226923,1.1194478862159065,1.0716491348869988,0.003865838050842285
2024-10-25,1.0824151039123535,1.0842459201812744,1.081186294555664,1.0824151039123535,0,1.0880552189690726,1.0880875283936953,0.004048280359946421,0.006497078849767243,26.37148583094529,1.0937833666801453,0.011078172050686936,1.1159397107815192,1.0716270225787714,0.0030596256256103516
2024-10-28,1.0796570777893066,1.082719802856445,1.078271746635437,1.0796570777893066,0,1.0867754135813033,1.0869634683131102,-0.002548029968427179,0.006237237241809426,24.003652955400042,1.0919171452522278,0.010061742888527112,1.112040631029282,1.0717936594751736,0.004448056221008079
2024-10-29,1.0816774368286133,1.0826259851455688,1.077040672302246,1.0816774368286133,0,1.0856399195534843,1.0862586641151775,0.0018712969894509879,0.00552659364701015,28.212358959445012,1.0903180062770843,0.008898492801263199,1.1081149918796107,1.072521020674558,0.005585312843322754
2024-10-30,1.0820636749267578,1.0866730213165283,1.0809992551803589,1.0820636749267578,0,1.0847636546407426,1.0856993322233883,0.0003570732687898648,0.0049889130863245085,31.757928137131515,1.0891016662120818,0.008222883158185666,1.1055474325284531,1.0726558998957105,0.005673766136169434
2024-10-31,1.085917830467224,1.0888383388519287,1.0845046043395996,1.085917830467224,0,1.0842302100999015,1.0857284653225663,0.0035618565060202556,0.004355039225637042,39.778964061265576,1.0881550431251525,0.007358832949578104,1.1028727090243087,1.0734373772259964,0.0043337345123291016
2024-11-01,1.0886130332946775,1.0904054641723633,1.084845781326294,1.0886130332946775,0,1.0839498553957259,1.0861130743855145,0.0024819583506552334,0.0038794544035542985,44.88680305999763,1.0874078035354615,0.006410077378271359,1.1002279582920043,1.0745876487789188,0.005559682846069336
2024-11-04,1.087453007698059,1.0915838479995728,1.0870392322540283,1.087453007698059,0,1.0837024280003138,1.0862917321605206,-0.0010655995851047706,0.0034920368085902508,45.432482222236146,1.0869077563285827,0.005959374532167547,1.0988265053929178,1.0749890072642476,0.004544615745544434
2024-11-05,1.0874056816101074,1.0921800136566162,1.0873347520828247,1.0874056816101074,0,1.0836305703435625,1.086440258753799,-4.352012235619984e-05,0.0033967273231164863,48.58156147575425,1.0863993227481843,0.005409885190667122,1.0972190931295185,1.07557955236685,0.004845261573791504
2024-11-06,1.093445897102356,1.0933382511138916,1.068376064300537,1.093445897102356,0,1.0841446944645472,1.0873743438669399,0.005554702899202235,0.004258739167899626,59.14847194654508,1.086192899942398,0.005026199748782898,1.0962452994399638,1.0761405004448321,0.024962186813354492
2024-11-07,1.073306918144226,1.082602620124817,1.0714094638824463,1.073306918144226,0,1.0834555966513497,1.0854986871039114,-0.01841790161863377,0.005152829817410773,41.41442217516575,1.0851416766643525,0.005417822420003045,1.0959773215043584,1.0743060318243465,0.011193156242370605
2024-11-08,1.0795172452926636,1.0797386169433594,1.07104229927063,1.0795172452926636,0,1.0829309735979353,1.0847011615290785,0.005786161482286278,0.005153233123770265,43.7209804776832,1.0844482362270356,0.005189820364380429,1.0948278769557964,1.0740685954982747,0.00869631767272927
2024-11-11,1.0714898109436035,1.072846293449402,1.0628799200057983,1.0714898109436035,0,1.08219575881958,1.0829396481176818,-0.007436133497694897,0.005995125722800171,41.62278063452017,1.0833958268165589,0.0055822825135323235,1.0945603918436235,1.0722312617894942,0.009966373443603738
2024-11-12,1.066439151763916,1.0663481950759888,1.059703707695007,1.066439151763916,0,1.081246622971126,1.0807395819371797,-0.004713679148511618,0.007321223406849336,39.6880140173514,1.0821719348430634,0.006460724933051996,1.0950933847091673,1.0692504849769595,0.006644487380981667
2024-11-13,1.061672568321228,1.0649060010910034,1.0559773445129397,1.061672568321228,0,1.080076745578221,1.0781973134550529,-0.004469625327243376,0.008989627085813558,37.87149296341603,1.0808349788188933,0.007741272969694688,1.0963175247582828,1.0653524328795039,0.008928656578063743
2024-11-14,1.0564124584197998,1.0580891370773315,1.0499238967895508,1.0564124584197998,0,1.0782194137573242,1.0752926661170192,-0.0049545500735181935,0.010943242252509687,30.99656393314642,1.0793431937694549,0.009350675074161839,1.0980445439177786,1.0606418436211311,0.008165240287780762
2024-11-15,1.0530084371566772,1.0591648817062378,1.052443265914917,1.0530084371566772,0,1.0763159394264221,1.0723214355889736,-0.003222246420885977,0.01282908541273521,30.706625400677552,1.0778459012508392,0.01099499664320252,1.0998358945372442,1.0558559079644343,0.006721615791320801
2024-11-18,1.0533745288848877,1.0586491823196411,1.0531193017959597,1.0533745288848877,0,1.0742943031447274,1.069795181361762,0.00034766267324415345,0.014087515205149989,29.006072996211756,1.0761715292930603,0.012049016663426252,1.1002695626199128,1.0520734959662077,0.005529880523681419
2024-11-19,1.059490442276001,1.0601080656051636,1.052853226661682,1.059490442276001,0,1.0726819293839591,1.0684212161503273,0.005806019818599184,0.014417803554128427,34.56785293992995,1.0750569105148315,0.012524338102159088,1.1001055867191498,1.0500082343105133,0.007254838943481667
2024-11-20,1.0607603788375854,1.0612331628799438,1.0508506298065186,1.0607603788375854,0,1.0708849685532706,1.067399771175295,0.001198629558994746,0.014207465821764942,32.17119491754539,1.0741085767745973,0.012865530644562088,1.0998396380637214,1.048377515485473,0.010382533073425293
2024-11-21,1.0546187162399292,1.0557432174682615,1.0469120740890503,1.0546187162399292,0,1.06845680304936,1.0656956305172463,-0.005789868023150069,0.013844854536670757,27.030645137905623,1.0729369699954987,0.013537036095512404,1.1000110421865235,1.045862897804474,0.008831143379211204
2024-11-22,1.0469341278076172,1.0498688220977783,1.0339871644973757,1.0469341278076172,0,1.0655625973429,1.0631940968226292,-0.007286603503216971,0.01380339910186112,24.84044750200968,1.0711629211902618,0.014518850496052728,1.1002006221823672,1.0421252201981563,0.01588165760040261
2024-11-25,1.0479873418807983,1.0529640913009644,1.0449539422988892,1.0479873418807983,0,1.0627470016479492,1.0611665294970518,0.0010059984149974888,0.013002138624555928,25.825789820754153,1.0695794343948364,0.015252181114399502,1.1000837966236354,1.0390750721660373,0.008010149002075195
2024-11-26,1.0444300174713137,1.0543851852416992,1.0427310466766355,1.0444300174713137,0,1.059245867388589,1.0589349945602868,-0.00339443451969601,0.010448413447231564,18.995676322929114,1.0677170634269715,0.0159550594886638,1.0996271824042991,1.0358069444496438,0.011654138565063699
2024-11-27,1.0491198301315308,1.0583466291427612,1.0475481748580933,1.0491198301315308,0,1.057518218244825,1.0576263059697861,0.004490308188931369,0.009931450225726982,30.984299788564357,1.06606987118721,0.016095899317060507,1.098261669821331,1.0338780725530892,0.010798454284667969
2024-11-28,1.0562450885772705,1.0565240383148191,1.0529197454452517,1.0562450885772705,0,1.0558559213365828,1.0574421436507841,0.006791653575785039,0.0076521318324822285,31.963094844328197,1.0645862340927124,0.015527637172172933,1.0956415084370583,1.0335309597483664,0.003604292869567427
2024-11-29,1.0563008785247805,1.0595465898513794,1.0542962551116943,1.0563008785247805,0,1.0547709975923811,1.057289974967317,5.281913081844891e-05,0.006204943623288792,36.568205776934576,1.0629706263542176,0.014546113744994952,1.0920628538442074,1.0338783988642277,0.005250334739685059
2024-12-02,1.0545074939727783,1.0545742511749268,1.0462220907211304,1.0545742511749268,0,1.0539187363215856,1.0569189775013785,-0.0016977970845832857,0.0052203149944862895,38.80364941294388,1.0613233506679536,0.013451993290516339,1.0882273372489863,1.0344193640869208,0.008352160453796387
2024-12-03,1.0501223802566528,1.0530306100845337,1.048185110092163,1.0501223802566528,0,1.0530937228884016,1.0560127645354151,-0.004158447181446645,0.0047960985805416065,39.08345651860398,1.0594591856002809,0.01216949998770054,1.083798185575682,1.0351201856248797,0.0048454999923706055
2024-12-04,1.0510826110839844,1.0540074110031128,1.047394633293152,1.0510826110839844,0,1.0527130195072718,1.0553554107418912,0.0009143989742383951,0.004723385153324496,44.51688226319946,1.0573410212993621,0.009288294588381355,1.0759176104761248,1.0387644321225995,0.0066127777099607155
2024-12-05,1.051414132118225,1.0588284730911257,1.050894856452942,1.051414132118225,0,1.0525991405759538,1.0548299069254023,0.0003154091131798431,0.004734919819760351,48.24916477278678,1.056246381998062,0.008569927102055274,1.0733862362021727,1.0391065277939515,0.007933616638183816
2024-12-06,1.058559536933899,1.0626428127288818,1.0546075105667114,1.058559536933899,0,1.0529694982937403,1.0553271909265354,0.006795994648919557,0.004995827828996679,54.95611906080432,1.055198496580124,0.006638348282418221,1.0684751931449605,1.0419218000152874,0.00803530216217041
2024-12-09,1.056546330451965,1.0592771768569946,1.0533078908920288,1.056546330451965,0,1.0527592045920235,1.0554897428632595,-0.0019018358549439673,0.004756450953545529,46.94635063120519,1.054451322555542,0.005441217174450969,1.065333756904444,1.04356888820664,0.00596928596496582
2024-12-10,1.0555204153060913,1.056747317314148,1.0500340461730957,1.0555204153060913,0,1.052384921482631,1.0554938325223038,-0.0009710081955752736,0.004258511831174248,44.537428729078535,1.0539053857326508,0.004667942251140581,1.0632412702349319,1.0445695012303697,0.006713271141052246
2024-12-11,1.0532968044281006,1.054073929786682,1.0481630563735962,1.0532968044281006,0,1.0522904992103577,1.0552008954430767,-0.002106648858464677,0.004219650667119178,48.499340949627985,1.0534865975379943,0.0042952702699108,1.062077138077816,1.0448960569981727,0.0059108734130857155
2024-12-12,1.0506850481033323,1.052997350692749,1.0464848279953003,1.0506850481033323,0,1.052558422088623,1.0545987824644443,-0.002479601489141836,0.003964774453512527,54.8123835713649,1.053200227022171,0.004280835156027642,1.0617618973342262,1.0446385567101157,0.0065125226974487305
2024-12-13,1.0474056005477903,1.0522992610931396,1.045434594154358,1.0474056005477903,0,1.0525168691362654,1.053639691542224,-0.0031212470011464655,0.004019044055583184,49.29396513808163,1.0529200851917264,0.0044730583364851525,1.0618662018646967,1.0439739685187561,0.006864666938781738
2024-12-16,1.051005244255066,1.0524100065231323,1.0475043058395386,1.051005244255066,0,1.0529865281922477,1.0532884319039362,0.003436723753809323,0.0033257159055289118,57.97188586690985,1.0528016209602356,0.004491724484274581,1.0617850699287847,1.0438181719916864,0.00490570068359375
2024-12-17,1.0517348051071167,1.0532857179641724,1.047998309135437,1.0517348051071167,0,1.0531733121190752,1.0530812816643602,0.0006941552918395821,0.0031612076951008862,53.507223575909826,1.0524138391017914,0.004209803458879657,1.0608334460195508,1.043994232184032,0.0052874088287353516
2024-12-18,1.0495051145553589,1.0515247583389282,1.0467805862426758,1.0495051145553589,0,1.0526918854032243,1.05260445938316,-0.0021200121370241742,0.0031706236026928345,39.59375540659458,1.05185107588768,0.0037640149498295275,1.059379105787339,1.044323045988021,0.004744172096252441
2024-12-19,1.0350252389907837,1.0422203540802002,1.0352503061294556,1.0350252389907837,0,1.0511721968650818,1.0502605633308433,-0.013796860409498679,0.0055292252966791565,27.273676516654575,1.0508714020252228,0.005258787627612614,1.061388977280448,1.0403538267699977,0.006970047950744629
2024-12-20,1.0364949703216553,1.0433076620101929,1.0344257354736328,1.0364949703216553,0,1.0498855880328588,1.048425150929618,0.0014199956440721362,0.006671189613375763,30.62532376609873,1.0503494441509247,0.006118018937816914,1.0625854820265586,1.0381134062752908,0.008881926536560059
2024-12-23,1.0433076620101929,1.0448229312896729,1.038594126701355,1.0433076620101929,0,1.0493988224438258,1.0477428190736948,0.006572816929756531,0.006897367898252898,43.03373579718558,1.0501154601573943,0.006299896227819921,1.0627152526130341,1.0375156677017545,0.006228804588317871
2024-12-24,1.0405826568603516,1.04112446308136,1.0387451648712158,1.0405826568603516,0,1.0486488257135664,1.0467881307785825,-0.002611890288039209,0.00726145032708264,39.64032838559441,1.049923092126846,0.006536919957661453,1.062996932042169,1.0368492522115231,0.002379298210144265
2024-12-25,1.0402579307556152,1.0432968139648438,1.040149807929993,1.0402579307556152,0,1.0478519541876656,1.045917437442187,-0.0003120618074839987,0.00754138699019051,38.991372840563514,1.0494799971580504,0.006885295466641041,1.0632505880913325,1.0357094062247683,0.003147006034850852
2024-12-26,1.0399551391601562,1.042535424232483,1.0391446352005005,1.0399551391601562,0,1.0465230686323983,1.0451224643379162,-0.00029107357560742564,0.007137802799239856,28.77550298787193,1.0486654996871947,0.0070053622881074955,1.0626762242634096,1.0346547751109798,0.003390789031982422
2024-12-27,1.0423181056976318,1.0444954633712769,1.0406694412231443,1.0423181056976318,0,1.0455067668642317,1.044748549852545,0.0022721812206090153,0.006593019269910462,33.89649394069443,1.0479663610458372,0.0069001961018423175,1.0617667532495219,1.0341659688421525,0.0038260221481325463
2024-12-30,1.0429377555847168,1.0458500385284424,1.037419676780701,1.0429377555847168,0,1.044608005455562,1.0445071106168347,0.000594492107253819,0.005949147289094705,35.62676514724441,1.0473878741264342,0.006807306172631805,1.0610024864716978,1.0337732617811706,0.008430361747741477
