Date,Close,High,Low,Open,Volume,SMA_14,EMA_14,Price_Change,Volatility,RSI_14,Bollinger_Mid,Bollinger_Std,Bollinger_High,Bollinger_Low,Price_Range
2020-01-30,301.9962463378906,302.2082289307867,298.18075654491133,298.93646309772066,75491800,302.8170863560268,302.01377854084535,0.0032456054710765514,2.358267428458031,52.320943329498306,301.58791198730466,2.8389500651880644,307.2658121176808,295.9100118569285,4.027472385875342
2020-01-31,296.5125732421875,301.5261842429147,295.59095398654773,301.3694965941974,113845600,302.5550842285156,301.2802845010243,-0.0181580836258729,2.8302397028996173,42.68392745405019,301.44321899414064,3.023718554157511,307.49065610245566,295.3957818858256,5.935230256366992
2020-02-03,298.7152099609375,300.5953210000547,297.88575830784004,298.0055733036759,69083000,302.3029523577009,300.93827456234607,0.007428476622982627,3.0114125020197045,42.99813793788131,301.5220153808594,2.9245655383600373,307.37114645757947,295.6728843041393,2.7095626922146607
2020-02-04,303.2680053710937,304.14355484305065,302.03303904394454,302.3556113823279,62573200,302.408937726702,301.2489053368457,0.015241257419572163,3.0178550924166445,52.532209226384765,301.7717742919922,2.8446834508715195,307.4611411937352,296.08240739024916,2.1105157991061105
2020-02-05,306.7701721191406,306.98215467327867,304.7518518235987,306.226420133052,65951100,302.7163630894252,301.9850742411517,0.011548091740708033,3.2355094857346987,56.70009938601109,302.2385726928711,2.8613918725522995,307.9613564379757,296.5157889477665,2.2303028496799584
2020-02-06,307.8023986816406,307.99593084359486,306.71486662143343,307.7378785857936,50359700,302.9178030831473,302.7607174998836,0.003364820495322274,3.4669456039777113,54.60287037489005,302.67772521972654,3.0113763213036804,308.7004778623339,296.65497257711917,1.281064222161433
2020-02-07,306.16192626953125,307.81160447752046,305.608949094108,306.7333257047532,64139400,302.9342607770647,303.2142120025033,-0.005329628421142041,3.482862615696494,50.36775808824246,302.9334747314453,3.081962694518939,309.0974001204832,296.7695493424074,2.2026553834124343
2020-02-10,308.44744873046875,308.5119688123986,305.2310073313856,305.26787996757133,42070000,303.1567644391741,303.9119768995654,0.007465077349054328,3.7380104491921338,54.71800323549803,303.34681701660156,3.243454596782667,309.8337262101669,296.8599078230362,3.28096148101298
2020-02-11,308.9820556640625,310.604086297444,308.4475007886824,309.81150730195765,54864500,303.4148210797991,304.5879874014983,0.001733218853954277,4.016810365318206,55.3905979636814,303.6836669921875,3.4652609546848483,310.6141889015572,296.7531450828178,2.156585508761566
2020-02-12,310.9727478027344,311.1847022081107,310.06032571345446,310.42896775051224,43992700,303.790049961635,305.43928878832975,0.006442743525650663,4.468619721177992,57.47243693203671,304.1430938720703,3.793720143485139,311.7305341590406,296.55565358510006,1.1243764946562465
2020-02-13,310.6409606933594,311.61787478081925,309.25853191386875,309.53500641953264,54501900,304.3357827322824,306.1328450423337,-0.001066933072815357,4.817705140445101,61.65971493879437,304.5518310546875,4.036171803018935,312.6241746607254,296.47948744864965,2.3593428669504988
2020-02-14,311.138671875,311.25848688046284,309.84841051922353,311.0557295155845,64582200,305.2639835902623,306.80028862002257,0.0016022071929269188,4.784681268039012,72.87468009807102,304.8596527099609,4.2970559775407144,313.45376466504234,296.2655407548795,1.4100763612393052
2020-02-18,310.3368835449219,311.20320795519984,308.9360041790649,310.1341261696315,57226200,305.9117540631975,307.27183461000914,-0.002576948488101305,4.815871072081972,67.38520473830283,305.07992095947264,4.4645381125142,314.008997184501,296.15084473444426,2.26720377613492
2020-02-19,311.8207092285156,312.5026985948409,311.02813003257995,311.31382980093747,48814700,306.68328639439176,307.87835122581004,0.00478133848173079,4.836953380628802,69.77064527661096,305.4043365478516,4.712689941604786,314.8297164310612,295.978956664642,1.4745685622609699
2020-02-20,310.53961181640625,312.0971505702574,307.5258989240544,311.2676707600696,74163400,307.2935267857143,308.23318597122284,-0.004108442365098108,4.738053224522473,65.46534303407967,305.66285400390626,4.850462157228195,315.3637783183627,295.96192968944985,4.571251646202995
2020-02-21,307.341552734375,309.48891289803925,306.51207303003326,309.1755657738676,113788200,308.0670253208705,308.1143015396432,-0.010298393378304294,3.5866855931016675,71.37125236391668,305.74395446777345,4.8649982401908725,315.4739509481552,296.0139579873917,2.9768398680059818
2020-02-24,297.1484375,307.4152594725808,296.06090560521244,297.8120043656406,161088400,307.95511300223217,306.65218633435745,-0.033165431565267633,3.9107332030021094,47.64931475739499,305.4513412475586,5.202939336504217,315.85721992056705,295.0454625745502,11.354353867368332
2020-02-25,288.14422607421875,299.1667834033539,287.259479551713,298.5493143136413,218913200,306.87484305245533,304.1844582996723,-0.03030206553174708,6.522059272682607,29.982970968247585,304.9513595581055,6.305712926401024,317.5627854109075,292.33993370530345,11.907303851640904
2020-02-26,287.0843505859375,293.1762393565182,286.34706655376704,289.55428303185,194773800,305.46871294294084,301.904443937841,-0.0036782811952242866,8.398517051826481,22.144012602592554,304.24217224121094,7.437752021959272,319.1176762851295,289.36666819729237,6.829172802751145
2020-02-27,274.19097900390625,287.1397194882412,274.19097900390625,281.51783588583606,284353500,303.0678972516741,298.209315279983,-0.04491143998520275,11.796713623761873,14.391767856022838,302.90075836181643,10.020458423826236,322.9416752094689,282.859841514164,12.948740484334962
2020-02-28,273.03887939453125,274.5411230046724,263.1591216684569,266.0714413550307,384975800,300.70196533203125,294.8532571619228,-0.004201814419863115,14.204316527562796,14.542247079423987,301.45289001464846,12.04546075649666,325.54381152764176,277.36196850165516,11.382001336215467
2020-03-02,284.86334228515625,284.927862394502,271.38004571152584,274.8361185260001,238703600,299.0173863002232,293.52126851168725,0.04330688331583388,14.607832672237995,29.035121415534334,300.87042846679685,12.567272674128516,326.00497381505386,275.73588311853985,13.547816682976134
2020-03-03,276.7069396972656,289.2409664464348,274.2462321827983,285.241142492212,300139100,296.71202087402344,291.27935800309774,-0.028632685843185235,15.437490667845701,24.733150073846915,299.77001495361327,13.680184539305042,327.13038403222333,272.4096458750032,14.99473426363653
2020-03-04,288.3378295898437,288.5590373694098,279.5547979057869,282.1261238856047,176613400,295.0952410016741,290.8871542146639,0.04203324248138829,15.008388942669058,34.60391832552628,299.0235061645508,13.885082774324896,326.7936717132006,271.253340615901,9.004239463622866
2020-03-05,278.7529296875,284.2918699670353,276.4949795687742,281.0754280246395,186366800,292.8175245012556,289.26925761104206,-0.0332419090341981,14.88686164807653,30.735057093835778,297.6226440429688,14.463660621625282,326.54996528621933,268.6953227997182,7.796890398261098
2020-03-06,274.1448059082031,275.3613498539122,267.48151790557137,270.17262989089846,228667200,290.1751055036272,287.25266405066355,-0.016531212010804208,14.66627510471958,28.707885713241836,295.93976440429685,15.15827356922023,326.2563115427373,265.6232172658564,7.879831948340836
2020-03-09,252.7355499267578,261.9148658907953,252.0166883414821,253.72166073083272,309417300,286.0607245309012,282.6503821674761,-0.07809469856822371,16.53556616178496,23.20361952920507,293.2684455871582,17.748364736168405,328.76517505949505,257.7717161148214,9.898177549313175
2020-03-10,265.8134765625,265.9056160009308,252.0629029027461,262.32975639694826,276444100,282.7744936261858,280.40546142014597,0.051745496981062455,15.565514586925058,30.68120948995464,291.1367469787598,18.37844128023892,327.8936295392376,254.37986441828195,13.842713098184731
2020-03-11,252.8554534912109,259.84134342070485,249.648236380309,258.69854450767895,255316300,278.65419660295754,276.7321270296213,-0.048748555712307184,15.282668628401128,27.941169434181504,288.3304168701172,19.74450968239452,327.8194362349062,248.84139750532813,10.193107040395859
2020-04-09,257.9021301269531,260.6832457144143,255.371304757614,257.3273424744624,189999200,275.12280927385603,274.22146077593226,0.01995874151046384,13.782300790203871,31.357590249976113,285.6768859863281,20.104265782484628,325.88541755129734,245.46835442135884,5.311940956800271
2020-04-13,255.5475616455078,257.26258936988603,251.60764608806383,256.9195894832071,114839100,272.1513181413923,271.73160755854235,-0.009129697689143845,13.137787494276564,33.32774402381119,282.92221603393557,20.27736043593379,323.47693690580314,242.367495162068,5.654943281822199
2020-04-14,263.0843200683594,264.11331944363315,255.40844077934852,260.47934358984685,134143400,270.3613248552595,270.57863589318464,0.029492585937119786,12.481984770641745,39.8372827639876,280.51949844360354,19.593457928684085,319.7064143009717,241.33258258623536,8.704878664284621
2020-04-15,257.4942626953125,263.2233547228347,255.3620568404822,257.3181230897534,121775000,268.2477471487863,268.83405280013505,-0.021248158657248606,11.925280253213012,38.42541317090209,277.877367401123,18.912034843523696,315.7014370881704,240.05329771407563,7.861297882352488
2020-04-16,258.73651123046875,259.5986504463034,255.64020531470376,258.7828518498668,131798300,267.14385659354076,267.48771392417956,0.004824373646826308,12.047475258417865,43.34847666124557,275.2231575012207,17.57534381367695,310.37384512857466,240.07246987386682,3.958445131599632
2020-04-17,265.726318359375,266.3381388483163,261.7956560421625,264.5582408440042,146684800,266.6215308053153,267.2528611822056,0.027015155671941793,11.930182031440477,47.00329687618417,272.9824928283691,15.579149253808348,304.1407913359858,241.8241943207524,4.542482806153828
2020-04-20,261.0447998046875,265.8654119117226,260.8223195905384,261.99036900579455,100109300,264.92020634242465,266.4251196652032,-0.017617820408575735,10.770662919880143,39.63213545708557,270.66765518188475,13.506883213048782,297.6814216079823,243.6538887557872,5.04309232118419
2020-04-21,253.1186065673828,257.7537991883525,252.17300916648384,256.5393809849361,126385700,263.2353254045759,264.6509179188272,-0.030363344694991135,10.629062038956567,39.71172313238909,268.4661636352539,12.515438808853247,293.4970412529604,243.4352860175474,5.5807900218686655
2020-04-22,258.73651123046875,260.4978791322424,256.7062941796476,258.0412321936389,92951600,261.1209455217634,263.8623303603794,0.02219475185673625,7.826069149480285,36.37440685061207,266.9957778930664,11.788235154134837,290.5722482013361,243.41930758479674,3.7915849525948033
2020-04-23,258.7179870605469,263.2234105349772,258.4120766913292,260.0251152200736,104709700,259.68987819126676,263.1764179204018,-7.159472713680337e-05,5.964198638578969,39.88722454257177,265.57745971679685,10.91841952169258,287.414298760182,243.74062067341168,4.811333843647958
2020-04-24,262.3240661621094,263.0008144020305,258.18020324057704,260.2475091281135,85063200,258.84553963797435,263.0627710192961,0.013938262053339923,4.389190874035975,43.97242649118417,264.984114074707,10.746790184869182,286.4776944444454,243.49053370496864,4.820611161453485
2020-04-27,266.1064758300781,267.2374642960447,263.85377833924446,264.317297738559,77896600,259.8006057739258,263.4685983274004,0.01441884354457712,4.412081808044646,58.31228567769719,264.6374938964844,10.58388553382195,285.8052649641283,243.46972282884047,3.3836859568002637
2020-04-28,264.8827819824219,270.13907564877684,264.57684336380146,269.78679641083886,105270000,259.7341275896345,263.65715614806993,-0.004598512094976748,4.320577645316582,49.3213985638046,263.63846588134766,9.457294902462909,282.55305568627347,244.72387607642185,5.56223228497538
2020-04-29,271.81695556640625,273.36512233735795,269.2212590359745,270.2595376481472,118745600,261.0885205950056,264.7451294038481,0.026178272260990232,4.927734182404413,65.1569273613141,263.3939666748047,9.160197650654709,281.7143619761141,245.07357137349527,4.143863301383419
2020-04-30,269.2862854003906,271.9190726334415,267.5341681985842,270.42652520697857,122901700,261.90167454310824,265.35061687005384,-0.009310199802445296,5.28762362666737,59.48132740006934,262.441389465332,7.213475164475673,276.8683397942834,248.01443913638067,4.384904434857276
2020-05-01,262.1572570800781,269.4530464319418,260.9798999362958,264.4933841982016,125180000,262.37379564557756,264.9248355647237,-0.026473789074377252,4.961672500640656,55.099360138741375,261.6116058349609,6.108207697972968,273.82802123090687,249.39519043901498,8.473146495646006
2020-05-04,262.8803405761719,263.1862508637982,258.7642869604543,260.2568055153433,80873200,262.35922568184986,264.65223623291683,0.00275820514811409,4.959724658025323,49.82414163807171,261.0483825683594,5.365964862257975,271.78031229287535,250.31645284384342,4.421963903343908
2020-05-05,265.3091735839844,268.14590937668817,263.0101077198768,265.72635226154705,79569900,262.9174336024693,264.73982787972585,0.009239310183823735,4.807504354111827,57.125950158225216,261.6770637512207,5.069124039945088,271.8153118311109,251.53881567133055,5.1358016568113385
2020-05-06,263.5107727050781,267.41359803985176,263.07506334768215,267.0242575959531,73632600,263.25845227922713,264.57595385643947,-0.006778509972392488,4.655031211759173,54.309653283967755,261.5619285583496,4.995849895789962,271.55362834992957,251.5702287667697,4.338534692169617
2020-05-07,266.69049072265625,268.637277682215,266.18063074583256,266.75539022253605,75250400,263.3273217337472,264.8578921052684,0.012066747726996674,4.70125372341321,50.93463362799605,262.25368041992186,4.674346768112457,271.6023739561468,252.90498688369695,2.4566469363824126
2020-05-08,271.1031799316406,271.5759786872925,268.7114044170212,269.8516721196629,76452400,264.045777457101,265.69059714878466,0.016546106301080332,5.078997395171116,59.80131107214822,262.9137329101562,4.951369307262323,272.8164715246809,253.01099429563158,2.864574270271305
2020-05-11,271.1587829589844,272.5493408203125,268.7299464210868,269.15637624375523,79514200,265.3343614850725,266.41968859014463,0.00020509913368682575,4.326095143506571,70.76408786004046,263.6942939758301,4.959520148603732,273.61333427303754,253.77525367862262,3.8193943992257005
2020-05-12,265.7541809082031,272.77184195230114,265.6151024786224,272.3546915364818,95870800,265.8356236049107,266.3309542325525,-0.019931502833152703,3.887091238619689,58.11713410505909,263.8277870178223,4.978134400846213,273.7840558195147,253.87151821612986,7.156739473678726
2020-05-13,261.0541076660156,266.2362506852452,258.6067118800236,265.18869241128544,144721100,266.0024893624442,265.62737469034755,-0.017685792284152235,3.597387342837791,52.43807822743591,264.0057792663574,4.80022347142585,273.6062262092091,254.40533232350572,7.629538805221557
2020-05-14,264.1781616210937,264.3079322993692,253.0722302423113,258.59740005391626,121977900,266.13492475237166,265.4341462811137,0.01196707450041301,3.4838900742102616,51.954682132104345,264.27786178588866,4.637290010739724,273.5524418073681,255.00328176440922,11.235702057057921
2020-05-15,265.3926696777344,265.439010301892,260.81309568818,261.7679445318575,111146300,266.0839385986328,265.4286160673298,0.0045973067917046695,3.4895570543658962,49.204391459810715,264.2611793518066,4.632402572888239,273.52598449758307,254.99637420603014,4.625914613711984
2020-05-18,273.47637939453125,275.09869689941405,271.34420199021696,271.66864285841586,119703800,266.69776698521207,266.50165117762333,0.03045943102578108,3.9829590790842997,58.307945853417614,264.8827583312988,4.997744355575795,274.8782470424504,254.88726962014724,3.754494909197092
2020-05-19,270.6674499511719,274.5980843990878,270.6489193646904,272.87380625424714,95189300,266.61565944126676,267.0570910140965,-0.010271195814345102,3.8798238200600053,48.792381426263994,265.7602005004883,4.317899217743739,274.39599893597574,257.1244020650008,3.9491650343973674
2020-05-20,275.2655334472656,276.1369518955796,274.00477467411235,274.2365342977923,85861700,267.0427485874721,268.1515500051857,0.01698794405061732,4.479215528278133,56.02002578501102,266.58665161132814,4.481538352727501,275.54972831678316,257.6235749058731,2.132177221467259
2020-05-21,273.3650817871094,275.95152678656734,272.26190385257576,275.13572848631065,78293900,267.8433074951172,268.8466875761088,-0.006904066907164497,4.540037094459277,62.61212440898589,267.3190063476562,4.321938519565392,275.962883386787,258.67512930852547,3.6896229339915863
2020-05-22,273.8843078613281,274.0604474725063,271.8262808752765,273.07778874223595,63958200,268.6293051583426,269.51837028080473,0.0018993869693391119,4.567179998992252,62.439798191116765,267.8970184326172,4.3912334669991395,276.6794853666155,259.1145514986189,2.23416659722983
2020-05-26,277.2587890625,280.14189482870523,273.9029126827174,279.9008556552459,88951400,269.48284912109375,270.5504261183641,0.012320827094922215,4.9954897156851406,63.22605400738645,268.45463409423826,4.8373203644900835,278.12927482321845,258.77999336525806,6.238982145987848
2020-05-27,281.38409423828125,281.4211837128633,275.2100122509225,280.0769660963153,104817400,270.75951494489397,271.99491520101975,0.014878897760933762,5.599241757424512,68.8134545690502,269.2796997070312,5.550684380112816,280.38106846725685,258.1783309468056,6.211171461940808
2020-05-28,280.86492919921875,284.4525646093608,280.1881807318339,282.4223474981835,90405200,271.771974836077,273.17758373411294,-0.0018450404613945537,6.068715464437348,65.80526302177975,269.7320983886719,6.109002969787835,281.95010432824756,257.5140924490962,4.264383877526939
2020-05-29,282.116455078125,282.70974520022975,277.6203112292148,280.39214819470686,119090800,272.5586373465402,274.3694332466479,0.004455970642096574,6.660320217681141,63.21179181423397,270.3736068725586,6.704363493104465,283.7823338587675,256.96487988634965,5.089433971014955
2020-06-01,283.2566833496094,283.86853232947044,280.94836587770726,281.46750532286615,55758300,273.4227730887277,275.55439992704277,0.004041693601915641,7.225556236619374,64.1448452938767,271.42857818603517,6.997094409229502,285.4227670044942,257.43438936757616,2.92016645176318
2020-06-02,285.6019897460937,285.6483586426095,282.83943330499284,284.1836220665243,74267200,274.8404737200056,276.8940785695829,0.008279791914352241,7.545250056049198,74.9940625108085,272.5646606445313,7.370734574646213,287.3061297938237,257.82319149523886,2.8089253376166425
2020-06-03,289.4029846191406,290.367112955329,287.3264266251787,287.6045269668769,92567600,276.86539350237166,278.56193270952394,0.013308712857449168,7.362582178047896,86.52643847014063,273.76935119628905,8.059281378784638,289.88791395385834,257.65078843871976,3.0406863301502653
2020-06-04,288.64276123046875,290.16311830541184,286.52911408818983,288.4110015513111,75794400,278.61286490304127,279.9060431789832,-0.0026268678247127752,7.014755667206649,83.56636095051152,275.0259506225586,8.330310417949491,291.6865714584576,258.3653297866596,3.6340042172220137
2020-06-05,296.0404663085937,297.82964379422856,294.01952920178445,294.084428685546,150524700,280.801993233817,282.0572995962646,0.025629276294991454,7.346082844163233,85.95021145561793,276.49344940185546,9.311979511302805,295.1174084244611,257.86949037924984,3.8101145924441084
2020-06-08,299.6188659667969,299.8135361377649,296.309331605485,296.85628094647114,73641200,282.6693137032645,284.3988417790023,0.012087535541418282,8.56261018804431,84.28970224566633,277.91923370361326,10.54468924649376,299.0086121966008,256.82985521062574,3.504204532279914
2020-06-09,297.3846740722656,299.6929907734357,296.0589875797158,296.93040599119536,77479200,284.57768685477123,286.1302860847707,-0.007456779756915721,8.658692724617595,85.57999616348745,279.2305282592773,11.265757995471402,301.76204425022013,256.6990122683345,3.634003193719934
2020-06-10,295.7253723144531,298.8680473742043,295.0022831940381,297.9688186214209,95000800,286.03910391671315,287.40963091539504,-0.0055796478516888515,8.692626444333719,79.56068240701384,280.72908782958984,11.371670913190819,303.4724296559715,257.9857460032082,3.8657641801661953
2020-06-11,278.67706298828125,289.3750964697622,278.1208624550282,288.73543756554795,209243600,286.4185311453683,286.2452885251132,-0.05764912625773588,8.198762138714693,55.33820631262839,281.6102355957031,10.408904643312994,302.4280448823291,260.7924263090771,11.254234014733981
2020-06-12,282.0143737792969,286.52904674159066,276.8137013810481,285.750337797568,194678900,286.99925013950894,285.6811665590044,0.011975548885255538,7.500895705296935,57.73224960439869,282.5020462036133,9.56677425425496,301.63559471212324,263.3684976951034,9.715345360542585
2020-06-15,284.6472473144531,285.78751520353995,275.089479714569,276.27608822646505,135782700,287.5269971575056,285.54331065973093,0.009335955114176953,7.0064847514994675,57.127472852278586,283.4647750854492,8.682330537570232,300.8294361605897,266.10011401030874,10.698035488970959
2020-06-16,290.12603759765625,292.6105229344051,285.22202300807186,292.46219334034714,137627500,288.1514216831752,286.15434091812097,0.01924764892298647,6.8035162998365655,58.21853353102922,284.2972579956055,8.469817066231213,301.2368921280679,267.3576238631431,7.388499926333225
2020-06-17,288.92095947265625,291.4517859639373,288.17931134597046,291.155126713263,83398900,288.7268524169922,286.523223392059,-0.004153636588354659,6.472458638942228,57.47725495972173,285.2099334716797,7.887250335030168,300.98443414174,269.43543280161936,3.27247461796685
2020-06-18,289.03204345703125,289.5140932606916,286.9276763846873,287.3911956043112,80828700,289.2208230154855,286.8577327340553,0.0003844788020146428,6.186741792484633,56.557571548456174,285.898258972168,7.567963058019272,301.0341850882065,270.76233285612943,2.586416876004307
2020-06-19,287.3802795410156,292.72488788674923,285.4156057413454,292.52936105873795,135549600,289.51536560058594,286.92740564165,-0.0057148124348406215,5.975508512217547,53.87255160459747,286.5990188598633,6.971754284682175,300.5425274292276,272.65551029049897,7.309282145403813
2020-06-22,289.2238464355469,289.6242203251339,285.62042459833555,286.7750017368522,74649400,289.7740696498326,287.2335977475029,0.00641507794994034,5.870530113583017,53.43371691805966,287.3659957885742,6.311904250808024,299.98980429019025,274.74218728695814,4.00379572679833
2020-06-23,290.55535888671875,292.83660933997334,290.1456646958039,291.8961710723553,68471200,289.85638209751676,287.6764992327317,0.0046037436663044495,5.873005151429738,51.146182336510954,288.0308242797852,5.876532458004767,299.7838891957947,276.27775936377566,2.6909446441694627
2020-06-24,283.1437072753906,289.1214981418375,281.2907912992377,288.49763649516166,132813500,289.4635925292969,287.07212697175294,-0.025508569656833457,6.138313601053399,45.16961942521064,288.1188049316406,5.784230473940972,299.68726587952256,276.5503439837587,7.830706842599795
2020-06-25,286.1791381835937,286.4491703742672,280.52724480367965,282.5663956052271,89468000,288.7592119489397,286.95306179999835,0.01072046042418573,5.886175876615363,40.6188489323924,288.3845153808594,5.550821060334744,299.4861575015289,277.2828732601899,5.921925570587575
2020-06-26,279.3819274902344,285.2852402557156,278.7953470550101,285.0710728992129,127961000,287.31371634347096,285.94357722536313,-0.023751593971880203,5.485371010884959,31.859415145294477,288.24778900146487,5.743668372750377,299.7351257469656,276.76045225596414,6.489893200705524
2020-06-29,283.4881896972656,283.6278517197756,278.3391080873022,280.6482910495149,79773300,286.3211103166853,285.6161922216168,0.014697665822263284,4.727802929770024,37.94757236326676,288.25936431884764,5.733304233739206,299.72597278632605,276.79275585136924,5.288743632473427
2020-06-30,287.1195983886719,288.8328809054168,282.8923421627443,283.05061634621643,113394800,285.7064121791295,285.8166463772242,0.012809735373047415,3.8975836037778064,42.78308564970501,288.3352447509766,5.706261755630685,299.74776826223797,276.9227212397152,5.940538742672516
2020-07-01,289.1307373046875,290.4063927726795,287.780633318527,288.2461922962647,72396500,286.4531032017299,286.2585251675526,0.007004533745875285,3.4193301310129174,61.723286816102274,288.3216323852539,5.703904827298142,299.7294420398502,276.9138227306576,2.625759454152501
2020-07-02,290.7230834960937,293.95406520547914,290.0526771685837,292.5946119981407,69344200,287.07515389578685,286.85379961135806,0.005507357004828517,3.3409670984507223,60.164198933597355,288.4256484985351,5.728982328865945,299.883613156267,276.9676838408032,3.901388036895412
2020-07-06,295.2109680175781,295.79757693879446,293.8236112083616,294.57781455979176,61713800,287.82970537458147,287.9680887321874,0.015436973450870584,3.897066598655468,61.81753006001765,288.3841735839843,5.673689226267842,299.73155203652,277.0367951314486,1.9739657304328375
2020-07-07,292.1662902832031,295.64866352790864,291.7845283817848,293.6560852016595,82910000,287.9754377092634,288.52784893898956,-0.0103135657689849,4.025573644457648,52.41387079373401,288.01154479980465,5.114135667380991,298.23981613456664,277.78327346504267,3.8641351461238287
2020-07-08,294.4009094238281,294.51263904760174,291.1606366725168,292.9390472100288,54638600,288.36686270577565,289.31092367030135,0.007648449581431738,4.375771115599308,56.3292669601599,287.8623565673828,4.863703236217101,297.589763039817,278.1349500949486,3.3520023750849646
2020-07-09,292.7248840332031,295.25752615272114,289.2797360358666,295.01542637758297,83354200,288.6306370326451,289.76611838535496,-0.005693003441820665,4.527621680399666,54.11637439831273,287.7123321533203,4.649977840641436,297.01228783460317,278.4123764720374,5.977790116854521
2020-07-10,295.7138061523437,295.9838383688003,291.21651804686513,292.6597397951371,57550400,289.22588893345426,290.55914342095343,0.010210686833175275,4.88434704254523,59.02040179936983,288.5641693115234,4.46447115298634,297.4931116174961,279.63522700555075,4.767320321935188
2020-07-13,293.1532287597656,300.4811238994006,292.49214284352576,298.0788516258207,102997500,289.5065590994699,290.9050214661284,-0.00865897140852101,4.995845442938789,54.18824359067775,289.1211120605468,4.295986446568001,297.7130849536828,280.5291391674108,7.988981055874831
2020-07-14,296.9522705078125,297.7344064956858,290.5089191570328,291.7193616206632,93657000,289.9634813581194,291.71132133835295,0.012959235564688587,5.377130190000668,56.47759692260533,289.7363632202148,4.497925770509193,298.7322147612332,280.7405116791964,7.225487338653011
2020-07-15,299.68035888671875,300.78839167203427,297.27805833442494,300.2017827368121,87196500,291.14467075892856,292.77385967813507,0.009186959150845997,5.576401864457155,68.50000785239689,290.21407928466795,5.018714133035543,300.251507550739,280.1766510185969,3.5103333376093246
2020-07-16,298.693359375,299.1495981145738,297.11044736536496,297.76224134944226,54622500,292.0385437011719,293.56312630438373,-0.0032935075070830155,5.720351072808923,64.67248414553347,290.7026992797851,5.350914242803936,301.40452776539297,280.0008707941773,2.0391507492088294
2020-07-17,299.5592956542969,300.3507516679263,297.7156717135978,299.70827794990095,62774900,293.4797842843192,294.36261555103886,0.002899081121551461,4.744898048031167,77.47917362818596,291.2290618896484,5.685255342896203,302.5995725754408,279.858551203856,2.6350799543284893
2020-07-20,301.9803161621094,302.73451976753216,298.5351668316643,299.28937043708714,56308800,294.8006504603795,295.37830896584825,0.008081940847552538,4.302809482573093,76.39568921956413,291.95906372070306,6.088119264348783,304.13530224940064,279.7828251920055,4.199352935867864
2020-07-21,302.6227111816406,304.41044207064584,301.6264079672479,303.96352355612964,57292200,295.9080156598772,296.34422926128724,0.0021272744783351616,4.166742577298703,74.19361905596479,292.6290069580078,6.494913848590705,305.6188346551892,279.6391792608264,2.7840341033979144
2020-07-22,304.3453063964844,304.6619116162985,302.1478809020789,302.25961054884874,57792900,296.9947705950056,297.4110395459802,0.0056922205478815435,4.246487536732424,73.95909924924631,293.31850433349604,6.9772477446116055,307.27299982271927,279.3640088442728,2.5140307142195866
2020-07-23,300.7138671875,304.6897593109272,299.33583070652713,303.9821005241788,75738000,297.7083980015346,297.8514165648495,-0.011931970471243392,3.9398599793341216,64.78354247235023,294.19701232910154,6.730477054750574,307.65796643860267,280.7360582196004,5.353928604400039
2020-07-24,298.7771911621094,299.8107186506547,297.25946405834327,298.8423762511538,73766600,297.96312822614397,297.9748531778175,-0.006440261779424583,3.8808127024610046,55.7079637372514,294.82691497802733,6.527042095018019,307.8809991680634,281.77283078799127,2.551254592311409
2020-07-27,300.9559326171875,301.13284729368337,298.67468236687546,299.4754585471406,48293000,298.59095982142856,298.3723304364002,0.007292194717420708,3.5693602834334497,64.46946290686405,295.905615234375,5.549720834869783,307.00505690411455,284.8061735646354,2.4581649268079104
2020-07-28,299.0471496582031,301.3470120171458,298.7491851092839,300.22033889444447,57495000,298.92283412388394,298.4623063326406,-0.006342400172626994,3.359646798334819,57.731558783978706,296.6835632324219,4.750409097994685,306.18438142841126,287.1827450364325,2.5978269078618723
2020-07-29,302.7251892089844,303.29318617065854,299.8945815078902,299.93183419770736,48454200,299.6371416364397,299.0306907161531,0.012299196146778435,2.982435397146799,65.60146259248332,297.4638427734375,4.3626189806337825,306.18908073470504,288.7386048121699,3.398604662768321
2020-07-30,301.6449890136719,302.06400349331875,297.622580720211,299.7268881452924,61861700,300.06079755510603,299.37926382248895,-0.0035682534318833836,2.7978024442490925,59.83921348257736,298.08955535888674,3.985681315135976,306.06091798915867,290.1181927286148,4.4414227731077744
2020-07-31,304.0286560058594,304.13109376758774,299.19615104438884,303.451367360291,84986800,300.8376137869699,299.99918278027167,0.007902226388648792,2.1722244240769557,68.14771736562075,298.754833984375,3.7973921187654054,306.3496182219058,291.1600497468442,4.934942723198901
2020-08-03,306.1424560546875,306.9152718979983,305.15547272926347,305.70482922809526,53077900,301.49405561174666,300.81828588352715,0.0069526342569083965,2.293031303239576,66.24949008553614,299.3014083862305,4.039454454420673,307.38031729507185,291.22249947738914,1.759799168734844
2020-08-04,307.3248596191406,307.3248596191406,305.27638828760263,305.27638828760263,41917900,302.0400913783482,301.68582904827565,0.003862265886577676,2.7016876775855,64.29803522238598,300.05933685302733,4.052311891309728,308.1639606356468,291.9547130704079,2.0484713315379963
2020-08-05,309.233642578125,309.49438294523435,308.3677094975572,308.63774172386934,42697700,302.79296875,302.69220418558893,0.0062109617860066635,3.131717825988268,69.05709890507646,300.8009735107422,4.311264239721128,309.4235019901845,292.17844503129993,1.126673447677149
2020-08-06,311.3007202148437,311.4217701214522,308.3211591685427,308.6470562058413,43679400,303.63164193289623,303.8400063228229,0.006684517310229232,3.7166725237120595,70.34512517172703,301.7297653198242,4.477554329259707,310.6848739783436,292.7746566613048,3.1006109529095056
2020-08-07,311.5241394042969,311.81278369560886,309.41048347153924,310.32298929226204,57308300,304.3133435930525,304.86455740035274,0.0007176957036880705,4.230258310144213,67.90047279429442,302.52028198242186,4.747082371436573,312.014446725295,293.02611723954874,2.40230022406962
2020-08-10,312.4553527832031,312.6415593808264,310.0251194150161,311.9804733906379,44282100,305.01567513602123,305.8766634513995,0.0029892174028212093,4.7162926376516365,68.24451808279558,303.4853881835937,4.704400940287153,312.894190064168,294.07658630301944,2.6164399658102866
2020-08-11,309.8761291503906,314.2896487915677,309.1405662230884,313.64717495295594,69601100,305.4107339041574,306.4099255445983,-0.008254694982300692,4.884465407536625,59.946282588270414,304.13158111572267,4.647042145624159,313.425665406971,294.83749682447433,5.149082568479287
2020-08-12,314.196533203125,314.9786690950141,312.30636436052487,312.3342967703969,53774400,306.373781476702,307.4481398990685,0.013942358401661803,5.20576081572065,73.66008311554775,304.85738983154295,5.0328339234075905,314.92305767835813,294.79172198472776,2.6723047344892166
2020-08-13,313.62847900390625,314.9506791323378,312.6973609576909,313.4236318971202,41816100,307.43458775111606,308.27218511304693,-0.0018079582019178142,5.0495042117187845,77.37684702737307,305.6041458129883,5.176072340437034,315.95629049386235,295.25200113211423,2.2533181746469495
2020-08-14,313.6378173828125,314.17788179345587,312.5018521642348,313.2374434195396,47260400,308.34043666294644,308.98760274901565,2.9775289973388297e-05,4.934077890614277,75.41011072439238,306.3080718994141,5.267238362313235,316.84254862404055,295.7735951747876,1.676029629221091
2020-08-17,314.6341552734375,315.0345292808714,313.6471722518471,314.66208768289863,35481000,309.45379420689176,309.74047641893856,0.003176714781843115,4.406100844761493,82.41625169616415,306.94076385498045,5.475882105145983,317.8925280652724,295.9889996446885,1.3873570290243151
2020-08-18,315.3138732910156,315.7421796963648,313.42367611169993,315.0345207884622,38733900,310.35298592703685,310.4835960018822,0.0021603440255473227,4.207366997440236,79.9108994457319,307.57532196044923,5.680671359107303,318.9366646786638,296.21397924223464,2.3185035846648816
2020-08-19,314.0010070800781,316.21704457129255,313.4330101907006,315.6956206421276,68054200,311.23555864606584,310.95258414564165,-0.004163680453494689,3.4718532547591647,79.03703767452402,308.05810699462893,5.800750022476956,319.65960703958285,296.456606949675,2.7840343805919474
2020-08-20,314.9786071777344,315.4627783254969,312.12938826898665,312.2597300176096,42207800,312.0176980154855,311.4893872165874,0.003113366121806571,2.9115885702829227,77.55364701401304,308.77134399414064,5.726699424773643,320.2247428436879,297.31794514459335,3.333390056510268
2020-08-21,316.0960693359375,316.31952864815014,314.29898931530363,314.643526975601,55106600,312.7286703927176,312.1036114991674,0.003547739855146892,2.5607003919716997,76.3687223102545,309.63728790283204,5.438062605740521,320.5134131143131,298.761162691351,2.0205393328465107
2020-08-24,319.29901123046875,319.3734881709682,316.06803049048773,318.5540997481364,48588700,313.58396693638394,313.0629981300076,0.010132811525496166,2.616077242858977,78.65391890095799,310.55444183349607,5.443670948854607,321.4417837312053,299.66709993578684,3.3054576804804583
2020-08-25,320.4163818359375,320.50017906183126,318.6938075290856,319.86702552254167,38463400,314.3827340262277,314.04344929079826,0.003499448999741084,2.8795612522636427,77.81357023147362,311.62290344238284,5.155709139031475,321.9343217204458,301.3114851643199,1.8063715327456862
2020-08-26,323.62872314453125,323.8987269329815,320.4629273041784,321.0122835704496,50790200,315.2633056640625,315.32148580462933,0.010025521448645991,3.6472135305146103,79.00939873381367,312.66808013916017,5.371307296479673,323.4106947321195,301.9254655462008,3.4357996288031245
2020-08-27,324.3363647460937,325.7982270255165,322.660363483315,324.5039876047478,58034100,316.178464617048,316.52346966349126,0.002186584659997548,4.202032283420826,79.4770905914782,313.8026489257812,5.316623881588059,324.43589668895737,303.1694011626051,3.137863542201501
2020-08-28,326.4314270019531,326.5617971977464,324.1688164504633,325.36996696187947,48588900,317.176755632673,317.8445306419528,0.0064595354810106365,4.858390566484069,80.52029408158151,314.92278747558595,5.505615272995156,325.93401802157626,303.91155692959563,2.3929807472831044
2020-08-31,325.24884033203125,327.1017561389828,325.0160608219934,326.21721105011954,66099200,318.2748064313616,318.8317719339633,-0.0036227721110774214,4.818480866760006,85.75094783130803,315.87810668945315,5.559272211341652,326.9966511121365,304.7595622667698,2.0856953169894155
2020-09-01,328.3122863769531,328.41469574057874,325.1837144167571,326.08690021665745,54908700,319.28307451520647,320.09584052636194,0.009418776226210568,5.347300396912865,84.86616464274138,316.92747802734374,5.833802713206102,328.59508345375593,305.25987260093154,3.230981323821652
2020-09-02,333.0610046386719,334.03866742103185,329.0851115820014,330.2397175180484,69540000,320.6711120605469,321.82452907466995,0.014464028483742064,6.217845984073429,89.78254594799246,318.1188461303711,6.566823495885467,331.252493122142,304.98519913860014,4.953555839030457
2020-09-03,321.598876953125,331.83185523044534,318.9917293636481,331.3569759319599,148011100,321.23975917271207,321.7944421251307,-0.03441449922359363,5.8800012624225255,61.0951758773452,318.63375396728514,6.405841978485325,331.44543792425577,305.8220700103145,12.840125866797223
2020-09-04,318.97314453125,323.8708065712625,311.80352356591766,322.2879227999544,139156300,321.54968697684154,321.41826911261325,-0.008164619375389592,5.613350560152528,55.784452848857256,319.00620422363284,6.1834056382885425,331.37301550020993,306.63939294705574,12.067283005344848
2020-09-08,310.2579040527344,319.03837074391635,309.9506475331156,313.51681792696303,114465300,321.1885463169643,319.93022043796276,-0.02732280327650527,6.1794898461264145,44.44900863905991,318.8963317871094,6.323861506457165,331.54405480002373,306.248608774195,9.087723210800732
2020-09-09,316.3846130371094,318.8706823405091,313.42363601548215,314.2988892636627,91462300,321.35880388532365,319.45747278451563,0.019747148757034205,5.996347988441231,52.366802583222636,319.2217559814453,5.99411957474556,331.2099951309364,307.2335168319542,5.4470463250269745
2020-09-10,310.89111328125,318.93596088773944,309.9227422603519,318.2748748288412,90569500,321.0668400355748,318.3152915174135,-0.0173633594349768,6.415742032037697,46.27535234806945,319.0564849853516,6.182574722702437,331.42163443075646,306.6913355399467,9.013218627387516
2020-09-11,311.0493469238281,313.7589043244753,308.20012747479143,312.6881240661922,84680200,320.70635986328125,317.3464989049355,0.0005089680464265278,6.844003884436706,45.31945111931152,318.92752838134766,6.326963139160225,331.5814546596681,306.2736021030272,5.558776849683852
2020-09-14,315.146240234375,316.93399958031324,311.19830838207776,314.243054494716,65605700,320.4097333635603,317.0531310821941,0.013171200489773494,6.99795320296286,46.211362737837376,319.0029495239258,6.269315917307118,331.54158135854004,306.46431768931154,5.735691198235486
2020-09-15,316.738525390625,318.46107151746924,315.15561291055263,317.6230707285091,52920900,320.1470293317522,317.0111836566516,0.005052527852040356,7.06638343721617,46.67346055496425,319.10816802978513,6.209508642828505,331.5271853154421,306.68915074412814,3.305458606916602
2020-09-16,315.4814758300781,319.42940791121333,315.202123320364,317.9861860651773,82096000,319.5650830950056,316.8072226131085,-0.0039687295980069814,7.093024803497869,42.360794363614616,319.1165481567383,6.204229344135815,331.52500684500995,306.70808946846665,4.227284590849308
2020-09-17,312.70672607421875,314.43862066458155,310.05303357886373,310.5837777610291,91523300,318.7343946184431,316.2604897412565,-0.008795285835907163,7.171816296173198,39.502483615191764,319.0518341064453,6.266830281622419,331.58549466969015,306.5181735432005,4.385587085717816
2020-09-18,309.1065979003906,313.6312458044341,306.6012193015692,313.5190689312354,105877900,317.49690682547435,315.30663749580776,-0.011512794173073382,7.235942522317143,34.77537714263033,318.75823364257815,6.596580432826835,331.95139450823183,305.56507277692447,7.030026502864928
2020-09-21,305.6664428710937,305.81602157880616,300.7678614427029,304.47919932322947,99450800,316.0981641496931,314.0212782125126,-0.011129348427578734,7.509695802938308,33.44822249392534,318.23675231933595,7.202527356594303,332.6418070325246,303.8316976061473,5.048160136103263
2020-09-22,308.7794189453125,309.3403318815955,304.6287031577221,307.1621546895772,63612100,314.7029593331473,313.3223636435526,0.010184225801756153,6.851551214294583,33.50389920067549,317.7107727050781,7.498881585340247,332.7085358757586,302.7130095343976,4.711628723873389
2020-09-23,301.6185302734375,309.6208045281686,301.11370577474065,309.3403337936849,93112200,312.45706830705916,311.76185252753726,-0.023190951962841932,5.362525868048203,24.48541520661898,316.7708801269531,8.279344177337949,333.329568481629,300.2121917722772,8.507098753427954
2020-09-24,302.4224548339844,305.50743291519547,298.96351580905053,300.29100868915145,76681300,311.0873238699777,310.51659950173024,0.0026653686025790435,5.296522027368753,31.18426261238578,315.71056671142577,8.701981827754457,333.1145303669347,298.30660305591687,6.5439171061449315
2020-09-25,307.3116760253906,308.1062716301892,300.6836269127659,301.5623551629239,71069400,310.2543618338449,310.0892763715516,0.016166859018753144,4.859935748363486,39.0444942794544,314.8593322753906,8.646295947429152,332.1519241702489,297.56674038053234,7.4226447174233385
2020-09-28,312.4159851074219,313.1358057916758,310.5088925117926,311.5091839323194,64584600,310.40851048060824,310.399504203001,0.01660955141063214,4.894161502571177,52.17500156859947,314.15856018066404,8.216303359616981,330.591166899898,297.7259534614301,2.6269132798831833
2020-09-29,310.71453857421875,312.9581616662014,310.01340457489823,312.2102968119457,51304000,310.00350516183033,310.44150878583,-0.00544609307560906,4.586519207124362,43.72581715966063,313.4318450927734,7.816816728789955,329.0654785503533,297.7982116351935,2.944757091303188
2020-09-30,313.07037353515625,316.2488420251978,311.1913252488281,311.38763478451114,104081100,310.15916660853793,310.7920240857402,0.007581991405190669,4.655424183985985,52.59138995175028,312.6697494506836,6.988852722576865,326.6474548958373,298.69204400552985,5.0575167763697095
2020-10-01,315.08026123046875,316.669481089299,313.1825264528092,315.6879049567631,88698700,310.4470890590123,311.36378903837067,0.006419923011612649,4.835866216944345,54.591044742917475,311.7707122802734,5.13952233804899,322.04975695637137,301.49166760417546,3.48695463648977
2020-10-02,312.0888061523437,315.0522788248847,309.6114713795871,310.088251695385,89431100,310.22870091029574,311.46045798690045,-0.00949426367250894,4.6736440465741405,46.427756431650025,311.2952087402344,4.593275393360449,320.4817595269553,302.1086579535135,5.440807445297594
2020-10-05,317.6230773925781,317.81002935219834,314.1174071960067,314.1641380536075,45713100,310.29188319614957,312.28214057432416,0.017733001412209903,4.773334857007602,50.9463222882814,311.22770538330076,4.483099770848011,320.1939049249968,302.26150584160473,3.6926221561916464
2020-10-06,313.1077575683594,319.87605754735483,312.5936040189246,317.7632978504876,90128900,310.12233189174106,312.39222284019553,-0.01421596900730826,4.614327547382918,47.62602382338903,311.37019805908204,4.495924973016763,320.3620480051156,302.3783481130485,7.28245352843021
2020-10-07,318.5578918457031,319.3712026876588,316.0618423552603,316.089886572941,56999600,310.54027230399,313.2143120409299,0.017406576955072195,5.105279191497395,55.55455768012889,311.4788619995117,4.647217125709644,320.77329625093097,302.18442774809245,3.309360332398512
2020-10-08,321.381103515625,321.4465495310753,319.5861880570144,320.5117042676603,45242500,311.4170227050781,314.3032175708892,0.008862475996323171,5.841080672161483,61.82673686847623,312.0033615112305,5.142919798324889,322.2892011078803,301.7175219145807,1.8603614740608805
2020-10-09,324.2510986328125,324.7185212837091,322.4188098294779,323.0451402053192,59528600,312.7444981166295,315.629601712479,0.00893019249044924,6.507454703758384,68.10562581314204,312.6634490966797,5.81705959971074,324.2975682961012,301.0293298972582,2.2997114542312147
2020-10-12,329.46759033203125,330.9539912427605,326.31716558452143,326.8126325547645,80388500,314.2222246442522,317.4746668617526,0.016087815033515085,7.765203787126904,69.36137811908083,313.3795166015625,6.916362455641675,327.2122415128458,299.5467916902792,4.636825658239047
2020-10-13,327.3173828125,329.50491734660983,326.3451357320465,329.32729446087654,73255500,316.05785696847096,318.78702898851895,-0.0065263096663447095,7.592179576407321,76.53978667318836,313.90845947265626,7.5612268775773215,329.0309132278109,298.7860057175016,3.1597816145633146
2020-10-14,325.2608337402344,329.00021626645804,324.5223262323469,327.897105268236,57727900,317.68916974748885,319.65020295541433,-0.006283042637682645,6.854810383373405,72.99088435741965,314.3974273681641,7.9732814184673515,330.34399020509875,298.4508645312294,4.4778900341111125
2020-10-15,324.8587951660156,325.3449045314286,320.7735250979555,321.31572290825386,60357700,318.9425354003906,320.3446819168279,-0.001236049756116131,6.400527179895857,69.41862727086053,315.0050308227539,8.294225071379927,331.5934809655138,298.416580679994,4.571379433473112
2020-10-16,324.6624450683594,327.89700194613374,324.4848221719957,326.2236208047571,89501900,319.8172825404576,320.9203836703654,-0.0006044167514562826,6.275573393378917,65.20423256688021,315.78282318115237,8.440080259893323,332.66298370093904,298.9026626613657,3.4121797741380533
2020-10-19,319.7265014648437,326.56954847623047,318.8197002372289,325.93386041728087,68425600,320.4609941755022,320.7611993762959,-0.015203309401789267,5.706432716514661,60.35674705048879,316.48582611083987,8.133075182371073,332.751976475582,300.2196757460977,7.749848239001551
2020-10-20,321.0072326660156,324.27919171533324,320.3154561677956,321.0820077485723,60051900,321.02791268484935,320.7940038149252,0.0040057086144069665,5.295145942762912,59.35231593656926,317.097216796875,7.981457988879714,333.06013277463444,301.13430081911554,3.963735547537624
2020-10-21,320.39959716796875,323.1480451232223,320.09108218750293,320.96048162478,63575000,321.40786525181363,320.74141626199764,-0.0018929028265199932,5.019198100516881,56.482199092289775,318.03627014160156,7.12316205981169,332.2825942612249,303.7899460219782,3.056962935719355
2020-10-22,322.15704345703125,322.746000594194,318.4550638467144,320.6145543301672,55399300,322.12702505929127,320.9301665546688,0.005485170095707481,4.2424256334636254,62.649707142232735,319.0229995727539,6.146313236949014,331.31562604665197,306.73037309885586,4.290936747479634
2020-10-23,323.2508239746094,323.4471335099245,320.7734895030079,323.391045071263,49143900,322.5290069580078,321.2395875439942,0.0033951780344172455,4.044858136545693,57.958723911129496,319.81995697021483,5.552537304321414,330.92503157885767,308.714882361572,2.673644006916618
2020-10-26,317.2771911621094,320.6332826945844,313.75280577693434,319.8386584058485,91473000,322.82682364327565,320.7112680264096,-0.018479868787493636,3.3999016691878317,55.66281419782047,320.0630172729492,5.312587000879038,330.68819127470726,309.4378432711911,6.880476917650071
2020-10-27,316.1833801269531,317.95958050020954,315.9683554363344,317.6230498845085,65994100,322.657215663365,320.1075496398154,-0.003447493439884153,3.677165867352099,46.34215826201746,320.3364593505859,4.933292650871956,330.2030446523298,310.46987404884203,1.991225063875163
2020-10-28,305.376708984375,316.21156755024646,304.8812418896191,310.46227202790567,127094300,321.51404462541853,318.14343755242334,-0.034178492045467634,5.912645009893651,30.212801279826195,319.9517761230469,5.760339241814451,331.4724546066758,308.431097639418,11.330325660627352
2020-10-29,308.48028564453125,311.67744083545017,303.90887808851886,305.61030350993144,90597700,320.38755798339844,316.85501729803775,0.010163108609291704,6.788528907914239,30.613564780010165,319.62177734375,6.224459849734921,332.07069704321987,307.17285764428016,7.768562746931309
2020-10-30,305.264404296875,308.20916140224153,301.5811113871835,306.891026053718,120287300,318.6587589808873,315.30960223121605,-0.010424916914664628,7.3563889952123125,18.708917853856946,319.2805572509766,6.817909815527314,332.9163768820312,305.64473761992195,6.628050015058022
2020-11-02,308.6860046386719,310.7052458726611,305.9188413358158,308.6860046386719,86068300,317.3279462541853,314.42645588554353,0.01120864500948926,7.354763788282054,26.679088941501533,318.8337036132813,7.213648368504327,333.2610003502899,304.4064068762726,4.786404536845339
2020-11-03,314.1360778808594,316.2114356730083,308.7700747684846,311.94854321279144,93294200,316.53332083565846,314.38773881825233,0.01765571862762938,7.0253412784558495,37.16547265124942,318.88511962890624,7.174245202122505,333.23361003315125,304.5366292246612,7.441360904523663
2020-11-04,321.15679931640625,325.27011340401964,317.46414854468395,318.65139194182245,126959700,316.26889256068637,315.2902802180062,0.022349299968689396,6.752233699269276,46.29488112233273,319.0150650024414,7.191522146036786,333.398109294515,304.63202071036784,7.805964859335688
2020-11-05,327.4202575683594,329.24321758688944,326.1301662973035,326.48541212895293,82039700,316.46587916782926,316.90761053138664,0.019502804440961974,7.049618346417485,52.46123543298765,319.3170227050781,7.419275675749065,334.15557405657626,304.47847135357995,3.1130512895859397
2020-11-06,327.3454284667969,328.6074753075735,324.9989576717565,327.1304037806985,74973000,317.0100882393973,318.2993195894413,-0.00022854145347706023,7.593768653850844,57.44561557543918,319.4717391967773,7.558539365514273,334.58881792780585,304.3546604657488,3.608517635817009
2020-11-09,331.45880126953125,340.6389904576973,330.9913785434033,340.255700398766,172304200,317.75662885393416,320.05391714678666,0.012565847710170885,8.479091093337383,59.67800732130373,319.57129974365233,7.708755106775691,334.9888099572037,304.15378953010094,9.647611914293975
2020-11-10,330.9726257324219,332.03833449972905,327.6726230869076,330.45844371895174,85552000,318.51184517996654,321.5097449582047,-0.001466775162545897,9.174912211670549,59.812549953919195,319.7540618896484,7.941873012480931,335.6378079146103,303.8703158646866,4.36571141282144
2020-11-11,333.4312438964844,334.26324127397265,331.9261283170122,333.1788174384377,58649000,319.31714521135603,323.09927814997536,0.007428463784948214,9.979012810778016,60.328861248310595,320.16258239746094,8.434879287529617,337.03234097252016,303.2928238224017,2.337112956960425
2020-11-12,330.19677734375,333.47809424047733,328.373845701629,332.4123566561922,67546200,319.8132847377232,324.045611375812,-0.009700550299175159,10.355212219787036,56.123355460508726,320.42948150634766,8.672407953342695,337.774297413033,303.0846655996623,5.10424853884831
2020-11-13,334.7681579589844,335.5160228997194,331.5990182215688,332.1225293859271,62892200,321.06263950892856,325.4752842535683,0.0138444131769202,11.057053095850007,65.81043281564646,320.9347671508789,9.20976576854991,339.3542986879787,302.51523561377905,3.9170046781505903
2020-11-16,338.9468688964844,339.1431784222475,336.16101961858254,337.46046828584866,74541100,322.68860299246654,327.27149553929047,0.012482402636429857,11.924071930700432,69.48944313338586,321.8957855224609,10.042228474206585,341.9802424708741,301.81132857404776,2.9821588036649587
2020-11-17,337.1239318847656,338.3392479801234,334.9924855878978,336.516288101695,66111000,324.95626177106584,328.5851537186872,-0.005378238240269728,11.385113646559429,82.12254138780935,322.7016204833984,10.59841154335188,343.8984435701022,301.50479739669464,3.346762392225571
2020-11-18,333.06671142578125,337.9466054590558,333.0293096223353,337.39505010740044,70591300,326.7124350411551,329.1826947462997,-0.012034804044618208,10.510852070420531,74.40609122293407,323.33497619628906,10.829572638992028,344.99412147427313,301.675830918305,4.917295836720484
2020-11-19,334.4690246582031,334.84295715549985,331.0755309000242,332.43106829809824,59940900,328.79847935267856,329.8875387345535,0.0042103073778190225,8.662202037083004,80.07320818136623,323.95057525634763,11.10550715181205,346.16158955997173,301.73956095272354,3.767426255475641
2020-11-20,332.1785583496094,334.4128522464206,332.1037832806128,334.20718514516267,70417300,330.4765189034598,330.19300801656095,-0.006848067054742613,6.4624985304822635,74.76824533112314,324.39696197509767,11.254328581888648,346.90561913887495,301.8883048113204,2.3090689658077963
2020-11-23,334.1698303222656,335.44123490764684,331.74858414798723,334.00156499645885,63230600,331.9075012207031,330.72325099065495,0.005994583101780027,4.479810480759756,72.78326285715872,325.2415939331055,11.325537238715341,347.8926684105362,302.5905194556748,3.692650759659614
2020-11-24,339.5545349121094,340.10609025443364,335.8805994714725,336.7406412316601,62415900,333.2216251918248,331.90075551351555,0.016113676643552344,3.717068248660504,71.7313583265985,326.41015167236327,11.545303395698726,349.50075846376075,303.3195448809658,4.225490782961117
2020-11-25,339.031005859375,339.49842851756154,337.92789523306635,339.47038429923896,45330900,334.05096435546875,332.85145555963015,-0.0015418113996619187,3.6170487535107845,65.86601455736162,328.0928665161133,10.743017912920534,349.57890234195435,306.60683069027226,1.570533284495184
2020-11-27,339.9752502441406,340.4520020138009,338.9562436192393,340.1341579909546,28514100,334.9530944824219,333.8012948508982,0.0027851269307128668,3.383429654173382,66.85800874970468,329.66761474609376,9.999413978956593,349.66644270400695,309.66878678818057,1.4957583945616193
2020-11-30,338.4701232910156,339.4610571328228,335.7684349198148,339.1899439786023,83872700,335.4539031982422,334.42380530958053,-0.004427166248261116,3.3451092465391055,60.058949057051514,331.3279006958008,8.355942752213627,348.03978620022804,314.61601519137355,3.6926222130080077
2020-12-01,342.1720886230469,343.7239353451795,341.15311060347875,341.75142532829835,74231400,336.25386483328685,335.45690975137603,0.010937347426816402,3.525291623042735,64.71021614939497,333.00220489501953,6.788104417195822,346.5784137294112,319.4259960606279,2.570824741700733
2020-12-02,342.8919677734375,343.05087552226786,340.47072150135824,341.05032111091606,45927000,336.9296308244978,336.44825082098424,0.0021038511740905097,3.835701115334469,63.02117854205677,334.43999938964845,5.5060754535212295,345.4521502966909,323.427848482606,2.5801540209096174
2020-12-03,342.7984924316406,344.20076065609163,341.68602402457185,342.7891348474605,62882000,337.82975333077565,337.2949497024051,-0.0002726087239776076,3.605902989464504,68.98579190954491,335.52208404541017,4.845091541148439,345.21226712770704,325.8319009631133,2.5147366315197814
2020-12-04,345.7525634765625,345.7525634765625,343.2939156053123,343.38740584752725,50749900,338.6143537248884,338.4226315389594,0.008617514691990458,4.055501091015823,67.39695094071145,336.43869934082034,4.96430826225643,346.3673158653332,326.5100828163075,2.458647871250207
2020-12-07,345.0421142578125,345.53758122027995,343.76138051686195,344.9766682273006,48944300,339.0497283935547,339.3052292348065,-0.002054790893251446,4.405974806918803,60.84499394571232,337.3235336303711,4.83362843212828,346.9907904946277,327.65627676611456,1.7762007034179987
2020-12-08,346.0516967773437,346.6219387155356,343.7145835305619,343.7613143838118,42458900,339.6874258858817,340.20475824047816,0.0029259689696221614,4.739276460193477,66.35822868473224,338.05317840576174,5.00028119666382,348.0537407990894,328.0526160124341,2.907355184973653
2020-12-09,342.947998046875,346.8743311210662,342.1066429973493,346.7154233991898,74098300,340.3932320731027,340.5705235479977,-0.008968887479449794,4.401160995253741,68.76090750436308,338.6519470214844,4.821596071864043,348.29513916521245,329.0087548777563,4.76768812371688
2020-12-10,342.8359069824219,343.89225845289496,340.68574517414294,341.56450224313346,57735400,340.9908665248326,340.87257467258763,-0.0003268456590839186,4.092045994432822,66.70399434601427,339.12218017578124,4.743612771381286,348.6094057185438,329.63495463301865,3.206513278752027
2020-12-11,342.4338684082031,342.84520267831226,339.591958851909,341.1250905165916,57698600,341.723388671875,341.0807471706697,-0.0011726851418727424,3.2176934259568006,72.14383615804329,339.7340347290039,4.300260235210751,348.3345551994254,331.1335142585824,3.2532438264032635
2020-12-14,340.90069580078125,345.7057858820026,340.7230729086934,344.62139042291807,69216200,342.20416477748324,341.0567403213513,-0.00447728086754029,2.401613292893755,64.82698257120161,340.04066162109376,4.1433096906654825,348.32728100242474,331.7540422397628,4.982712973309219
2020-12-15,345.50946044921875,345.50946044921875,342.07859427938155,343.4621470224209,63865300,342.6295166015625,341.6504363384003,0.013519375892182994,2.4234782049216967,63.58202140203225,340.3687911987305,4.308689423199159,348.9861700451288,331.7514123523322,3.430866169837202
2020-12-16,346.0516967773437,346.9771844937207,344.8363807714885,345.7244952169514,58420500,343.13099452427457,342.2372710635928,0.0015693820001916325,2.346741145025432,65.99917102020152,340.8151794433594,4.415953976419964,349.6470873961993,331.9832714905195,2.1408037222321923
2020-12-17,347.98687744140625,348.1925445911866,346.8744090215788,347.7064352049877,64119500,343.70325360979353,343.0038852473013,0.0055921721583340744,2.4904382146472925,67.46843006705916,341.5611877441406,4.296732349456116,350.15465244305284,332.9677230452284,1.3181355696078185
2020-12-18,346.5973815917969,348.44687852655625,344.56950459854585,348.27789593982584,136542300,344.28377205984935,343.483018093234,-0.003992954733884613,2.092145989971676,67.81035741896488,342.1676055908203,4.094192857364473,350.35599130554925,333.97921987609135,3.8773739280103996
2020-12-21,345.3581237792969,355.3097313629829,339.8847553662255,342.6449189270984,96386700,344.51134599958147,343.7330321847091,-0.0035754967530583492,2.016698350327722,57.82679101568362,342.8265838623047,3.404325284342599,349.6352344309899,336.0179332936195,15.42497599675744
2020-12-22,344.7760009765625,345.7993224787148,343.6400244320925,345.68666743639704,47949000,344.6459197998047,343.8720946902896,-0.001685562790196271,1.9624563489594977,54.65984125019249,343.35689239501954,2.747587311247601,348.85206701751474,337.86171777252434,2.1592980466223253
2020-12-23,345.0858764648437,347.0104672099609,344.75728011423564,345.7524379869379,46201400,344.8093043736049,344.03393226023013,0.0008987733699663547,1.890724417569505,55.59754270615973,343.6334594726562,2.620136207215373,348.873731887087,338.39318705822546,2.253187095725252
2020-12-24,346.4283752441406,346.456539006664,344.9731997623888,345.5646387753796,26457900,344.8575766427176,344.35319132475155,0.0038903324385508586,1.924976213289733,51.79541728757,344.00332794189455,2.45303337844359,348.90939469878174,339.09726118500737,1.4833392442752142
2020-12-28,349.4045104980469,349.7988032079543,348.3717913635743,349.00079166536955,39000400,345.16917637416293,345.0267005478576,0.008590910752645176,2.277872933900328,60.34422122552835,344.4747909545898,2.542604321498492,349.5599995975868,339.38958231159285,1.4270118443799902
2020-12-29,348.7379455566406,351.1225828850983,348.146477798129,350.9442028102827,53680500,345.3610512869699,345.5215332156954,-0.001907717048231894,2.4635030374902733,56.47503130006739,344.9881820678711,2.2904715980205754,349.56912526391227,340.4072388718299,2.976105086969312
2020-12-30,349.2355041503906,350.2776207714051,348.84121143495884,349.56410051380345,49455300,345.8101588657924,346.01672934032143,0.0014267406231227575,2.5609464328155918,67.33337483783797,345.34135284423826,2.37634962564232,350.0940520955229,340.5886535929536,1.4364093364462747
2020-12-31,351.0098876953125,351.7421742052832,348.5219930557214,349.0383382759058,78520700,346.39401463099887,346.68248378765355,0.005080765053480318,2.755112535516181,70.64210991964956,345.747248840332,2.6170642678832796,350.9813773760986,340.51312030456546,3.2201811495618244
2021-01-04,346.2312316894531,352.48384487733864,342.50407428116006,352.3523948839553,110210800,346.66525486537387,346.62231684122685,-0.013614021067142712,2.5113914095787706,57.853611984912824,345.9188858032227,2.524421479970941,350.9677287631646,340.87004284328077,9.979770596178582
2021-01-05,348.6158142089844,349.7142581765999,345.5364522226167,345.58341092427617,66426200,347.2163347516741,346.88811649026115,0.006887254243054697,1.9278330307120672,65.41339722836989,346.0620483398437,2.594703327873283,351.2514549955903,340.8726416840972,4.177805953983238
2021-01-06,350.7001037597656,353.92031398361445,346.5410917350817,347.09499826346524,107997700,347.58709498814176,347.3963814595284,0.005978757892870057,2.0683282919392916,61.53330810865057,346.3449478149414,2.77951029500013,351.9039684049417,340.78592722494113,7.379222248532756
2021-01-07,355.9105834960937,356.6616362990513,352.9157124541639,353.0940925087612,68766800,348.29130118233815,348.5316083977371,0.014857365824725521,2.9819210274732355,68.14224196993965,346.83789215087893,3.504458660553528,353.846809471986,339.8289748297719,3.745923844887386
2021-01-08,357.9384155273437,358.1543281394145,354.03287841024945,357.3093866794121,71677200,349.00212533133373,349.78584934835135,0.005697588454186109,3.9369495899897076,68.25050538517843,347.58741302490233,4.168794422764522,355.9250018704314,339.24982417937326,4.121449729165022
2021-01-11,355.5257263183594,357.30010107481445,354.61505958225104,354.7371121320645,51034700,349.63986424037387,350.55116627768575,-0.006740514860439695,4.229703222205709,65.78175133185033,348.2219039916992,4.368466697044717,356.9588373857886,339.4849705976098,2.685041492563414
2021-01-12,355.6007080078125,356.62402949769387,353.338123765647,355.7133916996036,52547700,350.37147739955356,351.2244385083693,0.00021090369529530584,4.317048574782231,68.88197534753681,348.8802459716797,4.441808746806232,357.76386346529216,339.99662847806724,3.2859057320468423
2021-01-13,356.558349609375,357.56287620489485,354.73701662750915,355.5256306014884,45303600,351.21307373046875,351.93562665517004,0.002693025013722483,4.290704255649638,71.4238785430494,349.6631286621094,4.3400556770785474,358.34324001626646,340.9830173079523,2.8258595773856996
2021-01-14,355.3097839355469,357.8164739834589,354.97181870706424,357.3094974899018,49989100,351.94335283551897,352.38551429255364,-0.0035017148671345755,4.0297551108791,67.97650616697032,350.1531448364258,4.399252457162267,358.95164975075033,341.3546399221012,2.844655276394633
2021-01-15,352.7184753417969,354.48345183964625,350.8408151667558,353.67607171677247,107160000,352.3926456996373,352.4299090991194,-0.007293096646671771,3.705150067296087,60.59450624010532,350.4864837646484,4.32405614315626,359.13459605096097,341.8383714783359,3.6426366728904327
2021-01-19,355.48809814453125,356.03263577950673,353.7043262506062,355.19706303477216,51233300,352.82718767438615,352.83766763850764,0.007852219252338699,3.6844275303326093,60.31845610591605,350.8615447998047,4.420088520703164,359.701721841211,342.02136775839836,2.3283095289005473
2021-01-20,360.4075927734375,361.2525343487993,357.4033242267864,357.79761692490206,61836100,353.6607339041574,353.8469909898317,0.01383870417767441,3.995079000560958,67.29754743593114,351.5520553588867,4.7827228288391055,361.1175010165649,341.9866097012085,3.8492101220128916
2021-01-21,360.7361450195313,361.4027351606016,359.80671219152816,360.9708525943464,47840100,354.4822082519531,354.7655448604583,0.0009116129978437026,4.192666064690734,67.13287476302413,352.3209564208984,4.967117416259882,362.25519125341816,342.3867215883787,1.5960229690734309
2021-01-22,359.4593200683594,360.63285784613646,358.48292861501795,358.8678524442278,52860500,355.0857391357422,355.3913815548451,-0.0035394982421370624,4.261951269326134,62.77680202235182,353.0551223754883,4.87756811191012,362.8102585993085,343.29998615166807,2.149929231118506
2021-01-25,360.8769836425781,361.2337150808615,355.30969832974995,360.2010246976405,70402000,356.13186427525113,356.12279516654286,0.003943877638084681,3.678941043329497,74.65238894630752,353.844677734375,4.797079281585169,363.4388362975453,344.2505191712047,5.924016751111537
2021-01-26,360.313720703125,362.2477089999813,360.079013107382,361.8346213394072,42665300,356.9674290248326,356.6815852380871,-0.0015608170234846508,3.127698218254479,70.97661427397209,354.53894500732423,4.670367146739693,363.8796793008036,345.19821071384484,2.16869589259926
2021-01-27,351.5074157714844,357.0559056466183,349.254229039909,356.9620168972144,123351100,357.0250941685268,355.9916959758734,-0.024440659418841437,3.008427583965882,51.16645971935122,354.6440902709961,4.571311556986934,363.78671338496997,345.50146715702226,7.80167660670935
2021-01-28,354.5304870605469,358.5674458479417,352.8969315239179,353.3381542555035,94198100,356.926515851702,355.7968681204966,0.008600305863896152,3.0697426334631106,47.87139203232341,354.93371734619143,4.355840490038949,363.64539832626934,346.2220363661135,5.670514324023827
2021-01-29,347.4329528808594,353.62923889213613,345.74304106824115,352.6528473104564,126765100,356.1761256626674,354.68167942187836,-0.020019531292030712,3.95866876119036,35.98805266401344,354.84358978271484,4.496331577866199,363.8362529384472,345.85092662698247,7.886197823894975
2021-02-01,353.2160339355469,354.2581215206856,347.7238725075803,350.8595613824156,75817600,356.01114763532365,354.4862600237008,0.016645171411448167,4.035246955778184,47.1735064593616,354.9538970947266,4.42380681375602,363.8015107222386,346.10628346721455,6.5342490131052955
2021-02-02,358.2107238769531,359.7785832347617,353.3006592733348,356.42695186595586,64450700,356.1975773402623,354.98285520413447,0.014140609319897468,4.074922598510416,52.85075541268538,355.55287170410156,3.968148746726537,363.48916919755465,347.6165742106485,6.477923961426882
2021-02-03,358.49237060546875,360.22921246243635,357.20617762542906,359.0462770672684,52427100,356.33572169712613,355.45079059097907,0.0007862599016226213,4.120620470486217,52.14407026233346,356.0466995239258,3.662171155236842,363.3710418343995,348.7223572134521,3.0230348370072875
2021-02-04,362.56683349609375,362.6137635452809,358.6049689468629,359.5344016670273,47142600,356.8540823800223,356.399596311661,0.01136554979885207,4.426720496448909,57.570858503306916,356.64003601074216,3.7113166258765844,364.0626692624953,349.217402758989,4.008794598417978
2021-02-05,363.993896484375,364.70741669807336,362.5199546519901,364.4539428251779,48669800,357.6594696044922,357.4121696680229,0.003935999811457203,4.63713046488875,62.05585056570378,357.04420166015626,4.0521840524511745,365.1485697650586,348.9398335552539,2.187462046083283
2021-02-08,366.6226196289063,366.6695496822964,364.5947427980771,365.4584506060735,38365200,358.45479256766185,358.6402296628073,0.007221887976476493,5.161293741001981,61.941177779726964,357.47841186523436,4.583491076988157,366.6453940192107,348.31142971125803,2.0748068842192993
2021-02-09,366.3784790039063,366.9793440735661,365.3645550123846,365.7776139342464,35551100,358.88128444126676,359.6719962416205,-0.0006659180637765827,5.565907443414306,57.11717545033907,358.0210494995117,4.9665646328273345,367.9541787651664,348.08792023385706,1.6147890611815114
2021-02-10,366.2188415527344,368.2842792824181,363.7966724432159,368.1340630247301,59154400,359.2729056222098,360.544908949769,-0.0004357173259901259,5.889908776887114,56.561686212777985,358.5519561767578,5.2534551257219855,369.0588664282018,348.04504592531384,4.487606839202158
2021-02-11,366.8103942871094,367.7304583350288,364.36006085098506,367.307973221504,42913300,359.7979823521205,361.38030699474774,0.001615298469808124,6.22589157789602,58.94447208751381,359.0645584106445,5.540991438337182,370.1465412873189,347.98257553397013,3.3703974840437354
2021-02-12,368.6224365234375,368.8665129809692,365.9279688102593,366.0030912978339,50593300,360.3512289864676,362.3459242652397,0.004939996969959948,6.658274430623021,59.334747137267684,359.7301910400391,5.856811163030848,371.44381336610076,348.0165687139774,2.9385441707099176
2021-02-16,368.3031311035156,370.0587679068782,367.58024205565687,369.8615929067845,50972400,360.9219011579241,363.1402185103432,-0.0008662126563248052,6.988980586726346,59.68571743574904,360.509423828125,5.911316411083976,372.332056650293,348.68679100595705,2.4785258512213204
2021-02-17,368.38763427734375,368.6411081434322,365.5147872075395,366.5381374447893,52290600,362.1276310511998,363.8398739459432,0.00022943919476037244,6.68953084018176,75.95243524453781,361.15440063476564,6.037000645869866,373.22840192650534,349.08039934302593,3.126320935892693
2021-02-18,366.8197326660156,367.5707853570375,364.0220083879354,365.7588499681001,59712800,363.00543430873324,364.2371884419529,-0.004256119004656167,6.416681254155436,69.77907228039837,361.47500762939455,6.164177698644648,373.8033630266838,349.1466522321053,3.548776969102107
2021-02-19,366.17193603515625,368.378192700828,365.7212872319052,368.087157635444,83241000,364.34393310546875,364.4951547877134,-0.0017659808706342872,4.621869644039909,88.0617627551493,361.7467971801758,6.2491366755450795,374.245070531266,349.2485238290856,2.656905468922787
2021-02-22,363.3554992675781,365.78706636941433,363.0832304512995,363.383663031274,67414200,365.0681806291853,364.343200718362,-0.007691569152114663,3.3684646804175915,73.41688468391246,361.94160614013674,6.234787105868232,374.4111803518732,349.47203192840027,2.7038359181148053
2021-02-23,363.7967529296875,365.1580683687233,356.94330297998846,361.1304782301861,107284100,365.4671827043806,364.27034101320544,0.0012143855342738874,2.7716724199276896,66.33679449213419,362.0875946044922,6.2427251588443164,374.5730449221808,349.6021442868036,8.214765388734861
2021-02-24,367.8055725097656,368.23745511885954,361.7031749592732,362.6983328831333,72433900,366.13241141183033,364.7417052127468,0.011019393515183218,1.9708029961614424,72.36209036724597,362.4621871948242,6.354455466757554,375.1710981283393,349.7532762613091,6.534280159586331
2021-02-25,358.9429931640625,367.9088401484747,357.4878175897793,366.5287583954201,146670500,365.8735656738281,363.9685436062556,-0.0240958267304876,2.6095860427518622,42.925435450392406,362.83396606445314,5.879564522146379,374.5930951087459,351.0748370201604,10.421022558695427
2021-02-26,357.0934143066406,361.99410872869663,355.09373019748244,360.8393660059298,152701600,365.38067408970426,363.05185969964026,-0.005152848481921657,3.493795855798971,36.74731066205136,362.9621124267578,5.714681192673084,374.391474812104,351.53275004141165,6.900378531214187
2021-03-01,365.74951171875,367.00756958868834,357.2906698270916,362.0035878256228,105348800,365.31830923897877,363.4115466355216,0.024240428597420927,3.477676993181459,48.638391922299256,363.87794036865233,4.414891211462121,372.7077227915766,355.04815794572806,9.716899761596721
2021-03-02,362.8955383300781,366.2096087471087,362.3885618534388,365.974901129328,79595300,365.0695277622768,363.34274552812917,-0.007803081883172802,3.5203196130923717,44.97722501683361,364.3619155883789,3.6486352782691327,371.65918614491716,357.06464503184066,3.821046893669916
2021-03-03,358.08868408203125,363.16773105398926,357.9853978452796,362.19136812028,119940200,364.4888022286551,362.6422040019828,-0.013245834518016864,3.9593542459276136,39.66120638468793,364.35581359863284,3.6595497124410064,371.6749130235149,357.0367141737508,5.182333208709679
2021-03-04,353.6573486328125,360.5107976486154,349.13218018196284,357.9008508325048,183433000,363.54929896763394,361.44422328609346,-0.012374966443238988,4.830731642389099,34.76192126102288,364.1140625,4.188719782285654,372.4915020645713,355.73662293542867,11.378617466652543
2021-03-05,360.16339111328125,361.2242736964688,349.8456576181563,357.1872871290368,152039600,362.94508143833707,361.27344566305186,0.018396457773661945,4.673856342467111,41.16132982149576,363.9938903808594,4.26914976698891,372.5321899148372,355.4555908468816,11.378616078312518
2021-03-08,358.37030029296875,363.9657208123796,358.0886626656329,361.1304636441672,123149200,362.235593523298,360.88635961370744,-0.004978548249365278,4.55020568699541,39.93149884026892,363.71271057128905,4.45049186339664,372.61369429808235,354.81172684449575,5.877058146746663
2021-03-09,363.4869689941406,366.059355054076,361.74072959773366,362.247706022604,113633600,361.8855460030692,361.23310753109854,0.014277602516137522,4.216813440732789,45.4922673655147,363.5559280395508,4.39750199418237,372.3509320279155,354.76092405118607,4.318625456342318
2021-03-10,365.74951171875,367.4581898159348,364.42578615038536,365.85279795471286,109899400,361.8091016496931,361.83529475611874,0.006224549757231745,4.129275624686176,49.028009749559175,363.524479675293,4.378462163380244,372.2814040020535,354.7675553485325,3.0324036655494524
2021-03-11,369.4579162597656,371.4482320702669,367.77740186659247,368.2374482328218,86245000,362.0438145228795,362.85164428993835,0.010139192048647994,4.47523701653962,52.82720035877284,363.68643341064455,4.54028280439815,372.76699901944085,354.60586780184826,3.670830203674427
2021-03-12,369.95550537109375,370.0963242010188,367.2704641777564,368.0872420421516,64653600,362.51524353027344,363.7988257674258,0.0013468086334853524,4.946821850648936,55.91453192472727,363.84368896484375,4.7056334460071065,373.254955856858,354.4324220728295,2.8258600232623508
2021-03-15,372.1617126464844,372.4245839773776,368.04963145900535,370.2089296305693,73427200,363.1127406529018,364.9138773513003,0.00596343950383349,5.578376274607063,57.26632306869291,364.0206527709961,4.954761146727259,373.9301750644506,354.11113047754156,4.374952518372254
2021-03-16,371.69232177734375,373.4948599780654,370.9130765539717,372.7813684052426,73722500,363.39036560058594,365.8176699414394,-0.0012612551296659058,5.916373285320468,53.59748584715664,364.1901123046875,5.162537403481268,374.51518711165005,353.8650374977249,2.5817834240937145
2021-03-17,372.9596862792969,373.7670664812779,369.2418981398556,370.3966695749458,97959300,364.3915579659598,366.76993878648705,0.003409713969588779,6.280644979093683,65.0960158658059,364.41871490478513,5.451340300736787,375.3213955062587,353.5160343033116,4.5251683414222725
2021-03-18,367.5332946777344,372.4527562616522,366.84793824719753,370.3497855663885,115349100,365.1372637067522,366.8717195719867,-0.014549539269772094,5.959007710133068,60.43947257919613,364.4543930053711,5.470184124435972,375.39476125424306,353.51402475649917,5.604818014454679
2021-03-19,366.8533325195313,368.8219113936232,364.6586767987614,367.2300889377648,113624500,365.2161080496652,366.8692679649927,-0.0018500695530163647,5.97501246911345,51.31326510309337,364.4884628295898,5.483550110267046,375.45556305012394,353.5213626090557,4.1632345948618195
2021-03-22,369.7825622558594,371.1765923121428,367.3147752094019,367.37128722232336,73778600,365.7080383300781,367.2577072037749,0.007984743429234387,6.052269673827895,58.17915463391441,364.80981597900393,5.600731342253897,376.01127866351175,353.6083532944961,3.861817102740929
2021-03-23,366.8721008300781,370.6020376321158,366.08090385659546,369.1420959687848,90686600,366.3354252406529,367.2062930206153,-0.00787073735447652,5.643099723150013,60.92337564054786,364.9635833740234,5.6136556886505495,376.1908947513245,353.73627199672234,4.5211337755203544
2021-03-24,365.007080078125,369.9332544511037,364.9599963176266,368.2849204083553,97588600,367.1461203438895,366.9130646282832,-0.005083572034323081,4.3483787518247965,65.07734320143615,364.8236587524414,5.573824564991491,375.9713078824244,353.6760096224584,4.973258133477145
2021-03-25,367.0604553222656,367.86105171901727,361.597388103228,363.5565669489051,116128600,367.6387677873884,366.9327167208142,0.00562557647841011,3.859655035790231,60.39162097019671,365.2295318603516,5.416394493536742,376.06232084742504,354.39674287327813,6.263663615789255
2021-03-26,372.9756164550781,373.380628776082,367.61617378288815,368.2189781394368,114409100,368.6820046561105,367.73843668538274,0.016114950676501483,3.0508616770949,69.57409441791873,366.0236419677734,5.324236823637379,376.6721156150482,355.37516832049863,5.764454993193851
2021-03-29,372.78717041015625,373.7008194360686,369.9897113303758,371.4873368738417,108107600,369.3463047572545,368.41160118201924,-0.0005052503075481107,2.837749734773523,64.36122837326221,366.3755249023437,5.533611150500861,377.44274720334545,355.308302601342,3.7111081056928015
2021-03-30,371.7982177734375,372.4763906085437,370.18753932464574,371.5062294862757,76262200,369.77835518973217,368.863150060875,-0.002652861244207161,2.7053837699317054,59.72274546738878,366.8206588745117,5.596655962558076,378.0139707996279,355.62734694939553,2.288851283897941
2021-03-31,373.3052978515625,374.8782922783741,372.3445648375223,372.372820845445,112734200,370.0531681605748,369.45543643296674,0.004053489247878517,2.8612483897326793,56.65530271436221,367.5814895629883,5.377117665857761,378.3357248947038,356.8272542312728,2.5337274408518056
2021-04-01,377.3365783691406,377.39311911874,375.0477559351798,375.2549762015052,99682900,370.5803876604353,370.50625535778994,0.010798883757554112,3.4593766796485252,61.37708749043929,368.7654510498047,4.7161494908694594,378.19775003154365,359.3331520680658,2.3453631835602096
2021-04-05,382.7526245117188,383.2989456835912,379.9457651098981,380.0211048863623,91684800,371.3368813650949,372.13910457831383,0.014353355738758511,4.749295771695926,64.85477935039162,369.89491271972656,5.225097165603762,380.3451070509341,359.44471838851905,3.3531805736931233
2021-04-06,382.5265808105469,383.5815101611163,381.8484078359424,382.1875086955791,62021000,372.11075701032365,373.5241014092782,-0.0005905738764308,5.615392313472145,65.30054432851065,371.1027267456055,5.212824369094441,381.5283754837944,360.6770780074166,1.7331023251738884
2021-04-07,382.96923828125,383.31773861198445,381.8954812823564,382.3570056398517,55836300,372.82572501046315,374.7834529922078,0.001157194017119556,6.324273300149772,64.4729909691904,372.07684020996095,5.525698856611909,383.12823792318477,361.0254424967371,1.422257329628053
2021-04-08,384.78704833984375,384.84356034439617,383.2894227298822,384.2313277986375,57863100,374.0581359863281,376.1172657052259,0.004746621600084655,6.871084046427821,77.85421849981525,373.0287170410156,5.99792299166333,385.0245630243423,361.03287105768896,1.5541376145139907
2021-04-09,387.5845947265625,387.7541595230229,384.5422590667275,384.66471135235577,61104600,375.5389404296875,377.6462429080708,0.007270375650086702,7.411582907405268,81.32641127990955,373.93505096435547,6.7520782665309556,387.4392074974174,360.43089443129355,3.211900456295382
2021-04-12,387.7258911132813,387.999022939766,386.3695452529878,386.9817779168794,56704900,376.82060677664623,378.9901960020989,0.00036455625079345744,7.876444004599521,79.6083024728348,374.82357025146484,7.34410546250276,389.5117811764704,360.1353593264593,1.6294776867782161
2021-04-13,388.8749694824219,389.5060586179823,387.2360636225669,387.622248206318,56551000,378.39224025181363,380.3081657994753,0.0029636358971054655,7.9336346156893995,88.5476992959733,375.6592330932617,7.95107242875296,391.5613779507676,359.7570882357558,2.269994995415402
2021-04-14,387.54693603515625,389.91109872377695,387.00061487985664,388.846741166246,61659900,380.0022299630301,381.2733351642328,-0.0034150653847255796,7.267473704673497,90.24570726114744,376.4519638061523,8.31670531540173,393.08537443695576,359.8185531753489,2.9104838439203036
2021-04-15,391.7101135253906,391.98327408371046,389.6567670744784,389.7038508369247,60229800,381.7629198346819,382.66490561238714,0.010742382671957706,6.865716757613649,90.92912954911662,377.38948516845704,8.936089934982892,395.26166503842285,359.51730529849124,2.3265070092320457
2021-04-16,393.0193786621094,393.631611302074,391.5782648349521,393.0099504116794,82037300,383.19461713518416,384.0455020190168,0.0033424338343868154,6.981235454635377,89.29114959966674,378.6637893676758,9.267635873484704,397.1990611146452,360.1285176207064,2.053346467121912
2021-04-19,391.0884399414063,392.5295537103947,389.7509506889672,392.0774576226585,78498500,384.5018506731306,384.98456040866876,-0.004913087815863526,6.5847311024663675,83.5812888760469,379.8755447387695,9.226422150588206,398.32838903994593,361.4227004375931,2.7786030214275
2021-04-20,388.22509765625,390.9754448758901,386.7368712714582,389.8640035850036,81851800,385.67519923618863,385.41663204167963,-0.007321470012218501,5.525247723888525,78.20201148040168,380.79767150878905,9.085126164979085,398.9679238387472,362.6274191788309,4.238573604431906
2021-04-21,391.89849853515625,392.10571882633735,387.4621044027784,387.603413176734,66793000,387.0032849993025,386.2808809074765,0.009462038649955762,4.453955373640142,79.71116971680695,382.04899139404296,8.78468057734919,399.6183525487413,364.4796302393446,4.643614423558972
2021-04-22,388.31927490234375,392.5672768638252,387.2455178429115,391.7289961216428,97582800,387.7877633231027,386.55266677345884,-0.009133037371133024,3.481393013623989,67.8071638157536,383.21460113525393,7.907220007435558,399.02904115012507,367.4001611203828,5.321759020913703
2021-04-23,392.529541015625,393.9518269831813,388.80903293885234,388.8843727028169,73209200,388.4861145019531,387.34958333908105,0.010842279498848084,3.3725746472710445,66.497182239872,384.48805541992186,7.186743638550363,398.86154269702257,370.11456814282116,5.14279404432898
2021-04-26,393.3490295410156,393.92360667889005,392.595516854426,393.1889217488319,52182400,389.2591465541295,388.149509499339,0.0020877117255182487,3.133334152855337,67.90283008390296,385.50672607421876,6.907521498587625,399.321769071394,371.69168307704354,1.3280898244640298
2021-04-27,393.2642517089844,393.8482570828888,392.1151262065689,393.6504362932442,51303100,389.9945046561105,388.8314751272917,-0.00021552826030912797,2.725076958136502,67.23439082132168,386.5305801391602,6.423598665826133,399.3777774708124,373.68338280750794,1.7331308763198763
2021-04-28,393.1512756347656,394.66775815034,392.6803229737885,393.5374602661272,51238900,390.5919494628906,389.4074485282882,-0.00028727776228776314,2.3921187121098058,64.8497733624175,387.5982330322266,5.562956571642159,398.7241461755109,376.47231988894225,1.9874351765514575
2021-04-29,395.6567077636719,396.2783686634954,392.2470154375485,395.9016123212386,78544300,391.16852896554127,390.24068309300606,0.006372692355788745,2.5771539809773554,64.48136196752975,388.715803527832,4.722036654750087,398.1598768373322,379.2717302183318,4.03135322594693
2021-04-30,393.0570068359375,394.2249887660471,392.15278594219455,393.3678516318473,85527000,391.54932294573103,390.61619292539694,-0.006570597380816334,2.418310453632977,58.78877950220554,389.5018249511719,3.9779501505065142,397.4577252521849,381.5459246501589,2.0722028238525354
2021-05-03,393.90472412109375,395.4494335370976,393.4055155681296,395.063248996931,68128300,391.9085911342076,391.05466375148984,0.0021567285925780944,2.3634337514047057,58.37518001441132,390.05942993164064,3.7576098845303845,397.5746497007014,382.5442101625799,2.043917968968003
2021-05-04,391.47467041015625,392.3977479386158,387.75416177685815,391.898539286769,101591200,392.1891435895647,391.11066463931206,-0.006169140815357355,2.0129955621757354,56.30864851087191,390.50683441162107,3.320816982538593,397.14846837669825,383.8652004465439,4.643586161757639
2021-05-05,391.5970764160156,393.367862743754,391.0319275622129,393.1323864500582,60162200,392.18106951032365,391.1755195428725,0.00031267924877775854,2.015290126058264,49.79135967699053,390.9382263183594,2.81144255778144,396.5611114339223,385.3153412027965,2.3359351815411173
2021-05-06,394.7243041992188,394.8561560084313,389.6474202787666,391.6725111466173,74321400,392.30284990583147,391.64869083038536,0.00798583026161559,2.1187038806608327,52.948988780889074,391.4350891113281,2.5312771724774876,396.4976434562831,386.3725347663732,5.2087357296646815
2021-05-07,397.5970153808594,398.2563605136776,394.8089840587109,395.4965851975261,67733800,392.7677481515067,392.4418007704486,0.007277766154958343,2.5097249458960844,60.90260233538451,391.93571014404296,2.71322800883202,397.362166161707,386.5092541263789,3.4473764549666726
2021-05-10,393.6598815917969,398.18101528367663,393.5374293104279,397.9549672224827,81852400,393.15594700404574,392.60421154662833,-0.009902322293066312,2.147159171813583,58.78774540620507,392.23240966796874,2.548065283492239,397.3285402349532,387.13627910098427,4.643585973248719
2021-05-11,390.1464538574219,391.1448708370078,386.2375539379497,389.1009531266826,116888000,393.03080095563615,392.27651052140084,-0.008925033763075296,2.273432063202263,47.15230842031016,392.2959838867188,2.4746937131913227,397.24537131310143,387.3465964603361,4.90731689905806
2021-05-12,381.85784912109375,388.6207225951389,380.5297591361344,387.3397451242014,134811000,392.5692705426897,390.8873556680266,-0.02124485473180071,3.5824856426257656,40.89219714645578,392.01152954101565,3.253669886703626,398.5188693144229,385.5041897676084,8.090963459004513
2021-05-13,386.4448852539063,388.3946360223145,383.37426493716674,383.4213774465199,106394000,392.1346522739955,390.2950262794772,0.012012418085343368,3.9390223124374697,41.51342056202071,391.7482681274414,3.484186324013333,398.7166407754681,384.77989547941473,5.020371085147758
2021-05-14,392.3788757324219,393.2360129578294,389.1764036367822,389.2046596444476,82201600,392.0653555733817,390.5728728732032,0.015355334499036699,3.924522142448681,48.81582260657597,391.716242980957,3.4748189216611887,398.6658808242794,384.76660513763466,4.059609321047219
2021-05-17,391.3804016113281,392.1998832039105,389.3458831209782,391.25797809234086,65129200,391.9307948521205,390.6805433716199,-0.0025446683877412557,3.912530957004005,47.75072838068476,391.7308410644531,3.4726552476880204,398.6761515598291,384.7855305690771,2.8540000829322594
2021-05-18,388.0084228515625,391.889067601045,387.8482863230199,391.6441630555087,59810200,391.56344822474887,390.32426063561223,-0.008615604526652443,4.028827845460638,44.30292363894029,391.7200073242187,3.4844856754473574,398.68897867511345,384.751035973324,4.040781278025065
2021-05-19,386.9911804199219,387.1701447184762,381.7824454941061,383.2801001493063,106467100,390.9444819859096,389.8798499401869,-0.0026217019315319945,4.017232972957492,40.07332993998243,391.47464141845705,3.6405394644329063,398.7557203473229,384.1935624895912,5.387699224370067
2021-05-20,391.1544494628906,392.4260274241322,387.7541849740873,387.8766085230831,78022200,390.808585030692,390.0497965432141,0.010758046316329928,3.972200157755046,47.89592590667594,391.61640014648435,3.565634944178106,398.74767003484055,384.48513025812815,4.671842450044892
2021-05-21,390.8341674804688,393.9047877996224,390.3726431053814,392.652037717718,76578700,390.5892595563616,390.15437933484804,-0.000818812064803609,3.8715926867322104,46.564130583253714,391.53163146972656,3.5629352600100757,398.6575019897467,384.4057609497064,3.5321446942409693
2021-05-24,394.81842041015625,395.901605655156,392.8498132215286,393.0947177749717,51376700,390.8280988420759,390.7762514782225,0.010194228809042194,4.030300803825402,53.61580011721783,391.60510101318357,3.617121099980274,398.8393432131441,384.37085881322304,3.0517924336273836
2021-05-25,393.9424133300781,396.2689202747315,393.3584367175576,395.9109917071441,57451400,390.99562290736606,391.19840639180325,-0.0022187593962006424,4.112625469189539,52.49548324416719,391.6390090942383,3.6366192271527313,398.91224754854375,384.36577063993286,2.9104835571739045
2021-05-26,394.7243041992188,395.2329124207593,393.4904104206584,394.5359116207189,43088600,390.99562290736606,391.6685260994587,0.0019847846859930574,4.112625469189539,50.0,391.71766052246096,3.6876990652040513,399.09305865286905,384.3422623920529,1.7425020001008988
2021-05-27,394.931396484375,396.2783138754394,394.6488077082524,395.7602775695416,56707700,390.8052215576172,392.1035754841142,0.0005246504533749086,3.8358866277495762,46.8251839348426,391.68139495849607,3.65029966582734,398.98199429015074,384.3807956268414,1.629506167187003
2021-05-28,395.6378479003906,396.7775450852453,395.4023716125062,396.5138127926013,58520200,390.94650486537387,392.57481180628434,0.0017887952750892389,3.9827327370087957,52.55221459173388,391.81043701171876,3.7458555355465695,399.3021480828119,384.3187259406256,1.3751734727391067
2021-06-01,395.289306640625,398.16210555732096,394.8466101154801,398.0208255481601,54216600,391.3138514927455,392.9367444508631,-0.0008809603570925084,4.1374343287984905,57.22612951555377,391.8796661376953,3.7990156767473775,399.4776974911901,384.28163478420055,3.3154954418408806
2021-06-02,395.9109802246094,396.7587178578517,394.9314195618658,395.9486644792269,49097100,392.3176465715681,393.333309220696,0.001572705290886045,3.28340658706138,75.16842055785665,392.10148162841796,3.9022349306169075,399.9059514896518,384.29701176718413,1.8272982959858837
2021-06-03,394.441650390625,395.59077594307,392.09631552119777,393.5751136594044,58138800,392.88884408133373,393.4810880433532,-0.0037112631560528575,2.850157876927139,66.1222008657966,392.24371032714845,3.9345881666604616,400.11288666046937,384.3745339938275,3.4944604218722475
2021-06-04,398.0491333007813,398.3505498559528,394.50756063917817,396.3066029754855,55938800,393.29386247907365,394.0901607443436,0.009145796105922699,3.158336435051689,62.615167559038596,392.4099517822266,4.11118859942094,400.63232898106844,384.18757458338473,3.8429892167746402
2021-06-07,397.6629638671875,398.218684493066,396.7210586549191,398.0397202031617,51555000,393.74261692592074,394.56653449405616,-0.0009701551926304397,3.308317538684668,64.36890235816199,392.41324920654296,4.115591995713931,400.64443319797084,384.1820652151151,1.4976258381469165
2021-06-08,397.7477416992188,398.6237066695183,395.9016154861358,398.5295103970345,47134300,394.4382825578963,394.9906954547445,0.00021319016286258652,3.0213252001285085,76.21695955626248,392.61764221191413,4.279024974195964,401.1756921603061,384.0595922635222,2.7220911833824744
2021-06-09,397.15435791015625,398.6708403671456,396.9283098399141,398.59547184728615,48436300,395.1642238071987,395.2791837821328,-0.0014918596056071598,2.205049150781411,77.99680206604674,392.96803741455085,4.352316511738865,401.6726704380286,384.2634043910731,1.7425305272315086
2021-06-10,399.0004577636719,399.9612194878292,397.06013530364106,398.3882251175844,51020100,395.72465297154025,395.77535364633803,0.0046483182590011385,2.1022041847475257,74.77670913401289,393.82516784667973,3.6861824579132456,401.1975327625062,386.45280293085324,2.9010841841881643
2021-06-11,399.6597290039063,399.77275301062986,398.2562996793202,399.5561332459633,45570800,396.35505022321433,396.2932703606805,0.0016523069771134935,1.8282984304471075,77.28583343711867,394.4859100341797,3.471787110930868,401.42948425604146,387.54233581231796,1.5164533313096626
2021-06-14,400.55462646484375,400.65822224248575,398.5201077229669,399.7728290285764,42358500,396.7647792271206,396.86145117456897,0.002239148445523531,2.0825224422832256,71.92224974691243,394.8946975708008,3.685393571026998,402.2654847128548,387.52391042874683,2.138114519518865
2021-06-15,399.8198852539063,400.7429338508384,398.93449216463415,400.7052783431784,51508500,397.1845986502512,397.255909051814,-0.0018343096356719935,2.062115103471734,72.70731494516318,395.3166717529297,3.7445141847026684,402.80570012233505,387.8276433835244,1.8084416862042758
2021-06-16,397.5875549316406,400.1872222514941,395.5248091715786,399.9611742218244,80386100,397.38911655970986,397.30012850245754,-0.0055833399102899195,1.9375615528573267,59.9472015775911,395.79562835693366,3.3526483086311716,402.500924974196,389.09033173967134,4.6624130799154955
2021-06-17,397.4557495117188,398.4447385015173,394.9597064108307,397.17318944168096,90949700,397.56942749023443,397.3208779703591,-0.0003315129417078566,1.804114220388393,58.81595607262691,396.31885681152346,2.6490028054776453,401.61686242247873,391.0208512005682,3.485032090686616
2021-06-18,392.0939025878906,394.84378856528497,391.88600435592303,394.1445076208059,118676300,397.3162885393416,396.62394791936333,-0.013490424859661232,2.2814642431924765,40.66023683981957,396.3658294677735,2.559421272224767,401.48467201222303,391.24698692332396,2.9577842093619324
2021-06-21,397.70709228515625,397.896101162333,393.0483147336762,393.8704485558544,72822000,397.488987513951,396.76836716813574,0.0143159321280375,2.2065035176973287,54.98779901233693,396.70947570800786,2.215970199312364,401.14141610663256,392.27753530938315,4.847786428656832
2021-06-22,399.8333435058594,400.6743955844537,396.9700347098301,397.697692988773,57700300,397.76915631975453,397.1770306798322,0.0053462743359340426,2.2394972861729276,57.61873147599282,396.960221862793,2.273704856983028,401.507631576759,392.41281214882696,3.704360874623603
2021-06-23,399.3513793945313,400.7215927864309,399.2663340534096,399.9089180787986,49445400,398.11985124860496,397.46694384179216,-0.0012054125028744256,2.0551781191448546,59.916956996644295,397.23067016601567,2.2168322831871494,401.66433473239,392.79700559964135,1.45525873302131
2021-06-24,401.7138671875,402.1390939154191,401.2602631723464,401.5154280478045,45110300,398.3816179547991,398.03320028788653,0.005915812276773735,2.267860505488979,57.79424936717063,397.5801483154297,2.347978387995675,402.2761050914211,392.88419153943835,0.8788307430726832
2021-06-25,403.1407775878906,403.5943816030887,402.1390939548632,402.46984508019256,58129500,398.77289036342074,398.7142105945538,0.003552056617763144,2.5847378365463545,61.156462838723954,397.9906173706055,2.5678381490794795,403.12629366876445,392.85494107244654,1.4552876482255215
2021-06-28,403.9534606933594,404.1235513759188,402.4603944152741,403.6699762224271,53159600,399.2161560058594,399.4127772743945,0.002015879193197234,2.9073898289962696,62.275007394619045,398.40639801025395,2.826980609311963,404.06035922887787,392.75243679163003,1.6631569606446988
2021-06-29,404.1708068847656,404.98348157153146,403.6321575661207,404.3408975626416,35970500,399.7173309326172,400.04718122244395,0.0005380476033878256,3.121500978624724,64.08822242620258,398.85047302246096,3.0036177018606756,404.8577084261823,392.84323761873964,1.3513240054107314
2021-06-30,404.5109252929688,405.19131673729856,403.6793325455991,403.70768098750034,64827900,400.1109357561384,400.64234709851394,0.0008415214617421007,3.362287246069613,61.77659512023338,399.28047027587894,3.171541347995159,405.62355297186923,392.93738757988865,1.5119841916994687
2021-07-01,406.7505798339844,406.91124024679766,405.2102470446854,405.2764030287087,53441000,400.61742510114397,401.45677812991,0.005536697283005321,3.795285814521744,64.19520026978779,399.89591674804694,3.371144485068119,406.6382057181832,393.1536277779107,1.7009932021122722
2021-07-02,409.8595886230469,410.2186881446413,406.8356199726015,407.9223776317537,57697700,401.28206525530135,402.57715286232826,0.007643526384969013,4.527554262465866,67.11078786899273,400.48643951416017,4.005374632787023,408.4971887797342,392.47569024858615,3.3830681720398275
2021-07-06,409.1130981445313,410.1336999627239,406.3537530422904,409.9163426328647,68710400,401.9458661760603,403.44861223328866,-0.00182133222995573,4.957527154016675,67.08180102719678,401.05894622802737,4.381236539451922,409.8214193069312,392.2964731491235,3.779946920433474
2021-07-07,410.5589599609375,410.8424733061706,407.7712661844188,409.8029820510667,63549500,402.87239510672435,404.39665859697516,0.0035341371932693377,5.281856512843088,74.55252909297411,401.69950714111326,4.789183308601439,411.27787375831616,392.12114052391036,3.0712071217517973
2021-07-08,407.2136840820313,407.9791210068765,404.0007062103237,405.1913986883966,97595200,403.5693904331752,404.77226199498267,-0.008148101016293707,5.1543828442279445,66.46681484746935,402.20247344970704,4.814875645532041,411.83222474077115,392.57272215864293,3.9784147965527836
2021-07-09,411.56060791015625,411.8630105833136,407.0152240719897,408.7351068320274,76238600,404.9598693847656,405.67737478367246,0.010674798018942111,4.389535668741841,84.01585275199507,402.8304809570312,5.180486817695026,413.1914545924213,392.4695073216412,4.847786511323932
2021-07-12,413.0347595214844,413.2899243782205,411.0408514976669,411.4755372894372,52889600,406.05470275878906,406.65835941538074,0.003581857891632678,4.35275454308262,81.31274150531027,403.49923248291014,5.596241646259815,414.69171577542977,392.3067491903905,2.2490728805536264
2021-07-13,411.6268310546875,413.7530515318782,411.36223588218553,412.24106675813374,52911300,406.8970947265625,407.32082230062167,-0.0034087408731120483,4.194434967622746,74.82128245016176,404.05284271240237,5.83229646438768,415.7174356411777,392.38824978362703,2.3908156496926836
2021-07-14,412.2410278320313,413.8286275558439,410.9842080910006,413.33721596852,64130400,407.81778390066967,407.97684970480964,0.0014921203648705639,3.80753445823325,76.9781654479586,404.6738998413086,6.016259401262177,416.70641864383293,392.64138103878423,2.8444194648433268
2021-07-15,410.8329772949219,411.570065784364,408.9146554032517,410.8896741911324,55126400,408.4691489083426,408.3576667168246,-0.0034156001999955388,3.4458320999832632,69.88068197695085,405.33617095947267,5.923450526704377,417.18307201288144,393.4892699060639,2.65541038111229
2021-07-16,407.6105651855469,412.0709036229316,407.2136869158977,412.02366582278,75874700,408.7884194510324,408.2580531793209,-0.007843606252332935,3.1043074139628186,59.0371392326336,405.8439117431641,5.640893310819326,417.12569836480276,394.5621251215254,4.857216707033899
2021-07-19,401.5909423828125,407.6766581791348,398.7559826828624,402.7438271476736,147987000,408.61966814313615,407.3691050731198,-0.014768073540964766,3.434055582513718,46.05418883419284,406.31876373291016,4.752224841302416,415.823213415515,396.8143140503053,8.920675496272395
2021-07-20,407.3460083007813,408.6312053468023,401.45873014617626,402.2619746951009,99608200,408.8464682442801,407.36602550347465,0.014330666632622613,3.2155307919869327,54.47529629562729,406.8007095336914,4.30017190038214,415.4010533344557,398.20036573292714,7.172475200626025
2021-07-21,410.64398193359375,410.7857530174931,407.2987495922263,408.5555692845411,64724400,409.2845437186105,407.8030863608239,0.008096246349803993,2.989245835535698,57.978973446830096,407.34124145507815,4.050478511674404,415.442198478427,399.2402844317293,3.4870034252668347
2021-07-22,411.5039367675781,411.7496425597341,409.8313205423136,410.8235451297453,47878500,409.6240692138672,408.2965330817245,0.0020941615409413306,2.9489701633814733,56.41428159617841,407.9488693237305,3.683727026289268,415.316323376309,400.58141527115197,1.9183220174205076
2021-07-23,415.7374572753906,416.0776386498609,412.7607548939521,413.4505767384188,63766600,410.04391697474887,409.2886563075466,0.010287922251892345,3.373012343758547,57.69809384187666,408.650048828125,3.7681549860176795,416.1863588001604,401.11373885608964,3.3168837559088047
2021-07-26,416.7580261230469,416.7674852184797,415.094869133102,415.14210693285446,43719200,410.58998325892856,410.2845722829466,0.0024548397787986787,3.8022458957370495,59.940999016650224,409.33091125488284,3.9463280821505236,417.2235674191839,401.4382550905818,1.6726160853776832
2021-07-27,414.8586730957031,415.7375039170535,412.0047944423978,415.7091554660005,67397100,410.8971056256975,410.89445239131413,-0.004557447987295515,3.9695201461078353,55.52591346828894,409.876171875,3.917501854751258,417.71117558450254,402.0411681654975,3.732709474655735
2021-07-28,414.68853759765625,416.07766932322886,413.25216806838233,415.4917821315344,52472400,411.43102373395647,411.40033041882646,-0.0004101047153656223,3.9385527892254144,60.46023389215533,410.40205841064454,3.815937051691499,418.0339325140275,402.77018430726156,2.825501254846529
2021-07-29,416.4083862304688,417.4951151746258,415.6146008580747,415.6240599535205,47435300,411.77729361397877,412.0680711937121,0.004147326190339973,4.157821921495726,57.32231228196983,410.9969314575195,3.7763751883325187,418.5496818341845,403.4441810808545,1.880514316551114
2021-07-30,414.3861389160156,415.85085680749216,413.68682912766326,413.8191411120321,68951200,411.87382071358815,412.3771468900192,-0.004856403908575335,4.204683188187173,52.00794071129038,411.3787094116211,3.7098681964052194,418.79844580443154,403.9589730188107,2.164027679828905
2021-08-02,413.5166931152344,416.6729449770687,413.1575935841132,416.11540632985,58783300,412.0088108607701,412.5290863867146,-0.0020981536763164943,4.226424223747997,52.853707787916775,411.56156463623046,3.721161705581064,419.0038880473926,404.1192412250683,3.5153513929554947
2021-08-03,416.88092041015625,417.0037733081604,412.10874861299,414.3200142609391,58053900,412.3402317592076,413.1093309231735,0.008135650509239145,4.423367771286007,56.46901645761345,411.94995574951173,3.8551226951167465,419.6602011397452,404.23971035927826,4.895024695170434
2021-08-04,414.8302917480469,416.8525483864436,414.59404506177066,415.586269608648,46732200,412.6257542201451,413.33879236648994,-0.004918979405658108,4.447537187017831,55.47502248795346,412.1635223388672,3.8921425659000235,419.94780747066727,404.37923720706715,2.2585033246729154
2021-08-05,417.4573669433594,417.5424122924626,415.68078719220455,416.0020792350527,38969700,413.32909720284596,413.88793564340585,0.006332891419867925,4.371360577886931,63.71051629658835,412.6757064819336,3.8804770549916854,420.43666059191696,404.91475237195027,1.8616251002580384
2021-08-06,418.1471862792969,418.5724418609244,417.4951431014454,417.77865643543294,46930000,414.5116860525949,414.45583572819135,0.0016524306206124884,2.964725791816236,77.07049911131371,413.0050354003906,4.0563688515037795,421.1177731033982,404.89229769738307,1.0772987594789925
2021-08-09,417.8069458007813,418.4400706969423,417.03204983832126,418.11877870149135,41222600,415.25889587402344,414.9026504045367,-0.00081368592132125,2.25252117197284,70.7846637432574,413.24364471435547,4.196158699556057,421.6359621134676,404.85132731524334,1.4080208586210574
2021-08-10,418.3266906738281,419.0448897688718,417.5707128759854,418.2605346858732,43339300,415.8076607840402,415.3591891071089,0.0012439833235673436,1.9583746101537547,67.15900710360688,413.5786376953125,4.325725206467814,422.23008810824814,404.9271872823769,1.474176892886419
2021-08-11,419.3662109375,419.4607153784783,418.2700228673064,419.4040184816326,44034300,416.3692517961775,415.89345868449436,0.002484948454992031,1.7449677262623275,67.42032983751547,413.9348968505859,4.4996752213123825,422.93424729321066,404.93554640796117,1.1906925111719033
2021-08-12,420.6230163574219,420.76478743344114,418.3078162447479,419.214995402262,38909400,416.71822030203685,416.524066374218,0.0029969162682712547,2.0675943495711464,62.469738936991554,414.4243988037109,4.6736172129710125,423.77163322965293,405.0771643777689,2.456971188693217
2021-08-13,421.3884582519531,421.4073476029568,420.5852138343907,421.07659650881885,39470300,417.04896545410156,417.17265195791606,0.001819781288147082,2.415532241935232,61.97451203843713,415.11329345703126,4.631639119710124,424.3765716964515,405.85001521761103,0.8221337685661183
2021-08-16,422.3807373046875,422.5130204562231,418.5062857839432,420.0749672811697,73740000,417.5862557547433,417.8670633374856,0.002354784601483084,2.7095447597325424,70.40993258047368,416.152783203125,3.6702252951718903,423.4932337934688,408.81233261278123,4.00673467227989
2021-08-17,419.6119384765625,420.48131016575104,416.59742833687983,419.8009185296128,92673900,417.93792724609375,418.0997133560292,-0.006555220405630613,2.6226297241052845,61.70781904949897,416.7660797119141,3.101988661796847,422.97005703550775,410.5621023883204,3.8838818288712105
2021-08-18,415.0192260742188,420.1694148031642,414.7735491578766,418.5912744236603,89351900,417.8387015206473,417.68898171845456,-0.010945142359433224,2.7097815281628983,47.09368399815098,416.98484191894534,2.7856645985824606,422.55617111611025,411.4135127217804,5.395865645287643
2021-08-19,415.6618041992188,416.8714147677765,412.1275634401616,412.2693056665697,92812200,417.9298204694475,417.41869138255646,0.001548309294194139,2.604144082395217,52.83237996891247,417.19273529052737,2.4950934199438497,422.1829221304151,412.20254845063965,4.743851327614891
2021-08-20,418.9693298339844,419.30008097859087,415.5201338144212,416.0115454025365,72008700,418.31929452078685,417.6254431760802,0.007957251788235808,2.281052209726654,60.92388885356403,417.35432891845704,2.5005319051990007,422.35539272885507,412.353265108059,3.7799471641696982
2021-08-23,422.6547546386719,423.57139287813874,419.0448985748989,420.67027682925135,54973000,418.7317112513951,418.2960180377591,0.008796407140703622,2.5113229413004685,61.42040179687067,417.64916534423827,2.7606340023319387,423.1704333489021,412.1278973395744,4.526494303239815
2021-08-24,423.32568359375,423.8643329218765,422.8059524559679,423.32568359375,38744700,419.3385249546596,418.9666401118912,0.0015874160830195994,2.522453711646189,67.77360784248643,418.0725158691406,2.9527186483591823,423.977953165859,412.1670785724222,1.0583804659086127
2021-08-25,424.2139892578125,424.73372041504905,423.1366905612345,423.5147083178129,40529700,419.8211408342634,419.6662866646807,0.0020983977549422494,2.7691513410119635,65.24499995180028,418.5487884521484,3.14041629729812,424.82962104674465,412.2679558575522,1.597029853814547
2021-08-26,421.7097473144531,424.1666895081874,421.6152428826856,423.9304428481204,57829600,420.0756094796317,419.93874808465034,-0.0059032516766849286,2.767180451245693,57.42988144063511,418.81385650634763,3.173800591336971,425.1614576890216,412.4662553236737,2.5514466255017965
2021-08-27,425.4802551269531,425.8582440333949,422.4657452932493,422.5224421872804,77235100,420.6237030029297,420.67761569029074,0.008941002280624222,3.030643597403424,63.9999287305916,419.36856231689455,3.3250992107227213,426.01876073834,412.7183638954491,3.3924987401455837
2021-08-30,427.3513793945313,428.14516482443,425.914981040584,426.1606868303292,48357400,421.26832362583707,421.5674508508562,0.004397675908650367,3.437018738491647,65.69172955470928,420.0602966308594,3.4791142141065428,427.0185250590725,413.1020682026463,2.23018378384603
2021-08-31,426.71820068359375,427.5970314113019,426.1134241793354,427.256850034914,59300200,421.793465750558,422.25421749522116,-0.0014816348828325943,3.6772958214823923,62.966539213406705,420.5521606445312,3.6946698993984524,427.94150044332815,413.1628208457343,1.4836072319664595
2021-09-01,426.9450378417969,428.18296828079184,426.7087911345275,427.6632370602829,48721400,422.2450387137277,422.87966020809796,0.0005315853831397988,3.9037107446969417,61.57036610077098,421.15789794921875,3.7002977774189247,428.5584935040566,413.7573023943809,1.474177146264367
2021-09-02,428.2585144042969,429.0711891038391,427.04893261143314,428.3813672864846,42501000,422.73575701032365,423.5968407675912,0.0030764535152805195,4.207715861809349,62.3261014306114,421.6979553222656,3.913831439388751,429.52561820104313,413.8702924434881,2.0222564924059725
2021-09-03,428.154541015625,428.67430097916696,426.7087125868298,427.1150787659493,47170500,423.1481715611049,424.2045341339957,-0.00024278183661219366,4.446427489910035,60.700308121094764,422.19832305908204,4.072472640606359,430.34326834029474,414.05337777786934,1.9655883923371675
2021-09-07,426.6236877441406,427.8994255575904,425.94329616621445,427.8049211197968,51671500,423.64901079450334,424.52708794868175,-0.003575468959999939,4.412236792600722,63.619453635612444,422.63916015625,4.049226997104451,430.7376141504589,414.5407061620411,1.9561293913759528
2021-09-08,426.10400390625,426.822203106779,424.1667636518516,426.0851145520761,56181900,424.44078063964844,424.7373434096909,-0.001218131699715408,3.6779911920510284,75.57792681518434,423.0280258178711,3.9862392600363203,431.0005043379437,415.05554729779846,2.655439454927375
2021-09-09,424.2801513671875,427.67265025884586,424.0344455896096,425.9055296923127,57970400,425.0563768659319,424.67638447069044,-0.004280298993538101,2.6819769135502316,68.85859824292868,423.27372283935546,3.899146701338777,431.072016242033,415.4754294366779,3.638204669236245
2021-09-10,420.9349060058594,426.652064386364,420.8120531124797,426.22683764625054,89948200,425.196775163923,424.17752067537964,-0.007884520052490074,2.3723960474072463,54.29396972193997,423.28931732177733,3.888596760450254,431.0665108426778,415.51212380087685,5.840011273884272
2021-09-13,422.0121154785156,424.2234095652315,419.6779973547184,423.9588144630429,83738600,425.15087236676897,423.88879998246443,0.0025590880140533567,2.4308610234749386,48.415538527289044,423.3205001831055,3.875028301904019,431.0705567869135,415.57044357929743,4.5454122105131205
2021-09-14,419.73480224609375,423.67538107683646,418.8370532450471,423.4674828259998,78197100,424.89438084193637,423.33493361761504,-0.005396321927486958,2.7997194909409293,41.79632268661965,423.1882034301758,3.9531803937277026,431.0945642176312,415.2818426427204,4.838327831789343
2021-09-15,423.2406921386719,423.74153398857976,419.0449484441306,420.1600259456299,78792200,424.8248596191406,423.32236808708933,0.00835263093223948,2.8298364831409346,48.01395394600008,423.36964111328126,3.862639952639237,431.0949210185597,415.6443612080028,4.696585544449135
2021-09-16,422.5697326660156,423.694240353545,419.5930013679163,422.71147490909016,77786700,424.8862871442522,423.22201669761284,-0.0015852905571669407,2.7656201823491093,51.89673879389488,423.7471664428711,3.336715020089601,430.4205964830503,417.0737364026919,4.101238985628697
2021-09-17,418.4533996582031,422.2170166278944,418.0931496869789,421.7904276602023,118425000,424.3843688964844,422.58620109235824,-0.009741192256819575,3.2455277082912173,34.73480016865874,423.8867462158203,3.0244695862039723,429.93568538822825,417.8378070434124,4.123866940915491
2021-09-20,411.47607421875,413.8650594874036,406.5653388809845,412.2724026416345,166445500,423.2504185267857,421.10485084254384,-0.016674079945705467,4.613975120696396,21.774356325406416,423.51208343505857,3.979138103186218,431.470359641431,415.55380722868614,7.2997206064191005
2021-09-21,411.08734130859375,415.1448403265888,410.5564557496855,413.8365762953173,92526100,422.13392857142856,419.7691829046838,-0.0009447278578573748,5.513739483746373,21.965285014931652,422.9337127685547,4.854657083271124,432.64302693509694,413.22439860201246,4.588384576903309
2021-09-22,415.097412109375,417.1546152981339,411.2010883065246,413.3815090179032,102350100,421.28766959054127,419.146280131976,0.009754790278913017,5.6265635916481385,31.28982664475427,422.5222991943359,5.158819514288967,432.8399382229139,412.20466016575796,5.953526991609294
2021-09-23,420.140869140625,421.7619940328016,416.746991495332,416.9839950131375,76396000,420.7078377859933,419.2788919997959,0.0121500565508732,5.2592222078769355,38.53145110456338,422.3186431884766,5.168909257303742,432.65646170308406,411.9808246738691,5.015002537469627
2021-09-24,420.83294677734375,421.5534467584412,418.2732971095146,418.4913507698717,62094800,420.1848667689732,419.48609930346896,0.0016472514043548436,4.806291699414956,39.82518490873312,422.2748031616211,5.178055599181703,432.6309143599845,411.9186919632577,3.280149648926624
2021-09-27,419.6290283203125,420.9657029114412,418.9274781242111,419.7901745363332,61371100,419.6852482386998,419.50515650571475,-0.0028607989613232965,4.4346676058588965,40.190387820383876,421.98224182128905,5.152650291114058,432.2875424035172,411.6769412390609,2.0382247872300923
2021-09-28,411.1727294921875,417.16418631824087,410.433279556327,416.8323755543462,130436300,418.6187286376953,418.39416623724446,-0.02015184426581207,4.565755917929015,32.87253363056023,421.1733093261719,5.5220933211738785,432.21749596851964,410.1291226838241,6.730906761913843
2021-09-29,411.8647766113281,414.32012989284937,411.2959623108416,412.56629785430647,82329200,417.73191615513394,417.52358095378895,0.001683105589213918,4.587220573511707,35.37884184248868,420.4306381225586,5.7319443248090005,431.8945267721766,408.9667494729406,3.024167582007749
2021-09-30,406.830810546875,414.0641342862218,406.4895104050735,413.3531236661562,140506000,416.72448076520647,416.0978782328671,-0.01222237576582963,5.319916846233519,34.02547970603423,419.4249267578125,6.2682883104443965,431.9615033787013,406.8883501369237,7.574623881148341
2021-10-01,411.6656494140625,413.362602819262,405.0200899897249,408.5751430019303,129240100,415.9854474748884,415.50691439035984,0.011884151204497817,5.247021200203902,39.200658982361524,418.5952835083008,6.134223599798337,430.86373070789745,406.3268363087041,8.3425128295371
2021-10-04,406.3568420410156,411.4002558638035,404.1953417769793,410.4901702844349,128570000,415.02987888881137,414.2869047437806,-0.012895920222158685,5.709471429550832,36.86754394321489,417.5053985595703,6.281084157597362,430.067566874765,404.9432302443756,7.204914086824203
2021-10-05,410.5848693847656,412.8506078016938,407.0677455437704,407.87353429928703,90682500,414.12589154924666,413.79330002924524,0.010404715526663333,5.296405049209616,37.750104567162836,416.7034576416016,6.076168665537859,428.8557949726773,404.55112031052585,5.782862257923398
2021-10-06,412.2913818359375,412.4999461232731,405.31401100707006,406.95405710507,113032200,413.3917236328125,413.59304427013757,0.004156296489271405,4.716547967271925,40.246839933396075,416.01282653808596,5.726362875276212,427.4655522886384,404.56010078753354,7.185935116203041
2021-10-07,415.8558349609375,418.7188268963061,415.4197566108954,415.5998815898221,72437500,413.20618329729353,413.89474969557756,0.008645470853956283,4.550275130180565,47.50907353115904,415.59161071777345,5.385951193845753,426.36351310546496,404.81970833008194,3.2990702854107212
2021-10-08,415.097412109375,417.0219083772001,414.46225890637095,416.633219150528,74557400,413.46485028948103,414.05510468408386,-0.0018237638811385848,4.547288264623236,53.94295435817007,415.2997360229492,5.237267999969426,425.77427202288806,404.8252000230104,2.559649470829129
2021-10-11,412.09228515625,417.3727310686994,412.0259172203579,414.4338813320568,65233300,413.536631992885,413.793395413706,-0.007239570436862075,4.514685838035809,51.03521295899262,414.8037445068359,5.033896144048331,424.8715367949326,404.73595221873927,5.346813848341526
2021-10-12,411.0778503417969,413.4289356159164,410.2815220064724,413.0212965152908,71181200,413.249520438058,413.43132273745147,-0.002461669026559199,4.535556592228353,45.58701040585446,414.3708969116211,4.9592121269397795,424.28932116550067,404.45247265774157,3.1474136094439586
2021-10-13,412.5568237304688,413.3815914777197,409.1060669936455,412.1112558872173,72974000,412.70780290876115,413.3147228698538,0.003597793915294245,4.079095754468963,40.966622368654534,413.8367034912109,4.508426352884722,422.8535561969804,404.8198507854415,4.275524484074197
2021-10-14,419.4962768554688,419.64796259679787,415.7800485206484,416.2540556131405,70236800,412.61232648577015,414.1389300679358,0.016820599553417415,3.885328255024085,48.61413982379965,413.6830307006836,4.239444607212147,422.1619199151079,405.20414148625935,3.867914076149475
2021-10-15,422.6910095214844,423.0607488788791,421.0035457109397,421.62923844039,66260200,412.831039428711,415.2792073284089,0.007615640095695708,4.367019187752118,53.04880457446789,413.89491119384763,4.5824282034301005,423.05976760070786,404.7300547869874,2.057203167939406
2021-10-18,423.94244384765625,424.283715049735,420.2262157043693,420.8898371720941,62213200,413.74316188267306,416.4343055309753,0.0029606362519718488,5.240279710253427,64.84462803818951,414.51822967529296,5.059155005809073,424.6365396869111,404.39991966367484,4.057499345365727
2021-10-19,427.2131042480469,427.27944324995207,424.9662864430067,425.58251877644767,46996800,414.8394709995815,417.8714786932515,0.007714868958876631,6.31281610525199,66.83305575786136,415.32451782226565,5.724797270588786,426.77411236344324,403.87492328108806,2.313156806945358
2021-10-20,428.89111328125,429.1944847726657,427.5638991701788,427.6776562466852,49571600,416.41520690917974,419.34076330498465,0.003927803282524955,6.887112885636735,76.11682756228684,416.0142028808594,6.477411754622138,428.96902639010364,403.05937937161514,1.6305856024869172
2021-10-21,430.0096740722656,430.2371881781703,427.8482032728958,428.284281619577,41305400,417.7254943847657,420.7632847406221,0.0026080297688102494,7.619991449525098,73.81251757920049,416.5076431274414,7.149363503691751,430.8063701348249,402.2089161200579,2.3889849052745262
2021-10-22,429.5641784667969,431.0336177971146,427.6017821805365,429.5736678665005,58845100,419.3831612723215,421.9367372374454,-0.0010360129837309051,7.479580703594428,84.47900948871221,416.94420471191404,7.674659994915942,432.2935247017459,401.59488472208216,3.4318356165780983
2021-10-25,431.8677673339844,432.1995780211296,428.8720685449763,430.663799965814,45214500,420.90336826869424,423.2608745836506,0.005362618632236638,7.712999494017882,83.53765037644605,417.55614166259767,8.357545665942885,434.27123299448346,400.8410503307119,3.3275094761532955
2021-10-26,432.2565002441406,434.65497475606185,431.8773003909658,433.4320573994052,56075100,422.3294481549945,424.4602913383826,0.0009001202209555359,7.8428317937010394,82.8243236869859,418.61033020019534,8.826542339177704,436.26341487855075,400.9572455218399,2.777674365096061
2021-10-27,430.3414916992188,433.39409803736487,430.2656343753002,432.72101617582206,72438000,423.36413792201455,425.2444513864941,-0.004430259681092674,7.8785353492812185,75.18138046502168,419.53416595458987,9.047527578860427,437.62922111231074,401.439110796869,3.1284636620646893
2021-10-28,434.4938659667969,434.5696943715223,431.773069898886,431.7825303675412,51437900,424.74959891183045,426.4777066638678,0.009649021411303638,8.017222858790152,80.1593801692502,420.9173187255859,9.117514967868352,439.1523486613226,402.6822887898492,2.7966244726363243
2021-10-29,435.3755493164063,435.669431422796,431.8773743792127,432.1712564856025,70162400,426.41268920898443,427.6640856842063,0.0020292193254503044,7.59335372627361,88.76261779487604,422.1028137207031,9.388659406840226,440.88013253438356,403.3254949070227,3.79205704358327
2021-11-01,436.1244201660156,436.7501129516395,434.38007767174366,436.3708841619804,48433600,428.20172991071433,428.7921302817809,0.001720057202994285,6.586223225006432,92.07021766944442,423.5911926269531,9.116659047253837,441.8245107214608,405.3578745324454,2.3700352798958306
2021-11-02,437.8877258300781,438.200586697942,436.1623331504349,436.29506901706696,48908400,430.01108006068637,430.0048763548872,0.004043125270057679,5.314286469605234,92.14524428250692,424.9563354492187,9.110751573185484,443.1778385955897,406.73483230284774,2.038253547507111
2021-11-03,440.5611572265625,440.9687963863652,436.8733681263684,437.318935954624,52509800,431.5157143729074,431.41238047111057,0.006105289641120892,5.085344166748597,90.84575218473965,426.36982421875,9.234547528259505,444.838919275269,407.900729162231,4.095428259996822
2021-11-04,442.6372985839844,442.7226163873596,440.8170986520242,441.16785926515433,52847100,432.9404493059431,432.90903621949377,0.004712492972579918,5.215254796218717,90.43063325654666,427.70889739990236,9.565521708066957,446.8399408160363,408.5778539837684,1.9055177353354225
2021-11-05,444.173095703125,446.1828811950466,442.6468067152196,444.8841063591028,66390600,434.385495867048,434.4109108173113,0.0034696513919041383,5.331758857056319,90.53969100409012,429.16268157958984,9.755525832532427,448.6737332446547,409.65162991452496,3.5360744798269934
2021-11-08,444.55224609375,445.7846817855233,443.8602143149003,445.2822354684964,50405200,435.62400599888394,435.7630888541698,0.0008536095371216579,5.5470323903172005,89.29969136784518,430.78567962646486,9.461815809366678,449.7093112451982,411.8620480077315,1.9244674706229716
2021-11-09,443.0828552246094,445.1590085143301,441.6608340086963,444.9220049783446,51149100,436.63770185198103,436.73905770356174,-0.0033053277360581834,5.518645777855126,82.47310521471853,432.3859298706055,8.622489521739867,449.63090891408524,415.1409508271257,3.498174505633756
2021-11-10,439.5183410644531,443.0828837329718,438.02049135033377,441.3764408054246,69429700,437.316892351423,437.1096288183473,-0.00804480272284358,5.217057818194518,69.56718330025882,433.7340057373047,7.376815936187918,448.4876376096805,418.9803738649289,5.062392382638052
2021-11-11,439.66058349609375,441.1015837545541,439.6416336252037,441.0257264087927,34848500,438.0380641392299,437.44975610871353,0.00032363252758949024,4.738849850384284,71.03923341765851,434.7422210693359,6.672852664163174,448.0879263976623,421.3965157410096,1.459950129350375
2021-11-12,442.9785461425781,443.5378710000121,439.9828180604019,440.940321576754,53466700,438.8316911969866,438.1869281132288,0.007546645687681597,4.552725792344873,72.21391073873505,435.7565979003906,6.274587152316886,448.30577220502437,423.20742359575684,3.5550529396102206
2021-11-15,443.1302185058594,444.4384825771468,441.9926189581572,444.277336383492,46980500,439.60838535853793,438.8460334989129,0.00034239211944231407,4.263022630212737,71.94800138965212,436.71598663330076,5.823843660890171,448.3636739550811,425.06829931152043,2.445863618989563
2021-11-16,444.884033203125,446.0311221054365,442.788930248733,442.8647586432186,48857500,440.6471383231027,439.6511001261412,0.003957786275959885,3.5421064927922945,79.54557854847025,437.5995330810547,5.643930458444468,448.8873939979436,426.31167216416577,3.2421918567035277
2021-11-17,443.8034057617188,444.7988091537525,443.17771288374655,444.61868413140746,47858300,441.31210545131137,440.20474087755156,-0.0024290092715303357,3.1502559699720036,71.61128798473192,438.34514770507815,5.4132279836306845,449.17160367233953,427.51869173781677,1.6210962700059213
2021-11-18,445.3106689453125,445.5761117332892,442.09688729303895,444.84612236803264,50625600,442.02175685337613,440.88553128658634,0.003396240686811991,2.810814342592668,72.41255390512703,439.11019744873045,5.252017407435309,449.6142322636011,428.6061626338598,3.4792244402502774
2021-11-19,444.5143127441406,446.4577299346488,444.1445733852414,445.1968550723996,57315600,442.62103489467074,441.3693688142602,-0.001788316015553737,2.305765031801578,68.88622649182788,439.85770416259766,4.872007627301382,449.6017194172004,430.1136889079949,2.313156549407381
2021-11-22,443.2629699707031,448.9226154363342,443.0544057066176,446.4103837992322,72762000,443.0049809047154,441.62184896845264,-0.0028150786995193577,1.8617453218481146,62.38552237798436,440.4274642944336,4.5436880489149125,449.5148403922634,431.3400881966038,5.868209729716568
2021-11-23,443.8507690429688,444.7134654336498,440.3052052054575,442.9311941149766,73206500,443.23995317731584,441.91903831172147,0.0013260730358426454,1.7327026289527907,58.38584502593705,441.007177734375,4.170636257608995,449.348450249593,432.66590521915697,4.408260228192262
2021-11-24,445.0357666015625,445.15901307051166,441.0067064485716,441.8314741332673,61858800,443.41127232142856,442.3346020837003,0.0026698107590277242,1.786276940644701,56.40516174881384,441.7418914794922,3.4194991398970744,448.5808897592864,434.90289319969804,4.152306621940056
2021-11-26,435.1100158691406,439.7837182585969,433.97238742053656,438.3048186340675,112669600,442.76390947614397,441.37132392175903,-0.022303265214430157,2.8276599687619965,33.28639686639984,441.7726989746094,3.3528890231588666,448.47847702092713,435.06692092829167,5.811330838060314
2021-11-29,440.4474182128906,442.30551800791335,437.7266219945471,439.9449718269014,86268800,442.47070748465404,441.2481364939099,0.012266788051496391,2.840747895722509,43.600432769027115,442.0262924194336,3.0187317298001224,448.06375587903386,435.98882895983337,4.578896013366261
2021-11-30,431.8772888183594,439.9069691746004,431.6307959014083,437.98250176348944,148559600,441.6703098842076,439.99869013716983,-0.01945778097486517,3.9979313652123447,35.6969236138811,441.8139358520508,3.5571303901517566,448.92819663235434,434.69967507174727,8.276173273192114
2021-12-01,427.0804443359375,440.5138197653781,426.8813694326267,437.64133757891983,131939200,440.78188868931363,438.2762573636722,-0.011106961645393043,5.581342776499741,34.608165623713575,441.27357177734376,4.7916107394638265,450.85679325627143,431.6903502984161,13.632450332751432
2021-12-02,433.6216735839844,435.2048699703092,426.9002566212281,427.2984353004852,127637800,440.3505379813058,437.6556461930472,0.015316152576870579,5.8989862258518855,43.548613207602514,440.92659759521484,5.088000982189442,451.1025995595937,430.75059563083596,8.30461334908108
2021-12-03,429.8485412597656,436.3708535909832,425.58247805482233,435.2996220216376,137331600,439.41268048967635,436.61469886860965,-0.008701438498294856,6.465565209425407,36.10827335295581,440.2871597290039,5.6358184597036285,451.5587966484112,429.01552280959663,10.788375536160856
2021-12-06,434.93939208984375,436.83542026826586,429.9812679880761,432.4176711408111,98977500,438.82762145996094,436.39132463144085,0.011843359559063016,6.473876727374322,42.15401111663933,439.82547454833986,5.67877674332746,451.1830280349948,428.46792106168493,6.854152280189737
2021-12-07,443.9360961914063,444.5049105075848,434.80671465658895,440.2672858021465,95484700,438.7599116734096,437.3972941727696,0.020684960399503627,6.4103056732736565,49.202615949529346,439.79466705322267,5.653398883230939,451.10146481968457,428.48786928676077,9.69819585099583
2021-12-08,445.1115417480469,445.5665989025449,442.5613816653726,444.33419222269833,72238800,438.8533499581473,438.4258605161399,0.002647780990833848,6.498404459356031,51.09862311370777,439.8961013793945,5.733138464203728,451.362378307802,428.42982445098704,3.005217237172303
2021-12-09,442.1064147949219,445.2159001211101,441.9073399195555,443.8128287316838,61272600,438.62447466169084,438.91660108664416,-0.006751401999874562,6.307092920718948,47.37498706206658,440.02550506591797,5.753335566171521,451.532176198261,428.5188339335749,3.3085602015545987
2021-12-10,446.2680969238281,446.41978263413887,442.25801625727127,444.8366154703726,77159800,438.74974496024,439.896800531602,0.009413304104254339,6.448897019697158,51.36166671721461,440.3558807373047,5.918616286857054,452.1931133110188,428.51864816359057,4.161766376867604
2021-12-13,442.31494140625,446.0975083716029,442.0305198202775,445.74674778688825,87724700,438.6820286342076,440.21921931488845,-0.008858252572450542,6.402672367011348,49.29357300382355,440.3227005004883,5.904983990281917,452.1326684810521,428.51273251992444,4.06698855132538
2021-12-14,439.2717895507813,441.5280676867092,436.3234796534105,439.015836164766,97264100,438.3549586704799,440.09289534634087,-0.006880056653283284,6.233032775709617,46.7084035700277,440.12977905273436,5.871365686008371,451.8725104247511,428.3870476807176,5.204588033298705
2021-12-15,446.1354370117188,446.3819010022353,436.788003030271,439.3287027817876,116899300,438.43350655691967,440.8985675683913,0.01562505861793806,6.329876292386325,50.730830949557,440.1923492431641,5.931062120986834,452.05447348513775,428.3302250011904,9.593897971964282
2021-12-16,442.2012023925781,448.28743690413575,440.6369559336206,448.00304423764993,116568600,438.9400198800223,441.0722522116162,-0.008818475944194826,6.3271910252341526,55.12052732854814,440.112239074707,5.89040195568405,451.8930429860751,428.33143516333894,7.6504809705151615
2021-12-17,437.4949035644531,442.1279478308232,435.7729718973369,439.09315576938906,135511600,438.7291259765625,440.5952723919945,-0.01064289016551978,6.32228625638521,47.84838626746123,439.72145080566406,5.7857007555388344,451.29285231674174,428.1500492945864,6.354975933486287
2021-12-20,432.8428649902344,433.2424135455322,429.18970446381616,432.3671925930538,107134800,438.798095703125,439.5616180717599,-0.010633354894689417,6.246603668159887,50.74626936078397,439.13787841796875,5.86490280821136,450.86768403439146,427.40807280154604,4.052709081716046
2021-12-21,440.52972412109375,440.67242003563285,434.10814667217767,436.2962281157496,69806300,439.7587585449219,439.6906988783378,0.017759006218186935,5.262609078776937,59.950112391615924,439.00121612548827,5.7951519508923335,450.59152002727296,427.4109122237036,6.564273363455186
2021-12-22,444.9344177246094,445.0485744466195,440.0730310722735,440.2728343685282,58890200,440.56681169782365,440.389861391174,0.00999862974582122,5.11421881894036,58.64267302319162,439.05539855957034,5.847707330937938,450.7508132214462,427.35998389769446,4.975543374345989
2021-12-23,447.7028198242188,449.2154544072009,445.83819234889137,445.9428263297568,56439700,441.8421173095703,441.36492251557996,0.006222045293252432,4.41404814038914,63.85292035356325,439.18875122070324,6.019159643670275,451.22707050804377,427.1504319333627,3.3772620583095545
2021-12-27,454.0388488769531,454.0864045059877,449.044288453224,449.0918440822585,56808600,443.2063642229353,443.0547793637631,0.014152309907768723,5.025672119709517,64.53812800036424,440.13519287109386,6.783686530291735,453.7025659316773,426.5678198105104,5.042116052763674
2021-12-28,453.667724609375,455.5133355774401,452.8971377552869,454.476373379133,47274600,443.9014805385045,444.4698387298447,-0.0008173843901156941,5.75452251585661,58.5272574023801,440.79620819091804,7.429113290599367,455.65443477211676,425.9379816097193,2.6161978221531967
2021-12-29,454.2480773925781,455.275516893235,452.7639819845536,453.7724050430129,54503000,444.55409022739957,445.7736038848758,0.0012792463552544486,6.385766074498706,58.09018409947771,441.914747619629,7.694925924130915,457.30459946789085,426.52489577136714,2.5115349086814263
2021-12-30,452.9922790527344,455.6940944167048,452.52612945748064,454.6761486575626,55329000,445.33165196010043,446.73609390725693,-0.0027645650082926965,6.718868911287438,59.94733912554616,443.2103393554688,7.233364960553617,457.67706927657605,428.7436094343616,3.1679649592241503
2021-12-31,451.8506774902344,453.65822664131895,451.57480842658725,452.49761396100354,65237400,445.73040771484375,447.4180383849873,-0.002520134702708954,6.9407174943734296,55.399286903342336,444.12178955078133,7.108956200803338,458.339701952388,429.90387714917466,2.0834182147316938
2022-01-03,454.4668884277344,454.6000906272862,450.79471166049126,453.1254888580106,72668200,446.59840393066406,448.3578850573536,0.00578999007378167,7.234368360547572,62.06497229748196,445.3527069091798,6.622132786372614,458.59697248192504,432.10844133643457,3.805378966794933
2022-01-04,454.3146362304688,456.6264258469336,452.4404860664333,455.903394606168,71178700,447.67289297921315,449.1521185471023,-0.0003350127394149416,7.179386630678314,65.8447349438952,446.321469116211,6.433093949604803,459.1876570154206,433.4552812170014,4.185939780500291
2022-01-05,445.5908508300781,454.7237660763422,445.49571055020033,453.9436564271761,104538900,447.63399396623885,448.67728285149906,-0.01920207870205004,7.189825320975139,49.44801368443513,446.4042068481446,6.411404912006522,459.2270166721577,433.58139702413155,9.228055526141873
2022-01-06,445.17230224609375,447.9121800027986,442.78441743138745,445.1247466176713,86858900,447.8462153843471,448.2099521041117,-0.000939311440539381,7.059803967193948,53.242567942484605,446.407244873047,6.410774512958482,459.22879389896394,433.58569584713,5.127762571411154
2022-01-07,443.4122924804688,446.3709898930315,442.0423536516197,445.1818088980402,85111600,448.26888602120533,447.5702641542927,-0.003953547327057216,6.551216716709879,56.90191921485831,446.4725387573243,6.37119298880097,459.2149247349262,433.73015277972235,4.3286362414118
2022-01-10,442.8604431152344,443.0792337967704,434.38395907153614,440.1871670570501,119362000,448.9844273158482,446.9422880157516,-0.0012445513455374702,5.129558873666408,62.92006669112218,446.3021560668946,6.422307894530178,459.14677185595497,433.45754027783425,8.695274725234242
2022-01-11,446.8942260742188,446.9893663621023,439.56885939827777,442.5941579696336,74303100,449.4390345982143,446.9358797568806,0.009108474287315982,4.574632824962541,59.06251357951738,446.5311203002931,6.353941623287427,459.23900354686793,433.82323705371823,7.42050696382455
2022-01-12,448.1024169921875,450.1763707199029,446.1236325837057,448.64469049574,67605400,449.66532026018416,447.0914180549215,0.002703527697330399,4.410063246688565,54.96272541871158,446.9726516723634,6.12566215627445,459.2239759849123,434.7213273598145,4.052738136197149
2022-01-13,441.9281921386719,449.8719269057924,440.8912298061904,449.2154966810421,91173100,449.25284685407365,446.40298793275497,-0.013778601987820327,4.855309664325214,41.82614262424947,446.7622894287109,6.227323486612561,459.21693640193604,434.3076424554858,8.980697099602025
2022-01-14,442.1089477539063,442.4609406776112,437.5234589419788,438.750701838542,95890900,448.4007110595703,445.8304492422418,0.0004090158049425696,4.995582651725737,29.55001762934039,446.75767669677737,6.230912945597978,459.2195025879733,434.29585080558144,4.937481735632389
2022-01-18,434.27935791015625,437.58052537124496,433.1567780671375,437.3712283638399,109709100,447.01582772391185,444.29030373129706,-0.017709638955573204,6.007985426350748,23.532651442435963,446.5968994140625,6.517400731174973,459.6317008764124,433.56209795171253,4.423747304107451
2022-01-19,429.76995849609375,437.2475137331074,429.4940604101733,435.83954218993154,109357600,445.2673906598772,442.3542576999366,-0.010383637471885976,7.1873964222571844,19.821827788935465,446.4432540893555,6.884590243253636,460.21243457586274,432.67407360284824,7.753453322934092
2022-01-20,425.0132446289063,436.4198582888517,422.8727190543903,431.6726575274006,122379700,443.2688882010324,440.0421226237993,-0.011068046458697967,8.621096829060372,18.246716498448137,445.6674301147461,8.31229743886291,462.2920249924719,429.04283523702026,13.547139234461383
2022-01-21,416.6699523925781,426.2594939694307,416.64141321355646,423.8811322751707,202271200,440.7559792654855,436.9258332596365,-0.019630664083452265,10.78336809539274,15.683103899521527,444.2542068481445,10.546049129484937,465.3463051071144,423.16210858917464,9.618080755874246
2022-01-24,418.4394836425781,418.9532179518293,400.28783805400167,411.0094832495324,251783900,438.1825932094029,434.4609866440287,0.004246841510502808,11.532488833293073,14.266982586091956,442.7910400390625,11.97553152998139,466.7421030990253,418.83997697909973,18.66537989782762
2022-01-25,413.3307495117188,418.3253093866,406.3668990611703,411.9893499471079,167997300,435.2551727294922,431.64362169305406,-0.012209015474321516,12.29875583696351,12.989827548955276,440.7556350708008,13.34440903956903,467.44445314993885,414.06681699166273,11.958410325429725
2022-01-26,412.2938232421875,422.43516251974654,407.99372606956337,419.2766907456176,186391100,432.87681361607144,429.06364856627187,-0.0025087082699660757,13.32313539053807,15.08394941466149,438.6869400024414,14.402402011450947,467.49174402534334,409.8821359795395,14.441436450183176
2022-01-27,410.25787353515625,420.10429685224346,408.55498744898046,416.9363318189082,149878300,430.3829258510045,426.55621189545644,-0.004938103828529328,14.090209146770116,14.589074845799459,436.4874298095703,15.235796512170804,466.9590228339119,406.0158367852287,11.54930940326301
2022-01-28,420.4468688964844,420.4944245259815,407.0043614943406,411.6278835387071,164457400,428.74253845214844,425.74163282892687,0.02483558761110527,13.790271266864805,30.108916706182868,434.8601593017578,15.117765379983263,465.0956900617243,404.62462854179125,13.490063031640886
2022-01-31,428.0195007324219,428.3714936288745,418.410913382433,419.7713293459744,152251400,427.6824711390904,426.0453485493929,0.01801091266492927,13.17837889683613,38.53958597077986,433.66860046386716,14.639726815948407,462.94805409576395,404.3891468319704,9.960580246441452
2022-02-01,430.91162109375,431.5585285633514,425.1940297898535,428.7520499053993,123155400,426.54085649762834,426.6941848886405,0.006756982699104075,12.02815805458599,37.4364527538579,432.49083709716797,13.80198316361768,460.0948034244033,404.8868707699326,6.364498773497871
2022-02-02,435.0974731445313,435.8299980592065,431.0066738082989,433.3374797692181,117361000,425.61193193708147,427.8146233227593,0.009713945611762975,10.659159319398743,40.23428763140244,431.5299789428711,12.837960611828056,457.2059001665272,405.85405771921495,4.8233242509076035
2022-02-03,424.8705139160156,430.930574511838,424.0238032668743,429.0088688275248,118024400,424.39352634974887,427.4220754018601,-0.023504984192630474,9.569888631354148,37.925896291790416,430.493962097168,12.474447902285757,455.4428579017395,405.54506629259646,6.906771244963693
2022-02-04,426.8683471679688,430.7498204846375,422.2352744315703,424.63268148053504,118454400,423.304912022182,427.34824497067467,0.004702216761382827,8.163113262680792,39.48264460721344,429.5787643432617,12.003431163809982,453.58562667088165,405.57190201564174,8.514546053067193
2022-02-07,425.4984436035156,429.0469407851803,424.1570440806359,427.63896919758696,84472900,422.67770385742193,427.1016047883868,-0.0032091945292774815,7.570891081151969,43.34727232454376,428.6830718994141,11.577660094289506,451.8383920879931,405.52775171083505,4.889896704544412
2022-02-08,428.9993896484375,429.9317179242776,423.55769669774656,424.9942365130415,81012000,422.6226632254465,427.3546427697269,0.008227870389542646,7.51798006678182,49.40713058717787,427.9900192260742,11.088870224086206,450.1677596742466,405.8122787779018,6.374021226531056
2022-02-09,435.2782897949219,435.6017435295236,432.87138871246174,433.0711629829756,92589900,423.35588073730474,428.41112903975295,0.014636151700891498,8.23540111228339,57.71708392353136,427.4092224121094,10.3244756885633,448.058173789236,406.7602710349828,2.7303548170618797
2022-02-10,427.458251953125,435.44001971781694,425.44140562496176,429.3799579948629,140103700,424.1264735630581,428.2840787615359,-0.017965605051152966,8.064634260202036,58.17477235065835,426.37701416015625,9.106926776938558,444.5908677140334,408.1631606062791,9.998614092855178
2022-02-11,419.0292663574219,429.6367536501925,417.5832329068781,427.5438127901477,153214600,424.16860089983265,427.05010377432075,-0.019718851039112528,8.034124602771772,50.40593608533606,425.23206787109376,8.465777584972614,442.163623041039,408.30051270114853,12.05352074331438
2022-02-14,417.6593627929688,420.1138485127648,414.15842107160734,418.5155962964135,123006300,424.4777875627791,425.79800497680714,-0.003269231231416092,7.659513261562168,53.14095778839722,424.00958862304685,7.623875549978241,439.2573397230033,408.7618375230904,5.95542744115744
2022-02-15,424.3948364257813,424.5660714877648,421.6168973895355,422.1401543447967,88482700,425.3421456473215,425.61091583667036,0.016126715292029026,6.8150520625693245,58.110110282086545,423.51536254882814,7.23347902042585,437.98232058967983,409.04840450797644,2.949174098229321
2022-02-16,424.8705139160156,426.2594689347226,420.43724449435774,422.3304110013255,84863600,426.38590567452576,425.51219558058307,0.001120837129500618,5.271251722726946,60.00259869071109,423.27039031982423,7.092091195367068,437.45457271055835,409.0862079290901,5.822224440364835
2022-02-17,415.7947387695313,424.84203673384246,415.1858932197354,421.65502597909847,102259100,426.05361066545765,424.21653467244283,-0.02136127325672299,5.79505100762295,46.76625506197409,422.8094650268555,7.27018487924414,437.3498347853438,408.2690952683672,9.656143514107043
2022-02-18,413.1024475097656,417.3168978483287,410.8097031435633,416.0515930533048,132642900,424.98810686383933,422.7346563840859,-0.006475048885257739,6.705610376420492,38.87628145259515,422.63108978271487,7.469772047975514,437.5706338786659,407.69154568676385,6.507194704765425
2022-02-22,408.669189453125,414.3106571043929,405.139679369628,410.876316339426,124391800,423.39936174665183,420.8592607932911,-0.010731618956423161,7.748097665913761,33.7863763205103,422.1425750732422,8.054892468417355,438.2523600100769,406.03279013640747,9.170977734764847
2022-02-23,401.4200134277344,412.1797224939608,400.849200650955,411.6089097171815,132578000,420.9938289097377,418.26736114455025,-0.01773849414753137,8.968590206344903,26.50031196829633,421.54703826904296,9.111668547295235,439.77037536363343,403.3237011744525,11.330521843005783
2022-02-24,407.4610290527344,407.89866863178565,390.6603028430651,391.02178953530125,213942900,419.75029427664623,416.8265168656415,0.015049114201894476,9.576098537992847,37.098193890982124,421.30539855957034,9.428549709663859,440.16249797889805,402.4482991402426,17.238365788720557
2022-02-25,416.4512023925781,416.5368199439784,407.042388019027,408.7072414837603,121804500,419.00621250697543,416.7764749358997,0.02206388512968749,9.383240970753711,43.00501443674162,421.6150650024414,9.144025913044679,439.90311682853076,403.327013176352,9.494431924951414
2022-02-28,415.3856201171875,416.8792381889326,409.74415329774416,411.0094289107116,145615000,418.2838679722377,416.59102762673814,-0.002558720611847698,9.233061107380106,43.18149550840478,421.36200256347655,9.247507423899268,439.8570174112751,402.866987715678,7.1350848911884555
2022-03-01,409.0592956542969,415.8994678932055,406.3289113697485,413.8730985857002,137785900,416.8595755440848,415.5867966970793,-0.015230003535283365,8.987650634780449,37.048956122042426,420.4139923095703,9.497565682957717,439.4091236754857,401.41886094365486,9.570556523457014
2022-03-02,416.5843811035156,418.32532928258536,410.57187510507873,411.33293931863886,117726500,415.52429635184154,415.7198079512708,0.018396074919119654,7.264123331912734,38.05176718420846,419.69763031005857,9.199752701916708,438.097135713892,401.29812490622515,7.753454177506626
2022-03-03,414.5104064941406,419.6476622582844,412.693334565764,419.0388167247073,105501700,414.59945024762834,415.55855442365345,-0.004978522247716333,6.400788731900733,41.06831969678915,418.66827697753905,8.512017237809802,435.69231145315865,401.64424250191945,6.954327692520394
2022-03-04,411.1427001953125,412.2842965501212,407.0614228224781,410.74312259984873,113978200,414.036124093192,414.9697738598747,-0.008124539809052367,6.327561167350756,44.15129013495437,417.9818862915039,8.539007187037647,435.05990066557916,400.9038719174286,5.222873727643105
2022-03-07,399.02252197265625,411.2663242736653,398.9559208722244,410.55281571036414,137896600,412.70492117745533,412.8434736082456,-0.029479249459855583,7.379625628212545,38.07954620871116,416.58959503173827,9.254009203670677,435.0976134390796,398.0815766243969,12.310403401440908
2022-03-08,395.9972839355469,406.4240151023162,394.9222596366216,399.2033113548437,164772700,410.67652457101,410.5973149852191,-0.0075816222657143495,7.809535059316694,30.931374497787417,415.11453704833986,10.074085599906308,435.2627082481525,394.96636584852723,11.5017554656946
2022-03-09,406.6142272949219,408.6120569006385,402.2475587606651,404.4546853542708,116990800,409.3725040980748,410.0662366265128,0.026810646916212155,6.702934179978208,39.21057966382686,413.9952789306641,9.686312025111363,433.3679029808868,394.62265488044136,6.364498139973421
2022-03-10,404.7781372070313,405.6818972162176,399.98335198177057,401.9621361041682,93972700,408.5856039864676,409.3611567039153,-0.004515557903877365,6.535555947335374,42.87993208764228,412.4702713012695,8.485729063426474,429.44172942812247,395.49881317441657,5.69854523444701
2022-03-11,399.6314086914063,407.90809085753415,399.1176743810536,407.289722557099,95636300,407.6233869280134,408.06385696891414,-0.012714937005089855,6.805478927654705,41.56134735815016,411.0789291381836,8.17449346835276,427.4279160748891,394.7299422014781,8.790416476480573
2022-03-14,396.7107543945313,403.8933955288673,395.5596353946392,400.41149934845794,95729200,406.7692129952567,406.5501099589965,-0.0073083702465697176,7.3895265125584215,42.36418184071519,409.96300354003904,8.546945624242348,427.0568947885237,392.86911229155436,8.3337601342281
2022-03-15,405.43463134765625,406.07201611343,398.0617090538704,399.3460013240156,106219100,407.05597141810824,406.40137947748445,0.021990522960335435,7.242408618128848,52.51606886497947,409.3517669677734,8.403493373179774,426.15875371413296,392.5447802214139,8.01030705955958
2022-03-16,414.4248046875,414.481883051167,404.1312472927105,408.9736177281271,144954800,407.55338396344865,407.4711695054865,0.022174162355003135,7.5066843873995515,54.20880128225229,408.8532653808594,7.733137896953475,424.31954117476636,393.38698958695244,10.35063575845652
2022-03-17,419.609619140625,419.609619140625,412.1130181639173,412.49355024221614,102676900,407.7789851597377,409.08962945683834,0.012510869027337002,7.834946996282621,52.000938843328015,408.59022064208983,7.232929295968248,423.05607923402636,394.1243620501533,7.496600976707725
2022-03-18,424.2055358886719,424.5299944783409,417.2391557252776,417.9835087540319,106345500,408.4089791434152,411.10508364774944,0.010952839349725796,8.790017534116693,55.348404774074595,409.01076049804686,7.888652647287511,424.78806579262186,393.23345520347186,7.2908387530632695
2022-03-21,424.0815124511719,426.0568918835686,420.5410374685469,424.0337799637447,88349800,409.48199462890625,412.8352741548725,-0.00029236638140561766,9.740966721571754,59.85045261237668,409.55971374511716,8.543217191627063,426.6461481283713,392.47327936186304,5.515854415021693
2022-03-22,429.0438537597656,429.9886017052283,425.4843032778245,425.4843032778245,74650400,410.3719569614955,414.99641810219157,0.011701385613137605,10.935677680780145,58.454131688913016,410.57844696044924,9.58295353602398,429.7443540324972,391.4125398884013,4.504298427403796
2022-03-23,423.5184631347656,427.9941338889733,423.4325796021843,426.4863522232115,79426100,411.015389578683,416.1326907732015,-0.012878381956949903,11.450782253971846,55.838765752300695,411.6833694458008,9.74403194090992,431.17143332762066,392.1953055639809,4.561554286788976
2022-03-24,429.9027099609375,429.91226228276827,424.4345881714671,425.5606554760669,64736900,412.3553902762277,417.96869333156627,0.015074305802201593,12.515042094091072,61.702096877603225,412.8054534912109,10.495391893980164,433.79623727917124,391.8146697032506,5.477674111301155
2022-03-25,432.0021667480469,432.2789219648752,427.9368385119632,430.5420885837104,77101300,414.7110791887556,419.8398231204303,0.004883562579310441,12.909991023699662,73.51124547637669,413.5830017089844,11.323107392338912,436.2292164936622,390.9367869243066,4.34208345291205
2022-03-28,435.0750122070313,435.0750122070313,429.4923501543148,431.4009505741884,68529800,417.5023454938616,421.8711816653105,0.00711303251582196,12.776449416513874,77.83968243822332,414.5674713134766,12.301724169762663,439.1709196530019,389.9640229739513,5.5826620527165005
2022-03-29,440.4572143554688,440.95346906287335,436.28692743753953,438.9971363181606,86581500,419.9197017124721,424.3493193573316,0.012370745267890504,13.724357648742952,76.0536048314078,416.13736724853516,13.506262220441627,443.1498916894184,389.12484280765193,4.666541625333821
2022-03-30,437.7375183105469,440.1232688373693,435.60941835636606,439.3025555122181,79666900,422.27394321986606,426.13441255109365,-0.006174711087209017,13.754068424445316,75.03280880958832,417.19502410888674,14.345285688133957,445.8855954851547,388.5044527326188,4.51385048100326
2022-03-31,431.0001220703125,437.7947342949104,430.5420475264448,436.9644978465296,121699900,424.51456560407365,426.7831738203229,-0.015391406855499667,12.255120006985845,73.2626086421239,418.01950988769534,14.653426453990082,447.3263627956755,388.7126569797152,7.252686768465651
2022-04-01,432.2217102050781,432.7370114051407,428.6144561899683,432.5938721829011,89048800,427.05106244768416,427.5083120049569,0.0028343104148038645,9.40015669186503,77.01522490031999,419.0734603881836,14.888941461733555,448.85134331165074,389.2955774647165,4.12255521517244
2022-04-04,435.92431640625,436.0293045713782,431.5918144996033,432.4220510076407,59601000,429.22889709472656,428.6304459251293,0.0085664512303536,7.305326537344165,75.11394566202098,420.9185501098633,14.55616178940073,450.03087368866477,391.80622653106184,4.437490071774903
2022-04-05,430.4180603027344,436.907290650723,429.2633651017785,434.41658086317335,74214500,430.3712724958147,428.86879450880997,-0.01263122036620734,5.934021861976131,63.97552994887847,422.6395889282227,13.447141681476392,449.53387229117544,395.7453055652699,7.64392554894448
2022-04-06,426.1141052246094,428.4139721495732,423.203501329322,426.46722075392,106898000,430.83587864467074,428.50150260424994,-0.009999476032901189,5.240759391298801,55.772742366125854,423.61458282470704,12.920678152897375,449.4559391305018,397.7732265189123,5.210470820251203
2022-04-07,428.2613220214844,430.0935913554204,423.2607979220782,425.2266541499944,78097200,431.1255776541574,428.46947852654785,0.005039065289198064,4.950090958650896,53.76307733081441,424.7887420654297,12.163669066199029,449.1160801978277,400.46140393303165,6.832793433342204
2022-04-08,427.1161804199219,430.0363369271341,425.5606663143746,427.4978947047531,79272700,431.3423396519252,428.28903877899774,-0.0026739318791554334,4.676807074789713,52.76329376613819,426.1629806518555,10.627414823642855,447.4178102991412,404.9081510045698,4.4756706127594725
2022-04-11,419.8157348632813,424.6635668118989,419.3099569486247,423.81422569926906,89770500,430.68318830217635,427.1592649235689,-0.017092411599726964,5.587346080642422,41.940288402951786,427.31822967529297,8.246399093916422,443.8110278631258,410.82543148746015,5.353609863274187
2022-04-12,418.2602233886719,425.3792943956459,416.69515715434574,422.8313001658836,84363600,430.30759974888394,425.97272605224936,-0.0037052243292310383,6.24414499155223,45.065332746793516,427.9595092773437,6.832544697678623,441.624598672701,414.29441988198647,8.684137241300164
2022-04-13,423.0507507324219,423.8141791194559,417.8307283199568,418.0120476583894,74070400,429.81817408970426,425.58312934293906,0.01145346144784698,6.539853585911677,43.37140390727731,428.3908065795898,6.173700624973867,440.73820782953754,416.0434053296421,5.98345079949911
2022-04-14,417.7830810546875,424.4059265877195,417.678092891693,423.2798302497144,97869500,428.80252511160717,424.54312290450554,-0.012451625883217354,7.241110967688826,37.0389306925185,428.29947967529296,6.322161458475862,440.9438025922447,415.6551567583412,6.727833696026494
2022-04-18,417.9548950195313,419.65354835392026,415.7027312136042,416.84790319938855,66002500,427.5796595982143,423.66469251984233,0.0004112516103094155,7.5397884481717545,33.52314781092649,427.98694763183596,6.679589157875613,441.3461259475872,414.6277693160847,3.950817140316076
2022-04-19,424.7017822265625,425.4270305972786,417.6781173945853,417.8498844463656,77821000,426.4542715890067,423.80297114740506,0.01614262038183778,6.5852347379679514,35.22467749081035,428.0179611206055,6.6619183506432265,441.34179782189193,414.69412441931905,7.748913202693302
2022-04-20,424.3868408203125,427.1161545814654,423.21307019353713,426.49586526577247,65224400,425.50065176827565,423.8808204371261,-0.0007415589466068795,5.737731111035899,36.888465566094,427.7851104736328,6.705418690778975,441.19594785519075,414.3742730920749,3.9030843879282884
2022-04-21,418.040771484375,429.4446712928866,417.1246513849917,428.041848739331,85417300,424.5749838692801,423.102147243426,-0.01495350167708065,5.826925851009089,37.17419931620215,427.51122589111327,6.994500712352106,441.5002273158175,413.52222446640906,12.320019907894903
2022-04-22,406.570068359375,418.05982188355927,405.99748241056807,416.9433069501704,132471800,422.7427237374442,420.8978700588858,-0.027439197100966872,7.125759994799325,28.89439728660078,426.34459381103517,8.382720443345354,443.1100346977259,409.57915292434444,12.062339472991198
2022-04-25,408.9272155761719,409.0989826342427,399.6991192062634,404.3084057916933,119647700,420.81435939243863,419.301782794524,0.005797640801027626,6.934570894349645,27.284454978007062,425.1908462524414,9.118703460048792,443.42825317253903,406.9534393323438,9.399863427979312
2022-04-26,397.0843200683594,406.5700664106503,397.0556922272028,406.3696423996233,103996300,418.43337794712613,416.3394544310354,-0.028960888531535,8.843355756641925,24.655359481431233,423.2913116455078,10.760502204367357,444.8123160542425,401.7703072367731,9.5143741834475
2022-04-27,398.2008361816406,403.5926556399354,396.0441375212537,398.1722083403988,122030000,416.4395730154855,413.9209719977828,0.0028117859528904443,10.043646268645787,27.695609849356813,421.1784927368164,11.345213260156864,443.86891925713013,398.48806621650266,7.548518118681727
2022-04-28,408.2591552734375,410.0055409014013,398.51575864739607,402.991428795092,105449100,415.01084681919644,413.1660631012034,0.025259412281115168,9.64748137743722,35.81096439746645,419.70457458496094,10.990001850064981,441.6845782850909,397.724570884831,11.489782254005206
2022-04-29,393.1716613769531,406.40779978354254,392.4177561048441,404.2319966088008,145491100,412.5862383161272,410.50014287130335,-0.03695567803342781,10.59052337544365,29.897104719244737,417.81315155029296,12.138844003343447,442.09083955697986,393.53546354360606,13.990043678698441
2022-05-02,395.5383605957031,396.91255522470885,386.510659661804,393.2384936002552,158312500,410.8521401541574,408.50523856789,0.006019506112066697,11.28080252909612,34.72990399000625,415.9789840698242,12.609427307932805,441.1978386856898,390.7601294539586,10.401895562904826
2022-05-03,397.3515319824219,399.78498590477767,394.4695266668766,396.0441453350344,100028200,409.3586621965681,407.0180776898276,0.004584059518242478,11.60402658286525,36.89124302216835,414.0503448486328,12.345312743569975,438.7409703357727,389.35971936149286,5.315459237901052
2022-05-04,409.4520568847656,410.0246428508911,394.8035424391376,398.0195295744463,144247900,408.3873269217355,407.3426082491527,0.030452946392261593,10.918654366352222,42.19012131898024,413.0020446777344,11.758516882043175,436.51907844182074,389.485010913648,15.221100411753525
2022-05-05,394.8989562988281,405.5775776737672,390.7286691598279,405.14813094235217,172929100,406.75274658203125,405.68345465577613,-0.03554286842924137,11.115032015424914,38.124023027644256,411.4412872314453,11.995762556633036,435.43281234471135,387.44976211817925,14.848908513939307
2022-05-06,392.5418701171875,395.8437409015937,387.1882595739924,392.3128473714051,151770800,404.9375305175781,403.93124338396433,-0.005968833657430506,11.219495142848293,37.104118646556046,409.65531463623046,12.018732093761642,433.69277882375377,385.61785044870715,8.655481327601308
2022-05-09,379.9737243652344,387.8371487128765,378.3800302132981,386.5870177776935,155586100,401.74266924176897,400.73690751480035,-0.032017338043967336,11.522779974326282,28.56882997853738,407.2981918334961,12.997050091719297,433.2922920169347,381.3040916500575,9.457118499578428
2022-05-10,380.8515930175781,387.52214086484895,376.7767424000557,386.0048073217023,132497200,398.6330086844308,398.0855322485041,0.0023103404158018037,10.793041471806953,29.25228025768213,405.34998474121096,13.910174993385576,433.1703347279821,377.5296347544398,10.745398464793254
2022-05-11,374.8013610839844,385.5754172756751,374.0474558569832,379.8782445622631,142361000,395.5444793701172,394.9809760932348,-0.01588606177449936,10.99687598525357,29.334997965395686,403.1770416259766,15.128357667084064,433.4337569601447,372.92032629180846,11.52796141869186
2022-05-12,374.4101867675781,377.71205774428665,367.5487650872153,371.5759136317194,125090800,393.2473449707031,392.2382041831473,-0.0010436843539599616,11.84296545380324,32.809625428733725,400.74501342773436,15.665498984135247,432.07601139600484,369.4140154594639,10.163292657071338
2022-05-13,383.3614807128906,384.7547508621144,377.5306912982353,378.5804273515947,104174400,391.4212210518973,391.05464105377973,0.02390772009328157,11.19241353501306,37.23430517053475,399.02393341064453,15.585753350753302,430.1954401121511,367.85242670913794,7.224059563879109
2022-05-16,381.8059997558594,385.5086895429061,379.42980135170086,381.7010407029058,78622400,390.3299124581473,389.82148888072373,-0.004057478477333509,11.34161838082032,41.4976002934673,397.21648864746095,15.369377008851618,427.9552426651642,366.4777346297577,6.0788881912052375
2022-05-17,389.6598815917969,389.8984566521676,384.1821784020912,387.9516760051215,83029700,389.71984427315846,389.7999412422002,0.020570346827864405,11.113079383135101,45.57850534617427,395.46439361572266,14.00827095950559,423.4809355347338,367.4478516967115,5.716278250076414
2022-05-18,373.9520263671875,385.346371987313,372.7018955554571,385.0600936040649,117674500,387.2693350655692,387.68688592553184,-0.040311707637032956,10.474713242876076,33.22127376564326,392.9426528930664,13.033341691117846,419.0093362753021,366.8759695108307,12.644476431855878
2022-05-19,371.6618041992188,376.1279519471288,369.4191925639424,370.8601954041927,98510700,385.73291669573103,385.55020836202345,-0.006124374268585697,11.101158816585986,37.97482003219069,390.6237045288086,12.445460916580227,415.5146263619691,365.73278269564815,6.708759383186418
2022-05-20,371.8240051269531,378.8858210395479,363.1494194877892,375.2785673170943,131432200,384.03903416224887,383.7200479306808,0.0004364207618370308,11.297400008426452,36.40734446160227,388.8864013671875,12.527187662234962,413.9407766916574,363.8320260427176,15.736401551758718
2022-05-23,378.7808532714844,379.5538341140032,372.53972172547,374.87773977302686,76414900,382.7125571114676,383.06148864278794,0.01871005650147839,10.687874147460905,39.94831141595533,387.37908325195315,11.780282129401165,410.9396475107555,363.8185189931508,7.014112388533249
2022-05-24,375.8893432617188,377.0917417853128,369.276020328754,374.6201076075109,91448800,380.31522042410717,382.1052025919787,-0.007633728011307683,7.524793754969772,29.822072623314213,386.31933441162107,11.814547333481585,409.94842907858424,362.6902397446579,7.815721456558833
2022-05-25,379.2103271484375,381.1952881943297,373.98077984527765,374.38156968526073,91472900,379.1946040562221,381.71921919950654,0.00883500409429372,6.245289154999494,39.09524134774103,385.36980895996095,11.569976967398462,408.5097628947579,362.229855025164,7.214508349052039
2022-05-26,386.7873840332031,388.438333745229,380.2408991090227,380.450846302905,82168300,378.7835693359375,382.3949745106661,0.01998114592960354,5.436223088497962,46.270815641282525,384.29622039794924,10.255828817431917,404.80787803281305,363.78456276308543,8.19743463620631
2022-05-27,396.2827453613281,396.39725673577,389.0682375421539,389.2686324474272,84768700,379.94849940708707,384.2466772907544,0.02454930465702554,7.178968228134969,61.00741580494978,384.45177459716797,10.419813756959943,405.29140211108785,363.6121470832481,7.329019193616091
2022-05-31,394.0591735839844,397.4278521164115,391.2917088356814,394.6508350467952,95937000,380.8918980189732,385.5550101298518,-0.005611073919749687,8.11373070386032,58.75512923943628,384.37781524658203,10.341938590396428,405.0616924273749,363.69393806578915,6.136143280730096
2022-06-01,390.8718566894531,397.21794786485407,388.333414394706,396.19686867648136,86585800,382.03979056222096,386.26392300446525,-0.008088422014243424,8.319956869286159,61.073209628051494,384.05383148193357,10.01029501922867,404.0744215203909,364.03324144347624,8.884533470148085
2022-06-02,398.31536865234375,398.3630720124762,388.4383559016956,390.70959500426574,79609600,383.74730355399,387.87078242418244,0.019043356116591692,9.05431070074778,65.01259346397117,383.4969970703125,8.754049945982961,401.0050969622784,365.9888971783466,9.924716110780594
2022-06-03,391.7784118652344,395.1184625618482,390.79548382514815,393.5533962564281,71874300,384.3485129220145,388.39179968298936,-0.01641151032968291,9.302756221171991,55.45118547857918,383.3409698486328,8.565919883490688,400.4728096156142,366.20913008165144,4.322978736700065
2022-06-06,392.9713439941406,397.5710494858282,391.7879917724646,395.8246926829142,57508900,385.14603751046315,389.00240559114286,0.0030449154235598908,9.543506688871819,57.26530044878671,383.3624435424805,8.590701838852672,400.54384722018585,366.18103986477513,5.7830577133636325
2022-06-07,396.7407531738281,397.198827751018,388.9822879400758,389.44991483853966,59272400,385.65181405203685,390.0341852688343,0.009592071374404654,9.978831684161142,54.8661946427523,384.20079498291017,9.048530243472854,402.2978554698559,366.10373449596443,8.216539810942152
2022-06-08,392.4273071289063,396.8170936242629,391.6256985011692,395.0134523696576,64350000,386.97147696358815,390.3532681835105,-0.010872203095888988,9.52382920287946,65.05449875863397,384.7795806884766,9.192103539675216,403.163787767827,366.3953736091262,5.191395123093685
2022-06-09,383.0942687988281,392.9235490603541,383.0942687988281,390.63323443972894,86289800,387.78808157784596,389.38540159888623,-0.023782846301805494,8.550546786697259,58.3565584503363,385.19422607421876,8.90073141870241,402.9956889116236,367.39276323681395,9.82928026152598
2022-06-10,371.98626708984375,377.69299370252367,371.9385637212218,376.8341292067796,132893900,387.7996717180525,387.0655169976806,-0.028995478694611942,8.52732160183178,50.10224453384992,385.07303009033205,9.07018912181754,403.21340833396715,366.93265184669696,5.754429981301882
2022-06-13,357.86260986328125,364.3613925285637,356.2402877160609,362.4909721087664,170004900,386.3055114746094,383.17179604642735,-0.03796822215254336,11.532332997589883,37.91087136033715,383.79808654785154,10.925745139797225,405.64957682744597,361.9465962682571,8.121104812502836
2022-06-14,356.7842102050781,360.6682189986832,353.6541067219723,359.62803527808586,104011800,384.94085911342074,379.6534512675808,-0.00301344602224618,13.772519908654031,38.72236647692775,382.5469970703125,12.48692545276631,407.52084797584513,357.57314616477987,7.0141122767108754
2022-06-15,361.87060546875,366.3557984141708,355.11414452846907,360.11466767647033,125666800,383.70230756487166,377.2824051610701,0.014256223000306711,15.048106008438127,39.97345255800592,381.1575332641602,13.180629104203579,407.51879147256733,354.79627505575303,11.241653885701737
2022-06-16,349.8941955566406,353.988151955779,347.441636821467,353.5778098205212,134473300,381.06707981654574,373.6306438804795,-0.03309583517178938,17.497340928714056,29.699661738273022,379.9546417236328,14.86321613187837,409.68107398738954,350.22820945987604,6.546515134312017
2022-06-17,350.6484069824219,354.0220725665217,347.11185521752503,350.3129825397248,111113900,377.8074842180525,370.5663456274052,0.0021555414046849908,18.65696385758541,22.217300733590818,378.90397186279296,16.165907562793286,411.2357869883795,346.5721567372064,6.910217348996639
2022-06-21,359.4755554199219,360.8748441632868,356.35108852497393,356.4277787088142,76811900,375.3372257777623,369.0875735997408,0.025173787365708744,18.629136890138323,30.512063151841488,378.2865493774414,16.678236694054874,411.64302276555117,344.93007598933167,4.523755638312878
2022-06-22,358.8238220214844,362.9737786719603,354.78884214510737,355.2105503946514,90059400,373.04808044433594,367.7190733893066,-0.0018130117294795633,18.5422319907398,31.40962864929972,377.28869781494143,17.234828981199133,411.7583557773397,342.81903985254314,8.184936526852937
2022-06-23,362.3411560058594,363.07913069539904,357.38612877130987,360.9802126304766,79292100,370.4784938267299,367.00201773818026,0.00980239819240425,17.21660713409894,28.13624784989055,376.6112884521484,17.555986254933856,411.7232609620161,341.4993159422807,5.693001924089174
2022-06-24,373.8614196777344,373.871013261912,365.5135682552847,365.54231975908544,98050300,369.1987086704799,367.91660466345417,0.0317939695254732,16.14401073498957,39.73266281601883,376.3438430786133,17.55505122968479,411.45394553798286,341.23374061924375,8.357445006627302
2022-06-27,372.4334106445313,375.088230546052,371.3312305752439,374.7911218990806,66009600,367.7317134312221,368.5188454609311,-0.0038196212768730753,14.684827675398797,38.26235554831558,375.6261444091797,17.398334397609045,410.42281320439776,340.8294756139616,3.7569999708080672
2022-06-28,364.8235168457031,376.81339161688345,364.7085108261088,374.0052207264319,86548900,365.45191083635603,368.0261349789007,-0.020432897751194057,12.081589148274578,32.5260289096495,374.0531829833984,16.8458275371998,407.744838057798,340.3615279089988,12.104880790774644
2022-06-29,364.5263671875,366.3761153748456,362.6862125836187,365.3793771513807,65676000,363.458986554827,367.5594992733806,-0.0008145024771766263,9.261676695432277,34.02221159667083,372.57654266357423,16.284909756006392,405.146362175587,340.00672315156146,3.6899027912268707
2022-06-30,361.5649108886719,364.8331353292832,357.0699067407734,360.59689474313205,112508300,361.9211752755301,366.76022082208607,-0.008124120956399472,7.338295977722491,36.700431785310855,371.11119537353517,15.865155621338076,402.8415066162113,339.38088413085904,7.763228588509833
2022-07-01,365.3890075683594,365.8299030052341,358.2583413790639,360.9035970053709,74839700,361.449942452567,366.5773923882559,0.010576514934174552,6.836939173957064,45.52158321818555,369.4648773193359,14.547253713834714,398.55938474700537,340.3703698916665,7.571561626170194
2022-07-05,366.07904052734375,366.0982276960414,357.3957352398052,360.25184474614395,81438000,362.03683035714283,366.5109454734676,0.0018884885551879727,6.8579322662675555,56.821724439183285,368.1799087524414,13.575086321663658,395.33008139576873,341.0297361091141,8.7024924562362
2022-07-06,367.3154602050781,369.8265227287697,363.8172235766818,366.2228444053877,70426200,362.7890625,366.618214104349,0.0033774664508334773,6.81490461837676,58.720729827398856,366.8971145629883,12.257322613698875,391.41175979038604,342.38246933559054,6.0092991520879195
2022-07-07,372.8167724609375,373.62184388034007,367.3345943918045,369.1076819309727,64525900,363.5709315708705,367.44468855189416,0.014977077885008905,7.31127137620717,59.002452631483834,365.70091552734374,10.183523681615407,386.06796289057456,345.3338681641129,6.287249488535565
2022-07-08,372.5100708007813,374.3981642189739,369.6252098334649,371.1682559563433,72397800,365.18635123116627,368.1200728517458,-0.000822660574339662,6.511716844626536,73.01834505045193,364.7050537109375,8.216186557024033,381.13742682498554,348.2726805968894,4.772954385508967
2022-07-11,368.2546997070313,370.784919980157,367.5550407296832,369.8073395278389,58366900,366.4439435686385,368.1380230991172,-0.011423506174215059,5.016536745970075,66.7274579742636,363.9630752563477,7.056295523797076,378.07566630394183,349.8504842087535,3.2298792504738003
2022-07-12,364.99603271484375,370.1044410878439,363.2325388009724,367.6987912208926,62219200,366.8382633754186,367.7190910478808,-0.008848948824767278,4.6286275662926775,55.86555478527715,363.6135635375977,6.806680344559096,377.2269242267159,350.00020284847955,6.871902286871489
2022-07-13,363.0791320800781,366.0406829302078,359.0825271927312,359.50423537371336,84224600,367.14221409388955,367.1004298521738,-0.0052518396446878945,4.179813248009901,54.4029307823082,363.87438964843756,6.673350742688437,377.2210911338144,350.5276881630607,6.958155737476602
2022-07-14,362.1974487304688,363.2900351658352,355.61309086715886,358.0762144511907,89704800,367.13194928850453,366.4466990359465,-0.0024283503834499065,4.1926673615009475,49.8427295917516,364.14505157470705,6.477552012021951,377.100155598751,351.18994755066313,7.6769442986763465
2022-07-15,369.1172790527344,369.2322850782175,364.7181230855962,366.644532509908,79060400,366.79308210100453,366.80277637151823,0.019105132701845662,3.7781568951525872,44.2267869716479,364.5073852539063,6.545947514556503,377.5992802830193,351.4154902247933,4.514161992621325
2022-07-18,366.0694885253906,372.9126100212118,364.8331153007788,372.2321382303719,63203600,366.3385162353516,366.7050046587012,-0.008256970616941306,3.412483458779532,42.549375354161214,365.3161499023438,5.572262116357611,376.46067413505904,354.17162566962855,8.07949472043299
2022-07-19,375.96038818359375,376.53544754043486,369.3664658711822,370.0277504955055,78506000,367.134007045201,367.93905579535357,0.027019186160654574,4.231852490083483,62.3775164040682,366.5817489624024,4.899378603891611,376.38050617018564,356.78299175461916,7.168981669252673
2022-07-20,378.3564147949219,379.7844841146986,374.7719242413679,376.15205489007207,71843800,368.12186758858826,369.32803699529603,0.006373082608261527,5.101221371101063,64.68557370185616,367.5257919311524,5.263552580812155,378.05289709277673,356.9986867695281,5.0125598733307015
2022-07-21,382.2093200683594,382.257229494255,375.3470114027863,377.7718191775275,64903900,369.5964682442802,371.0455414050378,0.010183269326954125,5.9698753375284985,71.5141677331373,368.6950668334961,5.798967112888337,380.2930010592728,357.09713260771946,6.910218091468721
2022-07-22,378.66314697265625,383.5415140516764,376.4204418031425,382.33392157500526,72197300,370.54462105887285,372.06122214738696,-0.009278091635936292,6.295470748451356,63.91398394300403,369.511166381836,6.00264170507225,381.5164497919805,357.5058829716915,7.121072248533892
2022-07-25,379.1231689453125,379.9857432855024,376.8612767934728,379.2956779636042,53631500,371.4763445172992,373.00281505377706,0.0012148580508402063,6.544080879193295,63.73913546595354,369.7742538452149,6.310742848191642,382.3957395415982,357.1527681488316,3.124466492029569
2022-07-26,374.63775634765625,377.6759390604827,373.7368369268148,377.4650849566957,52946400,371.99936567034047,373.2208072262943,-0.01183101684377208,6.478228508595507,57.21839513400561,369.88447113037114,6.378514986936896,382.6415011042449,357.12744115649735,3.939102133667859
2022-07-27,384.3657836914063,386.1292776554341,377.6663902466181,377.96349889416575,82342100,372.82429504394537,374.7068040883093,0.025966489439261498,7.276462592257804,60.50934082169022,370.8615844726563,7.026355500910894,384.9142954744781,356.80887347083456,8.462887408816016
2022-07-28,389.1866455078125,389.8862752386343,381.5959261670075,385.1804463342901,73966600,374.0154789515904,376.63744961090975,0.012542380255878172,8.485610945488906,64.02322105682391,372.0945983886719,7.958081554153823,388.01076149697957,356.1784352803642,8.290349071626792
2022-07-29,394.8604736328125,395.8572412154337,389.8575070481192,390.6338269277498,87003700,375.9158913748605,379.0671861471635,0.01457868143855956,9.949248108401777,71.85134574240905,373.75937652587896,9.047451546649206,391.85427961917736,355.66447343258056,5.9997341673145
2022-08-01,393.6911926269531,396.2214420202733,391.41973602311015,392.1385528850216,69997500,377.9655456542969,381.01705367780215,-0.0029612510847228934,10.468784578369165,74.40494513395066,375.1744857788086,9.847347339680125,394.86918045816884,355.4797910994484,4.80170599716314
2022-08-02,391.0939331054688,395.8285432018254,389.9054984128365,392.1098587457004,63435400,379.96660287039623,382.360637601491,-0.006597199963133016,10.074456982288845,73.55372494564372,376.4252304077149,10.213121537530286,396.8514734827755,355.9989873326543,5.923044788988932
2022-08-03,397.21826171875,398.3971028077951,392.9532694122202,393.2407844952222,67820600,382.46808951241627,384.3416541504589,0.015659482530580693,9.662392137451308,77.05870868435053,377.9203704833985,10.970061028246132,399.86049253989074,355.9802484269062,5.44383339557487
2022-08-04,396.9498901367188,397.8316225250484,395.2918085550156,397.14155710217767,45656600,384.4561331612723,386.0227522819602,-0.0006756275022954394,9.566969005294851,73.96834457351702,379.12702636718757,11.683227017550932,402.49348040228944,355.7605723320857,2.5398139700327533
2022-08-05,396.2789001464844,396.9306203411072,392.5698102389128,392.6273132414542,56814900,386.6139482770647,387.3902386638968,-0.0016903644689342245,8.441529393479689,77.12556709008669,380.31546783447266,12.173337751173705,404.66214333682007,355.96879233212525,4.360810102194421
2022-08-08,395.8189086914063,400.25640965580175,394.70713505409947,397.9849529544983,53886100,388.0324140276228,388.5140613342314,-0.0011607770560280173,8.178004095790987,71.46705603067772,381.6936782836914,12.295737724946248,406.28515373358385,357.1022028337989,5.54927460170228
2022-08-09,394.2471008300781,395.5888864789882,393.16407872636495,395.08092372444605,44931800,389.16746303013394,389.27846660034436,-0.003971027727110443,7.82696240542917,67.4894835909087,383.15623168945314,11.9395714429918,407.0353745754367,359.27708880346955,2.4248077526232237
2022-08-10,402.52783203125,402.67161879652656,399.393801175646,401.36814906614615,68665700,390.6187853131975,391.0450486577985,0.021003911465010017,8.306588782624333,70.37675435831302,385.12866668701173,11.704414221924592,408.5374951308609,361.71983824316254,3.277817620880569
2022-08-11,402.52783203125,407.28162840236473,401.7802636964852,405.4030993570733,59489700,392.32340567452565,392.57608644092534,0.0,8.110772993525003,75.76572504013144,387.14518585205076,10.998650970234237,409.1424877925192,365.1478839115823,5.501364705879553
2022-08-12,409.34228515625,409.4476975994692,403.5246531414927,404.4830757106954,61694500,394.4819139753069,394.81157960296866,0.016929147707905434,8.34528008980583,78.6897547599926,389.15643615722655,11.20441496227426,411.56526608177506,366.74760623267804,5.923044457976516
2022-08-15,411.029052734375,411.556202650181,407.0516052727586,407.10910828194,54048300,397.08129228864397,396.9739093538229,0.004120677582774457,7.289563454503129,86.48857549913352,391.40441436767577,10.832639428020435,413.0696932237166,369.7391355116349,4.504597377422385
2022-08-16,411.8341369628906,413.7797333593474,409.1313786440496,409.9460435733256,59289000,399.04331752232144,398.95527303503195,0.001958703948442997,7.300470082302662,83.54400754297902,393.19810180664064,11.107334680863001,415.41277116836665,370.9834324449146,4.648354715297785
2022-08-17,408.910888671875,411.6423982117335,406.888631558234,408.2016654943863,63563400,400.4521920340402,400.28268845327773,-0.007098120404911978,7.153725324434129,75.25760787329702,394.72582550048827,11.05969923109861,416.8452239626855,372.60642703829103,4.753766653499497
2022-08-18,410.0994567871094,410.7894929743216,407.8088127536356,409.1122534389072,49023200,401.54069083077565,401.59159089778865,0.0029066678050437833,7.392823994289767,72.04657697058968,396.1203323364258,11.15634027655601,418.43301288953785,373.80765178331376,2.980680220685997
2022-08-19,404.5885009765625,407.5787745912739,403.70673937925136,407.31041745274166,68016900,402.3190699986049,401.99117890829183,-0.013438095855385912,7.069393907027351,64.00590229211957,397.4166000366211,10.50855540986331,418.4337108563477,376.3994892168945,3.8720352120225243
2022-08-22,396.1639099121094,399.8825935510498,395.25339692107417,399.71005528782734,77695600,402.68121119907926,401.21420970880087,-0.020822616174504538,6.56176889084331,55.66732550594963,398.2686370849609,9.59869856326994,417.4660342115008,379.071239958421,4.629196629975638
2022-08-23,395.20556640625,398.1479308187162,394.64966491692286,395.7326871386847,49105200,402.53744724818637,400.41305726846076,-0.0024190580764209546,6.711016417989185,47.45639949708044,399.2970275878906,7.8819494152065195,415.06092641830367,383.5331287574776,3.4982659017933315
2022-08-24,396.4706115722656,397.85071293508,394.285409645441,394.9754457024828,49177800,402.50321306501115,399.8873978423014,0.0032009801317303133,6.742859075446529,49.40918177789442,399.9022689819336,7.101140180464067,414.10454934286173,385.6999886210055,3.5653032896390187
2022-08-25,402.0678405761719,402.11575000266055,396.8731776502491,397.9753576980948,50942300,402.91670880998885,400.1781235401508,0.014117639089842093,6.505108680627054,56.36331676631922,400.54632873535155,6.647779605412357,413.84188794617626,387.25076952452685,5.242572352411457
2022-08-26,388.4581604003906,402.4990419803782,388.4006573992798,401.9527634698253,103087000,402.39094107491627,398.61546178818276,-0.033849213496603636,7.363707876313935,43.723408075669745,400.2262130737305,7.07632035167691,414.3788537770843,386.07357237037667,14.0983845810984
2022-08-29,385.8896179199219,388.96614565283846,384.5190808993486,385.4775033051309,65370800,401.7939780099051,396.91868260574796,-0.0066121470529060256,8.347717058980065,42.99259695956423,399.8361343383789,7.647497439446683,415.13112921727225,384.5411394594855,4.447064753489883
2022-08-30,381.6534729003906,387.298596313282,379.53536704667073,387.0589906522677,85652400,400.3029523577009,394.88332131170034,-0.010977608162576424,9.922290913596571,31.224262693594227,399.364111328125,8.463317455715533,416.29074623955603,382.4374764166939,7.76322926661129
2022-08-31,378.7493896484375,384.5574275530069,378.6152257102167,383.30189644071856,76029700,398.6044921875,392.73213042326535,-0.007609214793418251,11.432387795766545,29.674021359739967,398.4406677246094,9.636100495356613,417.7128687153226,379.1684667338962,5.942201842790212
2022-09-01,379.9378356933594,380.2828537316046,373.8230958598955,376.5546056575964,78740100,396.5041743687221,391.02622445927784,0.003137816396285187,11.995122588717024,22.190024227387624,397.5900650024414,10.48782777648889,418.5657205554192,376.6144094494636,6.459757871709087
2022-09-02,375.9316101074219,384.8641143059687,374.101019729376,383.6373347474921,99632100,393.9972141810826,389.0136092123637,-0.010544423875622821,12.387180017859444,18.200881360318647,396.5727005004883,11.554368056417307,419.6814366133229,373.4639643876537,10.76309457659272
2022-09-06,374.51318359375,377.7334691383143,372.2704784647713,376.7846402276361,76637400,391.3314317975725,387.08021912988187,-0.0037730972217701053,12.268568557684352,16.558003849185013,395.50741424560545,12.565454712383772,420.638323670373,370.3765048208379,5.462990673543004
2022-09-07,381.2413024902344,382.0176223786145,373.9764727789939,374.1968912357354,70964200,389.3550327845982,386.3016969112622,0.01796497210571535,11.4179963570819,26.78897372763639,394.8571243286133,12.964320279011403,420.7857648866361,368.92848377059045,8.041149599620553
2022-09-08,383.7331848144531,384.1932088707895,377.7334509240558,378.9506661534871,80821700,387.4717276436942,385.95922863168767,0.006536233896857535,9.791820143463758,28.35555640176689,393.9173919677734,13.059859637139992,420.0371112420534,367.79767269349344,6.459757946733703
2022-09-09,389.694580078125,390.566748031032,385.7266970340471,385.9950541542698,76706900,386.40787615094865,386.45727549121267,0.015535261216864438,8.514913911760866,37.8631283249046,393.2757293701172,12.929152260804372,419.13403389172595,367.4174248485084,4.840050996984871
2022-09-12,393.8828430175781,394.6112533792014,391.477193506544,391.7838956849885,69256300,386.2449428013393,387.44735116139475,0.010747552451495501,8.333768835561898,48.003331609472966,392.5027572631836,12.368000391647954,417.23875804647946,367.7667564798877,3.134059872657417
2022-09-13,376.7558898925781,386.3401148745886,375.62495836439695,385.12289958268383,122947100,384.92710876464844,386.0218229922192,-0.043482353772478666,8.26627940258266,37.41331231384659,390.7890991210937,12.035887047997315,414.86087321708834,366.7173250250991,10.715156510191662
2022-09-14,378.1935424804688,379.72702440373104,374.8582214910283,378.0689428696981,85023700,383.6216038295201,384.9780522573192,0.0038158728939861053,7.728745201345953,37.56036484982581,389.10706939697263,11.266062014738782,411.6391934264502,366.57494536749505,4.8688029127027335
2022-09-15,373.89984130859375,379.49702610124746,372.6155584613613,376.62175813763326,87633800,381.60960388183594,383.5009574641558,-0.01135318478394376,6.039043062135789,30.482131068295843,387.3565170288086,10.734447181275264,408.8254113913591,365.88762266625804,6.881467639886182
2022-09-16,371.0473327636719,371.71136317944473,367.7271806848077,369.68079869706816,103084800,380.36597333635603,381.84047417075794,-0.007629071290692457,6.306996981966526,35.82234278580066,385.4039108276367,9.899052406727463,405.20201564109163,365.6058060141818,3.9841824946370252
2022-09-19,373.9248352050781,373.9248352050781,367.794608852528,367.8716140721224,73278500,379.51134599958147,380.78505564200066,0.007755081865091773,6.31158228760018,40.305841883613354,383.8707275390625,9.114884271894361,402.10049608285124,365.64095899527376,6.130226352550153
2022-09-20,369.6326599121094,371.5862485386399,366.8514562057426,370.5661498096465,77274900,378.65271650041853,379.2980695446819,-0.011478711465139013,6.796759573903955,40.26927972047322,382.5441650390625,9.162124742297877,400.8684145236582,364.21991555446675,4.734792332897314
2022-09-21,363.1849060058594,374.6562160691355,363.175273011751,371.576653580682,106746600,377.5409676688058,377.14964773950555,-0.017443680187197552,7.954134137786343,38.084333008895356,380.943132019043,9.619469722732882,400.18207146450874,361.70419257357725,11.48094305738448
2022-09-22,360.1342163085937,364.0606306155776,359.3835769836313,362.4053709029829,89472600,376.12642342703685,374.88092354871736,-0.008399825121632287,9.16399379380181,35.25929600801041,379.1263122558594,9.957915201158714,399.04214265817683,359.2104818535419,4.677053631946308
2022-09-23,354.1002197265625,356.6697033623465,349.615620552936,356.63120075580275,122346900,374.5670383998326,372.11016303909673,-0.016754855020109316,10.893880862594479,34.22610634513728,376.7279312133789,9.918054724991386,396.56404066336165,356.89182176339614,7.054082809410545
2022-09-26,350.59722900390625,356.2751448588361,349.3654098714168,352.6181900692568,92581200,372.8587559291295,369.2417718344047,-0.009892653343624769,12.638433384446445,33.22525157477722,374.8348846435547,11.103653253488558,397.0421911505318,352.6275781365776,6.909734987419313
2022-09-27,349.7022399902344,356.45799388368147,347.2867079696448,354.16757331148835,108294100,370.605965750558,366.63650092184866,-0.0025527555258056944,13.787944100409014,25.906890606160403,373.0255157470703,12.110233991584423,397.2459837302391,348.8050477639015,9.171285914036673
2022-09-28,356.5830383300781,358.2864039479371,348.9515351007009,350.66453371089864,110802200,368.6666695731027,365.29603924294594,0.019676163183958817,13.7086796494386,30.562991083483894,371.77199401855466,12.46254317160696,396.6970803617686,346.84690767534073,9.334868847236237
2022-09-29,349.1344909667969,353.2918626359455,346.1608029569047,353.0031664675629,112952300,365.769520350865,363.1411661394594,-0.020888675462982453,13.19932113866456,21.568113197617976,370.29124908447267,13.319761826591673,396.930772737656,343.6517254312893,7.1310596790407885
2022-09-30,343.7356262207031,352.137036867528,343.60091113623986,348.1817232790693,153711200,362.1875762939453,360.55376081695863,-0.015463567438277481,11.70271524962874,15.434365379000639,368.4811386108398,14.359151714371418,397.19944203958266,339.762835182097,8.536125731288166
2022-10-03,352.8106689453125,354.67764907803235,345.6892131717982,347.48882107824056,89756500,360.4772033691406,359.5213485674058,0.026401228247381336,11.146339335303995,31.434132610735745,367.32509155273436,14.655418827494165,396.6359292077227,338.014253897746,8.988435906234145
2022-10-04,363.7430725097656,363.77194212406766,352.7721785417057,358.38272229289703,103602800,359.44502694266185,360.0842450930538,0.030986601389165314,9.988505866519791,40.2337886373508,366.78658599853514,14.575045631005858,395.93667726054684,337.63649473652345,10.999763582361936
2022-10-05,362.8961791992188,365.17696675948457,356.9873065081592,359.33546628917253,88065700,358.65905107770647,360.4591696405425,-0.002328273373574885,9.162353675993133,42.19987401007923,365.86932983398435,14.189648574248553,394.2486269824815,337.4900326854872,8.189660251325392
2022-10-06,359.1525573730469,364.4647709477656,358.65211166451684,361.48145078824734,82333500,357.8094242640904,360.28495467154306,-0.01031595822924547,8.448947721055644,41.6733888885091,364.6402984619141,13.613777390282069,391.86785324247825,337.4127436813499,5.812659283248763
2022-10-07,349.1344909667969,359.2392680246178,347.35411961140323,355.08186698658125,107789500,356.0386853899275,358.7982261775769,-0.027893624034102005,7.336170140945455,34.223403734659996,362.61229400634767,12.673679229735306,387.9596524658183,337.26493554687704,11.885148413214552
2022-10-10,346.4686889648437,350.50097799582414,344.20716742380444,350.2603880983618,76042800,354.38411603655135,357.1542878825459,-0.00763545874419691,6.610681288142978,34.94682064188068,360.24158630371096,10.814669392206346,381.87092508812367,338.61224751929825,6.293810572019709
2022-10-11,344.2745056152344,349.36539599992454,342.3209168490355,344.75568540364674,92482800,353.0333731515067,355.43698358023767,-0.006332991752198369,6.606067270787456,36.991876745525666,358.6175170898438,10.641670411147166,379.9008579121381,337.3341762675494,7.04447915088906
2022-10-12,343.138916015625,346.2762175212239,342.88869313661183,344.68833015037825,76991800,351.81942313058033,353.79724123828936,-0.003298500414894323,6.760567144769376,37.99288501757188,356.8647857666016,10.121844051204462,377.1084738690105,336.6210976641927,3.3875243846120497
2022-10-13,352.1947021484375,353.6767439796687,335.0069464624053,336.0655477704276,147254500,351.68331473214283,353.58356935964247,0.026391020400612808,6.7302299070880105,48.708886598722614,355.77952880859374,9.332015417579736,374.4435596437532,337.1154979734343,18.669797517263362
2022-10-14,344.1686706542969,356.3232771792702,343.5238767958525,354.6776211071193,123737000,351.224131992885,352.3282495322631,-0.02278862074068888,7.022964201075151,45.89578919517325,354.435595703125,8.94493914237187,372.32547398786875,336.54571741838123,12.799400383417662
2022-10-17,353.0127868652344,354.1291276246226,343.8318672427548,350.3085584986314,93168200,351.46059962681363,352.4195211766593,0.02569704033235798,7.023513442510783,51.918807282977376,353.38999328613284,7.679621116237629,368.7492355186081,338.0307510536576,10.297260381867773
2022-10-18,357.1605224609375,361.3179229746476,353.68638903881856,361.0099608546208,97162900,351.50184849330356,353.05165468122976,0.01174953358640396,7.057524928336236,50.34566357798611,352.7663864135742,6.740177999350715,366.24674241227564,339.28603041487276,7.631533935829054
2022-10-19,354.6295166015625,357.85342717171727,351.7905440019744,355.10106341284035,79746900,351.89435032435824,353.2620362706075,-0.007086465889162841,7.068530877699617,53.49489006665603,352.3386169433594,6.301361419338005,364.9413397820354,339.7358941046834,6.062883169742861
2022-10-20,351.65582275390625,358.642562804113,350.88591745740626,354.17720019106514,88283100,352.46007864815846,353.04787446838066,-0.00838535347016045,6.671092119622196,55.19766337564833,351.914697265625,6.028601302317651,363.9718998702603,339.85749466098974,7.756645346706762
2022-10-21,360.2015991210937,360.69238256834416,349.8562329554163,351.3767482695504,131038400,352.98800223214283,354.0017044220757,0.024301535234830807,6.985983165317791,54.88425935262676,352.2197662353516,6.293570369800221,364.806906974952,339.63262549575114,10.83614961292784
2022-10-24,364.609130859375,365.7543409881092,359.06593086609905,361.7413184100075,85436900,353.04986354282926,355.4160279470489,0.012236291424124301,7.091582272226145,50.626345487394744,352.920361328125,6.858028683429609,366.63641869498423,339.2043039612658,6.688410122010168
2022-10-25,370.4314575195313,370.7490232543905,364.4167102246839,364.5321886737236,78846300,353.58809770856584,357.41808522337993,0.015968680341145625,8.109306816312076,55.08376028113081,353.95682220458986,7.841910860520234,369.64064392563034,338.27300048354937,6.332313029706597
2022-10-26,367.640625,372.991342334759,366.99586047742855,367.2556870115996,104087300,354.1943882533482,358.7810905269293,-0.0075340051793094664,8.841576688087315,55.801151065572014,354.50970153808595,8.4062999232728,371.32230138463154,337.69710169154035,5.9954818573304465
2022-10-27,365.6773986816406,370.50843313307126,365.0518414682574,368.651086218105,81971800,355.3760245186942,359.7005982808908,-0.005340069037145678,9.211048911134103,62.70505635358285,355.33684692382815,8.659624613906308,372.6560961516408,338.0175976960155,5.456591664813857
2022-10-28,374.3771362304688,374.8583160500195,365.388700725527,365.5715514064671,100302000,357.3694850376674,361.65747000750116,0.023790744465457703,10.111043917829232,69.61582746898809,356.8689224243164,9.193224217970414,375.25537086025724,338.48247398837555,9.469615324492509
2022-10-31,371.6728515625,373.7804212016479,370.7586276654927,371.89420481868376,96631300,359.32650974818637,362.9928542148344,-0.007223423671642304,10.032716812168266,69.12019204762339,357.8120315551758,9.70808089574966,377.2281933466751,338.3958697636765,3.021793536155201
2022-11-01,370.0465087890625,375.6955844020603,368.8628252580524,375.45499449817896,85407600,361.2484806605748,363.93334149139815,-0.004375737336209551,9.23906781921249,68.64997174080047,358.1272033691406,10.00843954350811,378.1440824561568,338.1103242821244,6.832759144007923
2022-11-02,360.7597351074219,374.001812474992,360.6538896494972,369.4498410376688,126990400,361.86026872907365,363.5101939735347,-0.025096233746483954,8.869623381486603,55.91757783689893,358.02038116455077,9.966172397936408,377.9527259604236,338.08803636867793,13.347922825494777
2022-11-03,357.0450439453125,360.11497341324537,354.9086044624389,357.4877211372206,87100100,362.7800096784319,362.64817396977173,-0.010296856330164639,7.447579191440491,59.459842421530226,357.9150054931641,9.964713089392106,377.8444316719483,337.98557931437983,5.20636895080645
2022-11-04,362.1840515136719,364.6091872010367,356.0730620081336,362.8095793974767,103505200,363.43510001046315,362.58629097562505,0.014393163147074839,6.9060296030348,57.125751285852324,358.56748352050784,9.785132113725762,378.13774774795934,338.99721929305633,8.536125192903114
2022-11-07,365.6484680175781,366.24512615021285,361.3948265212132,363.4927629775348,68286900,364.0413818359375,362.9945812478855,0.009565348030724952,6.68174764562275,56.665613779623214,359.5264724731445,9.471824463556887,378.4701214002583,340.58282354603074,4.8502996289996645
2022-11-08,367.6213684082031,370.6239256710497,363.5024704814216,366.7648542643237,84641100,364.9693712506975,363.6114862025945,0.005395620556873704,6.1554951466778745,60.29277010733353,360.69381561279295,8.91552389980295,378.5248634123989,342.862767813187,7.1214551896280796
2022-11-09,360.047607421875,366.793757720373,359.5471616260403,365.629281440746,78495500,365.56878444126676,363.13630236516525,-0.02060206951277732,5.07266130803125,56.19671043558288,361.5392501831055,7.9079994630918335,377.35524910928916,345.7232512569218,7.246596094332688
2022-11-10,379.8336791992188,380.1705109031337,371.1243373389023,373.4435979246692,141455800,366.97107587541853,365.36261927637236,0.05495404321395769,6.086967491567463,62.432936388908665,362.9211990356445,8.575861341087576,380.07292171781967,345.7694763534694,9.046173564231367
2022-11-11,383.5098876953125,384.3182661382991,378.7943027245696,380.6997850773184,93839900,368.32112993512834,367.7822550655644,0.009678469017923907,7.463252130999481,62.081703166282466,364.8882598876953,8.56004417477441,382.00834823724415,347.7681715381465,5.523963413729518
2022-11-14,380.24749755859375,385.1170344918922,379.96840506811,381.7295394766488,71903500,369.02227565220426,369.4442873979683,-0.008506664994542779,8.109842114396944,56.48688634618234,366.24999542236327,8.735907804494945,383.7218110313532,348.77817981337336,5.148629423782211
2022-11-15,383.4906005859375,387.166820664002,379.6411628586773,386.0504801988311,93194500,370.1544167654855,371.3171291563642,0.00852892668108618,8.963528955734596,60.41214593988615,367.5664993286133,9.262152515508877,386.0908043596311,349.04219429759553,7.52565780532467
2022-11-16,380.5650939941406,382.80737881272125,379.9299331698804,381.84501926727535,68508500,371.21782357352123,372.5501911347344,-0.007628626587788512,9.269428246863193,59.6579030725372,368.8632781982422,9.170683116536797,387.2046444313158,350.5219119651686,2.8774456428408257
2022-11-17,379.400634765625,380.0839312190446,375.4549839479505,375.76291669591336,74496300,371.57664489746094,373.46358361885314,-0.003059816170459251,9.49560426422005,53.61195321510131,370.2505187988281,8.505038068963307,387.2605949367547,353.2404426609015,4.628947271094091
2022-11-18,381.1232299804688,382.8362287083883,378.2457844858154,382.7688564951449,92922500,372.25167192731584,374.4848698004019,0.004540306623123991,9.832885461962608,56.892227787382815,371.2966003417969,8.490636044598252,388.2778724309934,354.31532825260035,4.5904442225728985
2022-11-21,379.7374572753906,380.9211701132829,377.8801103632461,379.7855928749764,51243200,372.94388253348217,375.18521479706703,-0.0036360226721137145,10.005303728485023,57.09256497156969,372.05301666259766,8.537254621833641,389.12752590626496,354.97850741893035,3.0410597500368226
2022-11-22,384.8475341796875,385.0111482067933,380.2763268397176,381.7006293837048,60429000,374.6644396100725,376.4735240480831,0.013456868176664916,9.81826545840035,68.77723595957882,372.7738204956055,8.989727102612441,390.7532747008304,354.7943662903806,4.734821367075654
2022-11-23,387.2727355957031,387.7635189859373,384.27978218086406,384.510739070386,68261600,376.8235604422433,377.91341892109915,0.006301720033584202,8.928946708793344,74.04692459445585,373.75542602539065,9.459293756243044,392.67401353787676,354.83683851290454,3.4837368050732493
2022-11-25,387.1861267089844,387.7443117261016,386.4258837671188,386.704946906793,30545400,378.6094229561942,379.14977995948385,-0.00022363796559421445,8.250204894288808,71.62843988257404,374.8308624267578,9.711860505233737,394.2545834372253,355.4071414162903,1.3184279589827952
2022-11-28,381.0078125,385.7233689105327,380.2379071587812,384.0681091380195,67881600,379.7065189906529,379.39751763155266,-0.015956961736979025,7.368183650148784,62.69095244363146,375.1623962402344,9.80825379153973,394.77890382331384,355.54588865715493,5.485461751751529
2022-11-29,380.3534240722656,382.34548627470593,378.49604758331645,381.1425366836467,52310000,380.61595153808594,379.5249718236477,-0.0017175197102667905,6.495918065616624,60.754432165239265,375.59642486572267,9.837728763570231,395.2718823928631,355.9209673385822,3.84943869138948
2022-11-30,392.334716796875,392.334716796875,378.6692294177016,380.6035520560882,144566700,382.9221736363002,381.232937820078,0.03150042030996136,3.8065914904513543,75.38215353316279,376.7108352661133,10.421051252128981,397.5529377703713,355.8687327618553,13.665487379173385
2022-12-01,392.0461120605469,394.5674898576885,389.5151012680474,393.3837768153157,76398200,383.7944902692522,382.67469438547386,-0.0007356084587272216,4.397780473804675,63.84487589061011,378.27515411376953,10.247359412723425,398.7698729392164,357.7804352883227,5.052388589641112
2022-12-02,391.59368896484375,392.5079128248472,387.00324494190295,387.1090903847843,85342700,384.3719046456473,383.86389366272317,-0.0011540048014383464,4.863561126806502,59.88705415130112,380.0025863647461,9.353143217564684,398.70887279987545,361.29629992961674,5.504667882944261
2022-12-05,384.5491943359375,389.6881900773531,383.1826604159801,388.74509664864746,77289800,384.6791687011719,383.95526708581843,-0.017989295607720335,4.716614576819693,54.81574459245977,381.1208435058594,8.398953418664327,397.91875034318804,364.32293666853076,6.505529661373032
2022-12-06,379.0060424804688,384.93418073616976,376.8985021196711,384.38565812195566,77972200,384.3588431222098,383.2953704717718,-0.014414675513859665,4.950050801149102,45.225423684757814,381.7887222290039,7.596615217176814,396.9819526633575,366.5954917946503,8.035678616498672
2022-12-07,378.361328125,380.7479906588577,377.21611777804566,378.1496078246668,65927900,384.20143127441406,382.6374981588689,-0.0017010661657248516,5.112351506054124,47.53394989423848,382.3257202148437,6.889077822800672,396.1038758604451,368.54756456924235,3.5318728808120454
2022-12-08,381.3253479003906,382.4031859233919,378.46713879312887,380.26677586493946,60737900,384.3389107840402,382.4625447910718,0.00783383383835523,4.997917972796995,52.07040064709662,383.38960723876954,4.4943109938606325,392.3782292264908,374.40098525104827,3.9360471302630344
2022-12-09,378.4767456054688,382.6533823401182,378.3516341705816,380.0742659107942,81447700,384.1498761858259,381.93110489965807,-0.007470267346785242,5.175783056745236,47.22052707422013,383.321760559082,4.560570812887109,392.4429021848562,374.2006189333078,4.301748169536609
2022-12-12,383.9333801269531,383.9333801269531,378.6018996369105,379.2755337460361,75405800,384.4495849609375,382.1980749299641,0.014417357433030853,5.019756110076221,54.05963852646921,383.3429351806641,4.562472990733213,392.46788116213054,374.21798919919763,5.3314804900426225
2022-12-13,386.8396606445313,395.0389532502856,384.0488238871105,394.7791267505234,123782500,384.59187970842635,382.81695302523974,0.007569752118498307,5.059978696525078,52.01327668351857,383.67254333496095,4.56519763924605,392.802938613453,374.5421480564689,10.990129363175129
2022-12-14,384.3663940429688,390.2367931052584,381.3927065914141,386.4932004010938,108111300,384.38428388323103,383.023545160937,-0.00639351869309801,5.000803846496783,47.06565284024844,383.7163330078125,4.567560302106975,392.8514536120265,374.58121240359856,8.844086513844331
2022-12-15,374.964111328125,380.3725666533724,373.28961530940006,379.45831344264366,117705900,383.5112827845982,381.9489539832287,-0.024461771009545386,5.514484447187435,39.61392496650707,383.43628387451173,4.928392829856008,393.2930695342237,373.57949821479974,7.082951343972354
2022-12-16,370.5372924804688,373.7373278827568,368.3813946829361,372.38384349117297,119858000,382.76338849748885,380.42739911619407,-0.01180598012960865,6.501776219900622,40.82932665321667,382.9931167602539,5.655279951432888,394.30367666311963,371.68255685738814,5.355933199820697
2022-12-19,367.3952331542969,371.06900993855896,365.7130476474145,370.7306314907823,79878100,381.83780343191967,378.6897769879412,-0.008479738449909346,7.685794009874146,39.12440795802764,382.3067169189453,6.6413229374294644,395.58936279380424,369.0240710440864,5.355962291144465
2022-12-20,367.89794921875,369.5318074686234,365.2973123359925,366.63147156997127,74427200,380.09232003348217,377.2508666187157,0.001368324951135147,7.890641767225011,24.595878711583424,381.7147415161133,7.37006402456068,396.4548695652347,366.9746134669919,4.2344951326309115
2022-12-21,373.3988952636719,374.5396868878928,369.9764908872689,370.5178845226192,78167400,378.7603759765625,376.7372704380432,0.01495236941821343,7.266787985892744,32.51006119726817,381.1423095703125,7.556190815505249,396.254691201323,366.02992793930196,4.563196000623918
2022-12-22,368.0719909667969,373.3795966336273,362.3196458514973,370.3245723752597,100120900,377.0802546909877,375.58189984187703,-0.014265988369123184,6.773869735962874,29.78641379632286,380.18227233886716,7.946008758442337,396.07428985575183,364.2902548219825,11.059950782129988
2022-12-23,370.189208984375,370.33421987821686,365.471324546437,367.0375012074139,59857300,376.0545414515904,374.8628743942101,0.005752184544161931,6.641832868067237,36.51786737570771,379.3324264526367,8.065536257036532,395.4634989667098,363.2013539385636,4.862895331779839
2022-12-27,368.7293701171875,370.42123274967673,367.0375074846983,370.0732065985041,51638200,375.32049342564176,374.0450738239404,-0.00394349384519499,6.855006456310155,39.55034450914115,378.71850433349607,8.39199024457396,395.50248482264396,361.9345238443482,3.383725264978409
2022-12-28,364.1468811035156,370.65331259779833,363.9148636487998,368.6617212644201,70911500,374.30517578125,372.72531479455046,-0.012427784128547947,7.400910720979747,36.617937828353675,377.9081771850586,8.987157926408312,395.88249303787524,359.933861332242,6.738448948998553
2022-12-29,370.70166015625,371.5814323921783,366.4864893062941,367.0182353409745,66970900,373.5463409423828,372.4554941761104,0.018000371259176307,7.1666756449482705,40.63180681312377,376.82652435302737,8.444931615516548,393.71638758406044,359.9366611219943,5.094943085884154
2022-12-30,369.7251586914063,369.870169590767,365.8580440218217,367.9946461194625,84022200,372.92122759137834,372.09144944481653,-0.0026341977115292847,7.084750292703854,42.019160338144566,375.7104766845703,7.77615392057191,391.26278452571415,360.1581688434265,4.012125568945294
2023-01-03,368.1686706542969,373.59228498534856,365.2779822862928,371.6007232288444,74850700,371.79517691476,371.56841227274725,-0.00420985156276199,6.421630271288292,34.52273092253968,374.53922576904296,6.981436505203908,388.50209877945076,360.57635275863515,8.314302699055759
2023-01-04,371.010986328125,373.0605523574748,367.3758891417353,370.4502381857599,85934100,370.66455732073103,371.49408881346426,0.0077201454126361035,4.743153886520806,34.44038993671444,373.86231536865233,6.606031960049795,387.0743792887519,360.65025144855275,5.684663215739533
2023-01-05,366.7765197753906,369.1547871931726,366.1771216826261,369.038778466024,76970500,369.4081377301897,370.86507960838776,-0.011413318496691027,2.7420354322459897,33.28779205807321,373.25083923339844,6.6705401667005795,386.5919195667996,359.90975889999726,2.977665510546501
2023-01-06,375.1874694824219,376.3186135568416,366.8055145734649,369.899188748885,104189600,369.4240918840681,371.44139825825897,0.022932083308337292,2.7772721459269665,50.21628774692531,373.0921463012695,6.579696790613769,386.25153988249707,359.93275272004195,9.513098983376722
2023-01-09,374.9747924804688,380.6208063538123,374.7911316610883,377.4014165884856,73978100,369.7410561697824,371.912517487887,-0.0005668552903604906,3.143205859386256,54.67889849215185,372.7746185302734,6.3091331360057294,385.39288480228487,360.15635225826196,5.829674692724041
2023-01-10,377.6044006347656,377.6720822226874,373.4375869197752,374.3850406394487,65358100,370.4702824183873,372.67143524080416,0.00701275980953775,3.693249222152367,60.88214130967982,372.73100128173826,6.2705348984330405,385.2720710786043,360.1899314848722,4.234495302912194
2023-01-11,382.3802795410156,382.4576383548112,378.3778312875124,379.19959903756825,68881100,371.5047345842634,373.9659478141657,0.012647836990833827,4.784357709664427,64.14813419108333,372.6533462524414,6.132601506009164,384.9185492644597,360.38814324042306,4.079807067298816
2023-01-12,383.7724609375,385.2516311546542,379.3833069228364,383.4921163597919,90157700,372.2457035609654,375.27348289727695,0.0036408294856509205,5.796509545730736,61.018758934562555,372.49998626708987,5.787827667408387,384.0756416019066,360.9243309322731,5.86832423181778
2023-01-13,385.2612915039063,385.8413645938703,380.2727101362045,380.5434069776886,63903900,373.47351074218756,376.60519071149423,0.0038794617069950466,6.608120318801073,69.87927569653125,372.5447311401368,5.88700294053381,384.3187370212044,360.77072525906914,5.568654457665787
2023-01-17,384.5555419921875,386.9338387695621,383.86913739566575,385.24197609245294,62677300,374.49967738560275,377.66523754892006,-0.0018318723611288057,7.151959552832403,67.17525947719287,373.0243026733399,6.457495312612138,385.93929329856417,360.1093120481156,3.064701373896355
2023-01-18,378.4841613769531,386.82746578377805,378.2811461230408,385.7543556522129,99632300,375.1964481898717,377.7744273926578,-0.01578804607464923,7.02051742418887,60.50386478605167,373.4216461181641,6.540372070684558,386.50239025953323,360.340901976795,8.546319660737254
2023-01-19,375.72894287109375,378.0878560993273,374.39478335011614,376.4249953129094,86958900,376.0237383161273,377.50169612311595,-0.007279613751433267,6.259445393170319,62.9823292738576,373.83833160400394,6.400190370728028,386.63871234546,361.03795086254786,3.693072749211183
2023-01-20,382.7283630371094,382.8830511722103,375.4775226628197,377.1403832354732,91806400,376.88278852190297,378.19858504498177,0.018628908682227996,6.2980123318381205,63.34767820962938,374.5798522949219,6.533451397663544,387.64675509024903,361.5129494995948,7.405528509390592
2023-01-23,387.3205871582031,389.2734696714771,382.5736998103286,383.5404785898448,84178800,378.13960484095986,379.4148519934113,0.011998651170382457,6.511801270707618,68.07722672071117,375.2759368896485,7.116603071370831,389.50914303239017,361.04273074690684,6.699769861148468
2023-01-24,386.9048461914063,387.8232682509548,384.4298950883421,385.6286912309607,59524900,379.47790309361056,380.4135178864773,-0.0010733768887606354,6.223908997095193,69.71123438295629,376.217579650879,7.355182988625029,390.927945628129,361.50721367362894,3.393373162612704
2023-01-25,387.0498962402344,387.3882747190251,380.4854599651846,382.7960754456079,84800300,380.6235395159041,381.29836833364493,0.00037489850606919894,6.018261971080791,67.8888390428934,377.0606140136719,7.59036546581906,392.24134494531,361.8798830820338,6.9028147538405165
2023-01-26,391.3036804199219,391.4680457812394,386.7404837571729,389.7375036401374,72287400,382.37547956194203,382.63240994514854,0.010990273401461526,5.190290803102214,77.34434220965956,378.1893295288086,7.955913562604949,394.10115665401855,362.2775024035987,4.727562024066515
2023-01-27,392.2027587890625,394.600380481593,390.03718403693375,390.2498765217852,68346200,383.5908573695592,383.9084564576704,0.0022976486399917118,5.366824481235135,72.78620429227774,379.592123413086,7.821912136384188,395.23594768585434,363.9482991403176,4.563196444659241
2023-01-30,387.2818908691406,391.6710745979234,386.9821918208505,389.4184636177157,74202000,384.46993582589283,384.3582477125331,-0.012546744788627162,4.827841644123671,64.6356219029694,380.4211349487305,7.707859502172442,395.83685395307543,365.0054159443856,4.688882777072877
2023-01-31,392.9762268066406,393.0245539413983,387.4558990435297,387.8039547265191,86811800,385.5679234095982,385.50731159174745,0.014703336437241532,4.893858417543462,67.03825577273305,381.5836883544922,7.762957517791599,397.1096033900754,366.057773318909,5.568654897868612
2023-02-01,397.1527099609375,399.9273898352684,388.9834469940216,391.7484201356325,101459200,386.62309701102123,387.0600313743061,0.010627826492801695,5.68267799911887,66.59437852884612,383.0328903198243,7.8319006438130945,398.6966916074505,367.3690890321981,10.94394284124678
2023-02-02,402.9339904785156,404.4131605811476,399.163559776095,401.0777625537705,101654500,387.9917776925223,389.1765592548674,0.014556820015521943,7.079221407184365,69.59278853324862,384.6290405273438,8.479102448893947,401.5872454251317,367.67083562955594,5.249600805052637
2023-02-03,398.6512145996094,403.11772760470126,397.43306396049513,397.9164533247474,94736800,388.94820077078685,390.4398466341663,-0.010628976408319724,7.569480692482292,62.95129137741607,386.22277526855476,7.9243709643932645,402.0715171973413,370.37403333976823,5.684663644206125
2023-02-06,396.21490478515625,397.6264229410593,394.54239650327366,396.1762548795455,60295300,389.78101239885603,391.20985438763165,-0.006111381892815904,7.689458201267839,60.912112217781846,387.27414703369146,7.776734787535357,402.8276166087622,371.72067745862074,3.08402643778561
2023-02-07,401.3968200683594,402.6536204805971,394.02997165922136,395.2867720714591,90990700,391.41763087681363,392.5681164783954,0.013078547072864266,7.536933883768703,71.80725551134223,388.5952484130859,7.821509038956411,404.23826649099874,372.9522303351731,8.623648821375753
2023-02-08,397.0076904296875,400.7587967252585,396.3116085449037,399.40531236699735,76227500,392.93754141671315,393.160059671901,-0.010934639785946443,6.147181233713731,69.64129375376767,389.565412902832,7.586310844423831,404.73803459167965,374.39279121398437,4.447188180354772
2023-02-09,393.5658874511719,400.7974018299612,392.3284120525078,400.6427137171606,78694900,393.7116503034319,393.21417004247047,-0.008669360975830265,5.399572306104629,60.706735471360005,390.1246932983398,7.439623279600355,405.00393985754056,375.2454467391391,8.468989777453373
2023-02-10,394.48443603515625,394.8711416605061,391.5550974051024,392.3768357950654,70769700,394.22335379464283,393.3835388414953,0.002333913109017427,5.077141059047695,57.631328285767246,390.66029205322263,7.343206945145866,405.3467059435144,375.9738781629309,3.3160442554037104
2023-02-13,399.115234375,399.2505975536563,394.67772371985546,395.1417881132916,64913500,395.0955243791853,394.14776491262927,0.011738861959641467,4.762240083836972,61.93535916150898,391.35298919677734,7.459615245562725,406.2722196879028,376.4337587056519,4.572873833800827
2023-02-14,398.9316101074219,401.26152100489657,394.9388090237567,397.5780962118597,88389300,395.94421822684154,394.7856109386017,-0.0004600783226570426,4.249213339999162,61.60533629661777,392.07179260253906,7.462777711698207,406.9973480259355,377.14623717914264,6.322711981139889
2023-02-15,400.2270812988281,400.3044106179049,395.86689965424887,396.717669682825,61555700,396.58160400390625,395.51114031996525,0.0032473515725099933,4.168067789455171,59.25041759465479,393.1589385986328,6.944953697587304,407.0488459938074,379.2690312034582,4.437510963656052
2023-02-16,394.7164001464844,399.1925901765336,394.5810664725947,395.2094667168012,76431500,396.76114981515065,395.40517496350117,-0.013768886239432732,4.016309485708553,52.37835911787585,394.10831146240236,5.605495490060809,405.31930244252396,382.89732048228075,4.611523703938872
2023-02-17,393.7303161621094,393.97201084530985,390.6269351871185,392.5701698812489,89257800,397.22175162179127,395.18186045664896,-0.0024982088000626845,3.1139770592488554,56.59223614769963,394.65840911865234,4.928955903899986,404.5163209264523,384.8004973108524,3.3450756581913765
2023-02-21,385.8317260742188,390.7333013957311,385.5707064342329,389.6698388747305,82655900,396.71143014090404,393.9351758723249,-0.02006091419345646,4.243740181420108,43.01114045305748,394.58396606445314,5.05523900640915,404.69444407727144,384.47348805163483,5.1625949614982005
2023-02-22,385.2999877929688,387.8039410623445,383.8304653001732,386.24741202780353,83742300,395.86480712890625,392.78381746174415,-0.0013781611135516014,5.219142286552634,37.515236689433884,394.50372314453125,5.1943693139444695,404.8924617724202,384.1149845166423,3.97347576217129
2023-02-23,387.349609375,388.8384570335068,383.08611119637726,388.2197044208162,96242400,394.75163705008373,392.05925638351164,0.005319547487586451,5.257229260822361,32.184021931694375,394.51870880126955,5.172118041827382,404.86294488492433,384.1744727176148,5.752345837129553
2023-02-24,383.2117004394531,384.052793088236,380.56273655639154,382.2836012584245,108194400,393.6488146100725,390.8795822576372,-0.010682620649143049,5.950024969210283,32.29097680670381,394.1141098022461,5.7239263269673,405.5619624561807,382.6662571483115,3.490056531844459
2023-02-27,384.516845703125,387.9585750022207,383.5693920968889,386.5857364710411,80444700,392.81323896135603,390.03121738370226,0.003405807448402909,6.36861165144242,36.22495623000161,393.72981414794924,6.10437234080664,405.9385588295625,381.521069466336,4.389182905331779
2023-02-28,383.0957336425781,386.015394668856,382.9893726445918,384.0335101532567,96438600,391.50601850237166,389.10648621821906,-0.003695838235508897,6.349429272789955,26.35534211792158,393.52050628662107,6.401626560566007,406.3237594077531,380.71725316548907,3.0260220242641935
2023-03-01,381.6262512207031,383.51148166812266,380.3114462243213,382.2740059935144,99706800,390.40734427315846,388.1091215518836,-0.0038358099368602794,6.647963793807652,28.505900845999662,392.95300750732423,6.9334110839761784,406.8198296752766,379.08618533937187,3.2000354438013687
2023-03-02,384.59423828125,385.4450082711098,379.2962803013244,379.6346587523475,85127800,389.7665121895926,387.6404704491325,0.007777208855662243,6.751677737275698,37.294726660921555,392.32508392333983,7.099730749743038,406.5245454228259,378.12562242385377,6.148727969785455
2023-03-03,390.7623291015625,391.01370103305777,385.7737469075466,386.431149416652,90120000,389.50064740862166,388.0567182694565,0.01603791790505671,6.623676925935964,45.411189284773684,391.7165008544922,6.649903817907052,405.0163084903063,378.4166932186781,5.23995412551119
2023-03-06,391.0329895019531,393.91400070480057,390.5882795524348,391.5937081771072,72795900,388.92334420340404,388.45355443378935,0.0006926471162482795,6.048471721375821,38.83550562062999,391.33558959960936,6.446860763280127,404.2293111261696,378.44186807304914,3.325721152365759
2023-03-07,385.0389404296875,391.2263476837906,384.4202174065238,390.9846530099192,108310600,387.9310106549944,387.9982725665758,-0.01532875545845902,5.383230201348483,33.46371487126876,390.77679138183595,6.4859087154860635,403.7486088128081,377.8049739508638,6.806130277266789
2023-03-08,385.6673583984375,386.4310923018348,383.4147475847009,385.154966885639,74746600,386.89103044782365,387.68748401082405,0.001632089388280411,4.071647944878318,32.39008869678834,389.99031829833984,6.070739672849836,402.1317976440395,377.84883895264016,3.0163447171339044
2023-03-09,378.5518798828125,388.1423379350798,377.556098963896,386.4601228702266,111945300,385.73642185756137,386.46940346042254,-0.018449781555725853,3.9725931087769735,31.179696432847862,389.0675277709961,6.344443229454535,401.75641422990515,376.37864131208704,10.586238971183832
2023-03-10,373.0895690917969,380.09871461859655,371.552394509817,378.000791872376,189253000,384.2620827811105,384.6854255446058,-0.014429490596392203,4.5638085213700155,28.236515350625922,388.04371185302733,7.177755040503255,402.39922193403385,373.6882017720208,8.546320108779526
2023-03-13,372.5578002929688,377.42072514631934,368.00428118718577,369.125747943245,157790000,383.3139452253069,383.06840884438753,-0.0014253113538460482,5.496218754778743,33.429867990570486,386.94738006591797,7.790597714097505,402.528575494113,371.36618463772294,9.416443959133574
2023-03-14,378.7162170410156,380.3790775248741,374.1916704662189,377.5270686617832,149752400,382.8436758858817,382.48811660393795,0.016530097459250603,5.594008206991714,42.79366699691411,385.92742919921875,7.441223063593694,400.80987532640614,371.04498307203136,6.187407058655197
2023-03-15,376.3476867675781,376.5507020743173,370.9627212457901,373.0703216580723,172996900,382.05782427106584,381.66939262575664,-0.0062541031169546235,5.68436872232985,38.04122186123992,384.79823303222656,7.068184004296817,398.9346010408202,370.6618650236329,5.587980828527236
2023-03-16,382.95068359375,383.2987392557896,373.4569395073944,373.9693310207148,143254200,382.03918021065846,381.8402314214891,0.01754493798775414,5.680719904083921,49.73071306726412,383.93441314697264,6.068320072153731,396.0710532912801,371.79777300266517,9.841799748395204
2023-03-17,378.4729614257813,382.7527306190726,377.07548456199856,381.607585016245,140553400,381.6074741908482,381.391262088728,-0.011692686185981183,5.707535040331858,44.14772210146088,383.1222412109375,5.619746237179631,394.36173368529677,371.8827487365782,5.677246057074058
2023-03-20,382.11224365234375,382.5295676004124,378.5506409735536,379.2590639980232,93055800,381.53722490583147,381.4873929638768,0.009615699395942423,5.693844298355958,49.086912593279294,382.54133758544924,5.035606209741678,392.6125500049326,372.4701251659659,3.978926626858822
2023-03-21,387.1295471191406,387.614781311772,383.8978708110625,385.50885188456,91524200,381.9303174700056,382.2396801845787,0.013130444130342367,5.887150642762789,54.793559959638124,382.6062286376953,5.088325448033418,392.7828795337622,372.42957774162846,3.7169105007095027
2023-03-22,380.53033447265625,390.6038007893658,380.49153706201895,386.9548598944108,111746600,381.6400386265346,382.01176742298907,-0.017046522786992147,5.845740513625305,46.670800062000914,382.3677459716797,5.067157305396435,392.5020605824726,372.2334313608868,10.112263727346829
2023-03-23,381.55908203125,387.4983440278392,378.8223539767132,383.4223648140036,119351300,380.982663835798,381.9514093707572,0.0027034574261193267,5.225567733800065,41.76736384860149,382.0782196044922,4.931125867216479,391.94047133892514,372.2159678700592,8.675990051126007
2023-03-24,384.0628356933594,384.1501742877556,377.9003559693256,380.2683010274311,107682400,380.4847957066127,382.2329328804375,0.0065619029398553685,4.472079632104088,44.004477256189546,382.1207763671875,4.945075938452851,392.0109282440932,372.2306244902818,6.249818318430016
2023-03-27,384.7810363769531,387.1392972808618,383.8785078026541,386.3629047306469,74010400,380.4663739885603,382.57268001330624,0.0018700082821008213,4.4523645383399835,49.75601362466575,382.1339859008789,4.952161090853869,392.03830808258664,372.2296637191711,3.2607894782076983
2023-03-28,383.9172973632813,384.780998821684,382.0636992020135,384.0822604028624,62871700,380.34136962890625,382.75196232663626,-0.00224475463189322,4.317638402011631,48.35171910299676,382.17506408691406,4.963952068513475,392.102968223941,372.24715994988713,2.7172996196705412
2023-03-29,389.4975280761719,389.74014519474224,386.9063642186472,388.1194498114992,77497900,381.1232016427176,383.651371093241,0.014534981234800348,4.917952385099686,60.61607931979811,382.5686279296875,5.223403891074542,393.01543571183663,372.1218201475384,2.8337809760950563
2023-03-30,391.7781066894531,392.40890522902254,389.89539561567375,392.1565739666567,69840000,382.4580971854074,384.73493583940257,0.005855181224244443,5.102501857389512,69.31812159464596,382.92782135009764,5.603222848182287,394.13426704646224,371.72137565373305,2.5135096133487878
2023-03-31,397.3000793457031,397.6009221855854,392.60298614628937,392.7097530726308,112062600,384.22540283203125,386.4102883069093,0.014094643273742324,5.663671098586131,73.18399586393781,383.2547088623047,6.238974269242724,395.7326574007902,370.77676032381925,4.9979360392960075
2023-04-03,398.8139953613281,399.2215754985895,396.3781102334782,396.776005825987,67391100,385.6609584263393,388.06411591416514,0.003810510227227226,6.625287453116552,70.62741334509373,383.6437591552734,6.951462332917905,397.54668382110924,369.7408344894376,2.8434652651113197
2023-04-04,396.6013488769531,399.7553712947933,395.2135565046802,399.4642129941079,66601500,387.10764857700894,389.20241364253684,-0.00554806629183191,6.646468007126737,70.85413493009165,384.22187957763674,7.5302962788758165,399.2824721353884,369.1612870198851,4.541814790113108
2023-04-05,395.56292724609375,396.63044841336455,393.8937204071827,395.8637700819139,65200200,388.0085231236049,390.05048212301114,-0.002618300804573259,6.889966566988438,64.66685688814701,384.7166580200195,7.944000443768369,400.60465890755626,368.82865713248276,2.7367280061818633
2023-04-06,397.10595703125,397.387401152786,393.69960355523335,394.7574105308096,63743300,389.3394513811384,390.99121211077636,0.0039008452988726905,6.703434809925565,73.25575903467612,385.6443618774414,8.263149869429498,402.1706616163004,369.1180621385824,3.687797597552674
2023-04-10,397.5135498046875,397.5912038623676,393.9810602052244,394.602144584938,63681000,390.4395446777344,391.8608571366312,0.0010264081065030073,6.689883160343837,70.90901407330321,386.8655609130859,8.1134765343548,403.0925139817955,370.63860784437634,3.610143657143169
2023-04-11,397.6203308105469,399.0372064417564,396.8439679043257,398.1443920612367,59297900,391.1888863699777,392.62878695982,0.0002686223046028946,6.875572150349985,66.43353768371462,388.11868743896486,7.712901248743411,403.54448993645167,372.69288494147804,2.193238537430659
2023-04-12,395.9996643066406,399.998019452113,395.4076927304197,399.7068611288276,86420400,392.29383850097656,393.07823727272944,-0.004075914580631501,6.245006546609122,78.71041336506659,388.9828598022461,7.5709122620718485,404.1246843263898,373.84103527810237,4.590326721693316
2023-04-13,401.2595520019531,401.6186205547557,395.9413747536693,397.096234465644,85814800,393.70101492745533,394.169079236626,0.013282555944894803,5.846947745207267,81.6002153853686,390.2284530639648,7.430715271221541,405.0898836064079,375.36702252152173,5.677245801086372
2023-04-14,400.2793884277344,402.8317250612592,397.9502701883482,400.6190582913906,78161500,394.85934012276783,394.98378712877377,-0.002442717112473791,5.378195511683894,77.34863612969646,391.0948883056641,7.546823075277311,406.1885344562187,376.0012421551095,4.881454872910979
2023-04-17,401.71575927734375,401.73515798671474,398.9499179499381,400.192116525738,66436400,396.06896318708147,395.8813834152498,0.0035884207159686543,4.811672317052051,77.8843515742695,392.2570281982422,7.285944332461106,406.8289168631644,377.68513953332,2.7852400367766563
2023-04-18,401.9777526855469,403.44316961087713,400.5899898260658,403.30728980381537,63560000,397.35899571010043,396.6942326512894,0.00065218603490802,3.561878422152063,80.33917247248321,393.2503036499023,7.183528747718489,407.6173611453393,378.8832461544653,2.8531797848113456
2023-04-19,401.9097900390625,402.8220030713363,399.988251980332,400.0464777139592,55227300,398.2455858503069,397.38964030299246,-0.00016907066630011958,2.9460949279152318,75.59019943650912,393.98931579589845,7.280322741158749,408.54996127821596,379.42867031358094,2.8337510910043306
2023-04-20,399.716552734375,401.482812433714,398.1540831183915,399.0663258371117,75840400,398.81261771065846,397.6998952938435,-0.0054570387660234365,2.298281703703736,66.4257470381788,394.94862670898436,6.6503280537364065,408.2492828164572,381.64797060151153,3.328729315322505
2023-04-21,400.0271301269531,400.49293605549497,398.0570802438991,400.0174159646591,73457400,399.00740705217635,398.01019327159145,0.0007769940735591341,2.2756799819366997,57.194151933790614,395.87202911376954,5.937251940480031,407.7465329947296,383.9975252328095,2.435855811595843
2023-04-24,400.4443664550781,400.8713749052698,398.47431685747074,399.82325248521954,64332100,399.12386213030135,398.33474969605635,0.0010430200771447407,2.306528046699881,54.56518618275784,396.6911056518555,5.3202678182841465,407.3316412884238,386.0505700152872,2.397058047799078
2023-04-25,394.0877990722656,399.017795182354,394.029573336948,398.4549069191568,97766700,398.94432285853793,397.76848961288425,-0.015873784014203585,2.5974619017342664,44.28751359389218,397.1564437866211,4.579108203961341,406.31466019454376,387.9982273786984,4.988221845406031
2023-04-26,392.4186401367188,395.7958812792329,391.8557814211409,394.7089612654626,80447000,398.71973092215404,397.05517634939554,-0.004235500158787597,3.0147461363979873,43.05321071226311,397.58151092529295,3.5685361209719253,404.7185831672368,390.4444386833491,3.940099858092026
2023-04-27,400.2308654785156,400.5025954384482,394.7282967694496,394.98062802379576,92968400,398.9429386683873,397.4786015666116,0.019907885464041764,3.0017274920491865,55.40633721538023,398.11817779541013,3.0596063140378074,404.23739042348575,391.9989651673345,5.774298668998597
2023-04-28,403.64691162109375,403.6566257822549,399.2798038522851,399.3380295865616,89335600,399.3810359409877,398.3010429072092,0.008535189155123968,3.2169261858451614,59.61074608594195,398.7116180419922,2.9126728067323455,404.53696365545693,392.8862724285275,4.376821929969765
2023-05-01,403.2393493652344,405.28702354958,403.0064168014525,403.200522335213,62122300,399.7823944091797,398.9594837682792,-0.0010096999236847148,3.3289319418002923,58.72256846868531,399.0085815429687,3.060218066951037,405.1290176768708,392.8881454090667,2.280606748127525
2023-05-02,398.707275390625,402.5697506864298,395.7764711795363,402.5212094915716,103998500,399.97579520089283,398.925855984592,-0.011239165973617404,3.166974072650233,53.85468268153804,399.0032455444336,3.0606682267140775,405.12458199786175,392.8819090910054,6.793279506893498
2023-05-03,395.9705200195313,401.647766285152,395.72790291088376,399.21188103710034,91531800,399.59800720214844,398.53181118925056,-0.006864071814120853,3.314101421839896,41.88747286244035,398.9717041015625,3.089835024910399,405.1513741513833,392.7920340517417,5.919863374268232
2023-05-04,393.1658325195313,395.2426193095674,391.8168673481528,394.91266363699503,94901900,399.0898960658482,397.81634736662136,-0.00708307148689169,3.7218337172235594,39.66727396039739,398.8518493652344,3.270245533694705,405.39234043262377,392.311358297845,3.425751961414562
2023-05-05,400.4443664550781,401.5021734196709,396.5722071533812,396.83422295022166,87844000,398.99908229282926,398.1667499117489,0.018512630888863457,3.6679545053512435,48.421203418850055,399.0187698364258,3.261629661509014,405.5420291594438,392.4955105134078,4.929966266289682
2023-05-08,400.5511779785156,401.0364122512488,399.1343021947128,400.77439640585874,50046800,398.8971840994699,398.48467365398454,0.0002667324911649338,3.5979880234223653,48.22164701370913,399.1706512451172,3.258572185318886,405.68779561575496,392.65350687447943,1.902110056536003
2023-05-09,398.7945556640625,399.9203025144867,398.56165273512784,398.988661182404,49220100,398.67466735839844,398.5259912553283,-0.004385512790945678,3.4921150508039456,46.27347332145671,399.22936248779297,3.239692767171916,405.7087480221368,392.74997695344916,1.3586497793588705
2023-05-10,400.6578674316406,402.2979613255918,396.795392705803,401.6574486554975,96142900,398.74190412248885,398.81024141216994,0.004672360093972205,3.5226469975799475,51.13498460807063,399.46227264404297,3.1617892045254448,405.78585105309384,393.1386942349921,5.5025686197888035
2023-05-11,399.9591674804688,400.2502961692528,397.8629520721835,399.7844902671984,70157100,398.73704964774,398.9634315546098,-0.001743881770376099,3.520785954447425,49.91881430239,399.3972534179687,3.136151260920837,405.6695559398104,393.1249508961271,2.387344097069331
2023-05-12,399.4350891113281,401.4245671206064,396.9895193812775,401.211062885863,70439400,398.66495840890065,399.02631922883893,-0.001310329683007594,3.493364115219134,48.79742379902374,399.35503845214845,3.12932712788974,405.61369270792795,393.09638419636894,4.4350477393289225
2023-05-15,400.8131408691406,401.2207209891155,398.11524005319023,400.046462583587,54289400,399.1453399658203,399.26456211421254,0.0034500017534224714,3.270853535580376,59.092079292886005,399.3099075317383,3.0998590888005975,405.5096257093395,393.1101893541371,3.105480935925243
2023-05-16,398.1346435546875,400.6287543406979,398.1249293938852,399.697083393987,57705500,399.55362592424666,399.1139063062759,-0.006682658429424171,2.667749408376438,57.52225326228564,399.1177520751953,3.0443975663628704,405.20654720792106,393.02895694246956,2.503824946812699
2023-05-17,402.9676513671875,403.579021652724,398.51320444590107,400.1726973107689,87287000,399.74911063058033,399.6277389810641,0.012139129037727514,2.8172742732872447,53.90804828114556,399.17064514160154,3.1040641384513514,405.37877341850424,392.96251686469884,5.065817206822942
2023-05-18,406.8494567871094,407.2764652301594,402.4241234830848,402.6473122489902,97177200,399.97786385672435,400.59063468853685,0.009633044753720732,3.254238853986372,54.513106117621774,399.5272903442383,3.548100207099931,406.62349075843815,392.4310899300384,4.852341747074547
2023-05-19,406.2574768066406,408.2954663695949,405.0249926007152,407.7617205962154,103679700,400.19344438825334,401.3462136376174,-0.0014550344619939093,3.571430636688688,54.23122734600418,399.8388076782227,3.8545666391388793,407.54794095650044,392.1296743999449,3.2704737688796968
2023-05-22,406.4224548339844,407.9752101411121,405.0249780192039,406.2768905025165,60745400,400.7445286342076,402.023045797133,0.00040609228571142353,3.9042055953743895,62.32542583760987,400.137712097168,4.12621163667314,408.39013537051426,391.8852888238217,2.9502321219081864
2023-05-23,401.8612976074219,406.3545715009972,401.4634019684637,404.7629889451644,86383500,401.16529846191406,402.00147937183823,-0.011222699859006702,3.6599078437136585,58.89248527432183,400.5263870239258,3.885430020028131,408.29724706398207,392.7555269838695,4.8911695325335245
2023-05-24,398.9498596191406,400.62878064928873,397.775601122354,400.2405992041733,89213700,401.5784432547433,401.59459673814524,-0.007244882763319582,2.943847609756985,58.7032888918277,400.8529479980469,3.4139944196052325,407.6809368372574,394.0249591588364,2.8531795269347526
2023-05-25,402.40472412109375,403.8701409114005,400.2308843391917,402.49206272486526,90961600,401.71846880231584,401.7026137225384,0.008659896522463573,2.932355491489204,53.33334025217088,400.9616409301758,3.427723960588605,407.817088851353,394.1061930089986,3.639256572208808
2023-05-26,407.61614990234375,408.3440012437636,402.9870260327983,403.0646504780238,93830000,402.22310965401783,402.4910852131791,0.012950707257804783,3.300792614736308,60.236147011772864,401.1601028442383,3.6958056439582565,408.5517141321548,393.76849155632175,5.356975210965288
2023-05-30,407.7714538574219,410.10057237205217,406.373976825374,409.5668265349062,72216000,402.86431666782926,403.19513436574476,0.00038100540205610045,3.4519905669384787,63.63913723664602,401.38670806884767,3.959534165639071,409.3057764001258,393.4676397375695,3.7265955466781975
2023-05-31,405.5102233886719,406.83976034666455,403.9283551716108,405.92751768917344,110811800,403.2109135219029,403.50381290213505,-0.005545337829216068,3.4570073562924932,57.28439381778066,401.72685546875,4.009136403994738,409.7451282767395,393.7085826607605,2.911405175053744
2023-06-01,409.3630065917969,410.4305278046026,404.4815514979341,405.7431486299385,88865000,403.8826163155692,404.2850387274233,0.009501075388257618,3.682803175878248,62.89589124337399,402.39647979736327,4.114146267846863,410.62477233305697,394.1681872616696,5.948976306668499
2023-06-02,415.2828979492188,416.0786596192215,411.4301367787624,411.96388261287575,91366700,405.0146026611328,405.7514199569961,0.014461226984599174,4.545208211375536,68.93115895799724,403.50233306884763,4.460319113006502,412.42297129486064,394.5816948428346,4.648522840459123
2023-06-05,414.487060546875,416.93263025879423,413.7786079513096,415.6322061536696,65460200,405.9913112095424,406.9161720356466,-0.0019163741301986281,5.017551294206337,66.56472994285278,404.2044677734375,5.023354406092471,414.25117658562243,394.15775896125257,3.154022307484638
2023-06-06,415.3896179199219,415.9233637317422,413.4098539490666,414.0697950169166,64022200,407.2238093784877,408.0459648202166,0.002177528465800771,5.058274948750573,71.84270161224892,404.94638977050784,5.526014042565207,415.99841785563825,393.8943616853774,2.5135097826756123
2023-06-07,413.9532775878906,416.9326226364152,413.52626912937626,415.7874770505561,85373300,408.0084969656808,408.8336065225732,-0.0034578147119415092,5.197414059483522,65.21487738138606,405.7043258666992,5.675382739411593,417.0550913455224,394.35356038787603,3.4063535070389435
2023-06-08,416.45709228515625,416.9132135992507,413.2448443811688,414.0212072230409,61952800,408.6947566441127,409.85007129091764,0.0060485442025133285,5.647412774983794,63.83444525202949,406.494287109375,6.024790379196509,418.54386786776803,394.444706350982,3.6683692180819207
2023-06-09,417.204345703125,419.2326210393688,416.204764468204,417.2625714359286,85742800,409.4766758510045,410.8306412125453,0.0017943107028588479,6.0289412871152,65.69269173190209,407.35654602050784,6.269355885125434,419.8952577907587,394.81783425025696,3.0278565711647616
2023-06-12,420.98919677734375,421.0668508375782,417.4664212232981,418.1942725521776,76104300,410.5171574183873,412.1851152878518,0.009071935882738913,6.682809031301383,68.91846151529055,408.4342514038086,6.675415817139924,421.7850830380885,395.08341976952875,3.600429614280131
2023-06-13,423.7647705078125,424.4149678049898,421.7947206758486,422.4643462971103,95899700,412.0816911969866,413.7290693171799,0.006592980892896172,7.054108434171661,79.83054271053517,409.5818328857422,7.244841995900666,424.0715168775435,395.0921488939409,2.6202471291411484
2023-06-14,424.2693786621094,426.0938640385573,420.7854005725501,424.1044156151187,100612100,413.8902282714844,415.1344438965038,0.0011907741969494623,6.6632703432530755,86.90210381176877,410.8885696411133,7.42613313615057,425.74083591341446,396.0363033688121,5.308463466007197
2023-06-15,429.5293273925781,430.7909244884486,423.3474483133907,423.4444714620379,110303100,415.82769993373324,417.05376169598037,0.012397662888270267,7.001651987578325,87.55682207117547,412.21665344238284,8.262987816138784,428.7426290746604,395.6906778101053,7.443476175057867
2023-06-16,428.0662536621094,432.10865200218734,427.5889672468764,431.5339523095055,114121300,417.2884216308594,418.52209395813094,-0.003406225459272383,7.284237093208768,81.59481665256908,413.2774932861328,8.876811272696932,431.0311158315267,395.52387074073897,4.519684755310948
2023-06-20,425.8453674316406,427.00451706198754,423.7511157363139,426.1083862532365,76160400,418.5794154575893,419.49853042126557,-0.00518818339794147,7.066153155270981,76.24836237477366,414.2568878173828,9.13824912764337,432.53338607266954,395.98038956209604,3.2534013256736216
2023-06-21,423.66351318359375,425.6603518865816,423.0693129151264,424.8518839941655,76982300,419.8760790143694,420.05386145624266,-0.005123583382404928,6.080247492554178,76.42456135051349,415.11894073486326,9.173439638482494,433.46582001182827,396.77206145789825,2.591038971455248
2023-06-22,425.1927490234375,425.29988281862416,422.35819213108834,422.6991237340284,70637200,421.00677490234375,420.73904646520197,0.003609552846201902,5.409720510107083,74.71410370881404,416.28551330566404,8.877489516210707,434.04049233808547,398.5305342732426,2.941690687535811
2023-06-23,421.9783020019531,423.7803436206902,421.257497245002,421.7055626566452,92074500,421.4850180489676,420.9042805367688,-0.007559976102290422,5.154721915918136,61.41770064958506,417.4369354248047,7.956308581281051,433.3495525873668,401.52431826224256,2.522846375688175
2023-06-26,420.2542114257813,423.3420073200014,420.0106930865871,421.4036108524512,72823600,421.89695739746094,420.81760465530385,-0.004085732768704831,4.768428331324108,59.53294242037817,418.32940979003905,7.14066757938013,432.6107449487993,404.0480746312788,3.331314233414332
2023-06-27,424.861572265625,425.4849637315471,420.682789407297,421.1406050558911,72813700,422.57352556501115,421.35680033668,0.01096327107398265,4.434375033656134,63.948487438690016,419.1916809082031,6.812598683656995,432.8168782755171,405.5664835408891,4.802174324250132
2023-06-28,425.0758666992188,426.0986317858107,423.1471908408459,423.7705823025364,75636000,423.3679962158203,421.8526758516852,0.0005043864815805765,3.7080404379526084,66.9907574456501,420.056901550293,6.3703607970553975,432.7976231444038,407.31617995618217,2.9514409449648156
2023-06-29,426.751220703125,426.9168262365468,424.2478750226276,424.656969144141,67882300,424.1032911028181,422.5058151652105,0.003941305858917721,3.2208542269234877,66.13356520807511,421.11895141601565,5.533141784047536,432.1852349841107,410.0526678479206,2.668951213919172
2023-06-30,431.7872314453125,432.7807755563277,429.6734792057781,429.99494005658494,104921500,425.14492579868863,423.74333733589077,0.01180081156859969,3.175848489510675,70.1467882481707,422.2401626586914,5.292323980139467,432.82481061897033,411.6555146984125,3.107296350549575
2023-07-03,432.2839965820313,432.5664564350418,431.15406799091545,431.4365575702839,32793400,425.95169721330916,424.8820919020428,0.001150485935065726,3.460792522648822,67.16352155758501,423.09021759033203,5.478130534993993,434.04647866032,412.13395652034404,1.41238844412635
2023-07-05,431.64111328125,432.38141851385495,430.4429924010644,430.45274264665926,58418400,426.5142931256975,425.7832947526038,-0.0014871781187008049,3.70921629741066,62.79839888604361,423.94792022705076,5.402625086849764,434.75317040075026,413.14267005335125,1.9384261127905802
2023-07-06,428.2611083984375,428.6897030663288,425.7285116499053,428.02734029826433,80658300,426.7994166782924,426.11366990538164,-0.007830590689377082,3.6766550278283727,55.931915912560235,424.59149475097655,5.086897975329177,434.7652907016349,414.4176988003182,2.961191416423503
2023-07-07,427.1798400878906,431.1638261025001,426.9363217593201,427.257782599794,86076100,426.63159615652904,426.25582592971614,-0.002524787540457485,3.595181773459241,46.013430102983456,425.25282287597656,4.451107837337673,434.1550385506519,416.3506072013012,4.227504343179987
2023-07-10,428.2611083984375,428.4364344735674,426.2447693553616,426.8194690858612,62443500,426.64551435198103,426.5231969255457,0.0025311782277095407,3.601534627570717,50.33496628303365,425.8430236816406,3.981225835757663,433.80547535315594,417.88057201012526,2.1916651182057763
2023-07-11,430.988525390625,431.4853123568288,428.0468343070585,429.0306579926426,64463800,427.0128827776228,427.1185740542229,0.006368584348896755,3.7719179746986335,58.69004072481718,426.5322326660156,3.579931446628058,433.6920955592717,419.3723697727595,3.4384780497703105
2023-07-12,434.4561462402344,435.8783146077755,433.37493918651154,434.8165783178322,91924500,427.78378513881137,428.0969170123578,0.008045738216502452,4.121422231106203,67.47623815119621,427.20558013916013,3.745154744644556,434.69588962844927,419.715270649871,2.503375421263968
2023-07-13,437.9044189453125,438.7031662377606,435.8491384168472,436.2874535946346,72425200,428.6917615618025,429.40458393675175,0.00793698681655064,4.8436432537115675,69.37928377752178,427.91256256103514,4.3475764280039435,436.60771541704304,419.21740970502725,2.854027820913416
2023-07-14,437.6316833496094,439.65774288361575,436.8621570624074,438.800583286464,69761800,429.8098602294922,430.50153052513275,-0.0006228199212056085,4.979504741210818,76.21537360727794,428.58067779541017,4.764937486764979,438.1105527689401,419.0508028218802,2.7955858212083626
2023-07-17,439.1512145996094,440.2129509574791,437.4368360339106,437.4855575360118,52680200,431.1596461704799,431.65482173506297,0.003472169195725572,4.745723947999642,81.86593824394255,429.06177215576173,5.319256143100109,439.70028444196197,418.4232598695615,2.776114923568514
2023-07-18,442.4143981933594,443.0670107220441,438.3817200644821,438.8200649833117,80744400,432.4134194510324,433.0894319295025,0.007430660522538268,5.246105436908701,81.00481806391227,429.77917938232423,6.0896950699586165,441.9585695222415,417.599789242407,4.68529065756195
2023-07-19,443.3981628417969,444.5962539348327,442.3363968220208,443.2130865430364,65891700,433.72215488978793,434.4639293844751,0.002223627107198034,5.551347431800348,81.50750709776267,430.65681915283204,6.724660576552611,444.1061403059373,417.2074979997268,2.2598571128119147
2023-07-20,440.45648193359375,443.3007892059434,439.7356771643042,442.3949081213455,70591600,434.7011021205357,435.26293639102425,-0.006634400308177857,5.4346995372409035,72.58433407760538,431.49646759033203,6.852686794597997,445.201841179528,417.79109400113606,3.5651120416391677
2023-07-21,440.45648193359375,442.3949081213455,440.4467614139815,442.1903313140933,71245400,435.3203342982701,435.95540913003356,0.0,5.569373279218588,67.12857556316621,432.25965423583983,6.962769117677157,446.18519247119417,418.3341160004855,1.9481467073640033
2023-07-24,442.4241333007813,443.242351358419,440.5733701302625,441.61563576284726,54023400,436.0446297781808,436.81790568613326,0.004467300284808129,5.798760489253844,68.93421529498373,433.2819458007813,6.874176513226306,447.0302988272339,419.53359277432867,2.668981228156497
2023-07-25,443.6319580078125,444.8982414411725,442.10265575154136,442.1513772536607,55191200,436.90111868722096,437.7264459956905,0.0027300154221245876,5.980993410923261,71.9273396952955,434.4508331298828,6.520843866694264,447.49252086327135,421.4091453964943,2.795585689631139
2023-07-26,443.70013427734375,445.1417437230947,441.625353411383,442.6870897313658,71052900,438.00390625,438.5229377665776,0.00015367754351469642,5.681214238058537,82.12395292014,435.39276123046875,6.422648112661546,448.2380574557918,422.5474650051457,3.516390311711689
2023-07-27,440.7584228515625,447.5282442515531,439.8427915613847,447.1191203814564,92194400,438.97380501883373,438.82100244457564,-0.006629953877684613,4.778538886480676,76.22275578123765,436.17688903808596,6.042884681882081,448.2626584018501,424.0911196743218,7.685452690168404
2023-07-28,445.0735778808594,445.9112666362144,440.7584106419101,444.0605333424016,80011800,440.17469569614957,439.65467916941344,0.009790295104014746,3.9135176267005214,78.86288073984737,437.09300689697267,5.9264574510764625,448.9459217991256,425.24009199481975,5.152855994304332
2023-07-31,445.9210205078125,446.2814228695057,444.2261127664183,445.55086790076825,62040400,441.2413024902344,440.49019134786664,0.0019040506313316996,3.184221750139855,77.40435236503592,437.79969635009763,6.100601488790088,450.0008993276778,425.59849337251745,2.055310103087436
2023-08-01,444.64501953125,445.3950453194181,443.6806666877654,444.44044272200057,55291500,441.96907915387834,441.04416843898446,-0.0028614954619304855,2.6303291129435116,70.33453073972429,438.4177474975586,6.138425964369784,450.69459942629817,426.140895568819,1.7143786316527212
2023-08-02,438.4596557617188,441.7617490657216,437.6998797135655,441.4987599543318,93933400,442.0087389264789,440.6995667486824,-0.013910790625861202,2.5677702916618568,50.99897872901189,438.75867462158203,5.927986930893275,450.61464848336857,426.9027007597955,4.061869352156066
2023-08-03,437.2030944824219,439.1025494733954,435.7712054176592,436.4238476650977,64276100,441.97812543596547,440.23337044651436,-0.0028658538198091943,2.6258662734435503,49.25525100014,439.2057739257813,5.409069037555129,450.0239120008915,428.387635850671,3.331344055736224
2023-08-04,435.2256774902344,441.1577801659896,434.6996695985168,439.0343075614711,100052300,441.69772992815297,439.5656780523437,-0.0045228796802740945,3.1149846688101888,43.28553293133112,439.6080657958984,4.723311935693266,449.05468966728495,430.1614419245119,6.458110567472829
2023-08-07,439.0245971679688,439.180452473231,436.3751164312308,437.07645044173086,58357500,441.4556012834822,439.4935339344271,0.008728620286471145,3.185929893878719,44.30623716587721,440.146240234375,3.90464093726782,447.95552210891066,432.33695835983934,2.8053360420001923
2023-08-08,437.1153869628906,439.0148417605705,433.725601227127,436.4627447818668,71361300,441.00683157784607,439.1764476715556,-0.004348754528547993,3.3304693156498693,39.765170737915554,440.4525833129883,3.3491837567124363,447.1509508264132,433.7542157995634,5.28924053344349
2023-08-09,434.1932067871094,437.55377182048136,433.4236804976897,437.3881662671783,78789600,440.5594547816686,438.51201555362945,-0.006685145988762353,3.7979436774464057,39.790451421879965,440.439436340332,3.3743824772738886,447.1882012948798,433.69067138578424,4.130091322791657
2023-08-10,434.3489990234375,439.9888913675654,433.1703787345364,436.5698848062841,93005500,440.1232060023717,437.9569466829372,0.00035880855318048965,4.145541308767739,40.09471223042951,440.2616653442383,3.601006788551303,447.4636789213409,433.0596517671357,6.818512633028945
2023-08-11,434.09576416015625,435.1185589703024,431.8554074402598,432.4593281355523,68664600,439.528322492327,437.44212234656646,-0.0005830216343323258,4.380841549963336,35.69745503333186,440.0848693847656,3.8172333865933634,447.71933615795234,432.4504026115789,3.2631515300425917
2023-08-14,436.4919738769531,436.4919738769531,432.8586994788166,433.1704100703441,47867400,439.01832362583707,437.31543588395135,0.005520002530853496,4.280827108912045,38.21916028604782,439.9519073486328,3.8969472035502446,447.7458017557333,432.1580129415323,3.633274398136507
2023-08-15,431.4073791503906,435.0601543729211,430.8326496895149,434.6997222474883,75707500,438.1402696881975,436.5276949861433,-0.011648770265809794,4.501663558843693,32.59792337554731,439.40155639648435,4.288449174956382,447.9784547463971,430.8246580465716,4.2275046834062096
2023-08-16,428.2416076660156,432.663879125434,428.1344441433613,430.988471829921,80107200,437.24621146065846,435.4228833434596,-0.007338241387084388,5.139460422177075,32.39243376626281,438.6437286376953,4.84773774990741,448.33920413751014,428.94825313788044,4.529434982072701
2023-08-17,424.97845458984375,429.985175967292,424.45244667677787,429.7221868739383,95711300,435.8108455113002,434.0302928429775,-0.007619887973886019,5.5730742272376155,20.869752943872527,437.8698272705078,5.70311936027853,449.27606599106485,426.46358854995077,5.532729290514112
2023-08-18,425.1830139160156,426.2252795266079,421.7835074638071,422.1341595983843,98758400,434.3295593261719,432.8506556527159,0.0004813404631753837,5.433410005455771,19.366855908464416,437.1061538696289,6.326994579600431,449.76014302882976,424.452164710428,4.441772062800794
2023-08-21,427.9493408203125,428.69936652611307,424.0335770317985,426.2057413682997,68719000,433.1370108468192,432.1971470083954,0.006506202773291614,4.7891972863416,26.378024832512736,436.38241424560545,6.511838154743663,449.40609055509276,423.35873793611813,4.665789494314595
2023-08-22,426.7902221679688,429.7416631589512,426.2252727180546,429.7416631589512,65062900,432.30347987583707,431.47622369633854,-0.002708541740295334,4.807027561867546,30.751798553908372,435.54032745361326,6.613179614690983,448.7666866829952,422.3139682242313,3.5163904408966005
2023-08-23,431.5437316894531,432.1671529261271,427.7156304107771,427.8617354736349,68441000,431.8992396763393,431.48522476208717,0.01113781261749125,4.596662115194255,41.63063708720933,434.93250732421876,6.378211974389644,447.68893127299805,422.1760833754395,4.45152251534995
2023-08-24,425.5628967285156,433.6769142078476,425.5336459923203,433.1606565498152,88517300,431.2090410505022,430.6955810242776,-0.013859163096919702,4.780535448249759,37.22307859927204,434.17273101806643,6.550424984566706,447.27358098719986,421.071881048933,8.143268215527257
2023-08-25,428.56298828125,429.8584925615479,423.721843273644,427.3064255260936,102325100,430.4617832728795,430.41123532520726,0.007049701879081383,4.253477386987745,35.868262189441026,433.3472015380859,6.131300432556854,445.60980240319964,421.0846006729722,6.136649287903879
2023-08-28,431.2807312011719,431.904122695043,428.5630581982546,430.77419402814417,61595400,430.0450221470424,430.52716810866923,0.006341525036544393,3.8146023525235564,42.286919027778204,432.6151870727539,5.3788891805296934,443.37296543381325,421.8574087116945,3.3410644967883627
2023-08-29,437.5147705078125,437.7972600904608,430.988467454872,431.1735437614665,83081900,430.28227669852123,431.458848428555,0.014454713265946273,4.178398046517055,54.03739564407443,432.25867462158203,4.737662947136771,441.7340005158556,422.78334872730846,6.808792635588759
2023-08-30,439.31683349609375,439.95972547776927,437.1446392122368,437.85572346311113,69053900,430.63712201799666,432.5065797708935,0.004118862058507533,4.725457294165949,55.8060884998174,432.3015335083008,4.800176837350456,441.9018871830017,422.7011798335999,2.815086265532443
2023-08-31,438.6739501953125,441.089633139444,438.4888738760301,439.9402336917453,66084600,430.9641353062221,433.3288958274827,-0.0014633705147721887,5.124755756442852,55.30239837582285,432.3750762939453,4.889658686561983,442.15439366706926,422.59575892082137,2.60075926341392
2023-09-01,439.4921875,441.9079002762309,438.02132712754064,441.4208635676138,58875700,431.1784362792969,434.150668050485,0.0018652516392259066,5.427482109090072,53.606639289112984,432.5884017944336,5.108731785700146,442.8058653658339,422.3709382230333,3.8865731486902746
2023-09-05,437.59271240234375,439.3655330748345,437.5245498582943,439.04410194146914,55166200,431.62024579729353,434.6096072973995,-0.004321976935383498,5.692816599216995,58.052182397637935,432.51680755615234,5.023102772407885,442.56301310096813,422.47060201133655,1.8409832165402236
2023-09-06,434.6509704589844,436.8816065436213,432.3034503395816,436.7744430275149,70758500,432.0780574253627,434.61512238561085,-0.006722556980461314,5.65781900326291,58.392782643305765,432.39358673095705,4.933791747155944,442.2611702252689,422.5260032366452,4.578156204039658
2023-09-07,433.3164978027344,433.9983312522978,431.2709380013302,431.6215901080159,70355400,432.6736319405692,434.44197244122734,-0.0030702166725655733,5.279170640427499,61.49913258086867,432.3497512817383,4.920838721030766,442.19142872379985,422.50807383967674,2.727393250967623
2023-09-08,433.9691162109375,435.5178891561439,433.0047931779344,433.3651955346585,61659700,433.30121067592074,434.3789249438554,0.0015061009943364567,4.822705150542082,61.969137491072125,432.3307571411133,4.913443193735177,442.15764352858366,422.5038707536429,2.513095978209492
2023-09-11,436.8232421875,437.1349230935026,434.89456609190114,436.61866536393205,60180100,433.935060773577,434.7048339096747,0.006576795144968894,4.645078258567696,62.05989551795592,432.46713104248045,5.002061531000778,442.471254104482,422.4630079804789,2.240357001601467
2023-09-12,434.4269409179688,436.90109541972345,433.8425207199116,435.3620726875762,67565400,434.48054068429127,434.66778151078057,-0.005485745807689013,4.1651052907661255,60.04087934734287,432.36387939453124,4.935478692126255,442.23483677878374,422.49292201027873,3.0585746998118566
2023-09-13,434.9334716796875,436.1023417850181,433.5405242911245,434.650982103864,60199300,434.722664969308,434.70320686663484,0.0011659745609891026,4.078884539487183,55.01720507235708,432.5401840209961,4.962418202199212,442.4650204253945,422.61534761659766,2.5618174938936136
2023-09-14,438.6836853027344,439.3850193448207,436.11214696599234,437.4271520106992,83430800,435.6598641531808,435.23393732478144,0.008622499456212962,3.2317704559256524,70.79328876198443,433.06228790283205,5.035135987853575,443.1325598785392,422.9920159271249,3.2728723788283673
2023-09-15,433.3982543945313,437.4158327666278,432.95839314801873,437.0834832144138,111761400,436.0052403041295,434.9891796007481,-0.012048387221320067,2.614393143249658,57.14517639036967,433.48327789306643,4.661822294029998,442.80692248112643,424.1596333050064,4.457439618609044
2023-09-18,433.65240478515625,434.9622635141281,432.6064627970625,433.0854327520232,55752200,436.17464556012834,434.8109429586692,0.0005864130463100192,2.3479736655234213,53.7798867128337,433.90674743652346,4.2331203350754745,442.3729881066744,425.4405067663725,2.3558007170656197
2023-09-19,432.7530822753906,433.32005430730095,430.04539257632695,432.7237581931341,66514600,435.8345249720982,434.5365615342321,-0.0020738326360975057,2.4800799704278873,40.85611914688125,434.14693450927734,4.0075803223925295,442.1620951540624,426.1317738644923,3.274661730974003
2023-09-20,428.774658203125,434.44419974165896,428.5693597886313,434.0238779369196,82562600,435.0815124511719,433.76830775675114,-0.009193288818065248,2.9053956796900233,31.317427318569386,434.2461563110352,3.836778649405391,441.919713609846,426.5725990122244,5.874839953027674
2023-09-21,421.6877136230469,426.164692691876,421.5313085692554,425.90077594366056,103976100,433.8682098388672,432.15756187225725,-0.016528366228026448,4.434272168347231,25.494486529132786,433.7533554077148,4.730922169992651,443.2151997477001,424.2915110677295,4.633384122620612
2023-09-22,420.739501953125,424.3367284697756,420.31915034642,422.7238443366611,100829700,432.5287322998047,430.6351538830396,-0.0022486110913098045,5.3438033887415965,23.04716421681276,433.51218566894534,5.263400834241289,444.0389873374279,422.9853840004628,4.017578123355634
2023-09-25,422.5088195800781,422.547898470282,419.077752682607,419.5176437627186,70874500,431.45131138392856,429.5516426426447,0.004205256741379726,5.7494755972265486,28.238823528375704,433.20947723388673,5.717522655772229,444.6445225454312,421.7744319223423,3.470145787674994
2023-09-26,416.3016357421875,420.1530244957801,415.4609622919606,419.439432018477,96168400,430.1406446184431,427.7849750559171,-0.014691252703457836,6.933525554710318,25.807274503508026,432.4605224609375,6.851997859546529,446.16451818003054,418.7565267418445,4.692062203819489
2023-09-27,416.4677734375,418.0513633643946,412.7923592127114,417.4843913355624,104705800,428.9371643066406,426.27601484012814,0.0003990800925302018,7.753626203077463,27.079629852580226,431.4081726074219,7.609279004509256,446.6267306164404,416.18961459840335,5.2590041516832
2023-09-28,418.8822326660156,420.5733343253754,415.3143300435596,415.9106261692443,92258300,427.8595297677176,425.29017721691315,0.005797469534285504,8.043469947725072,30.41516753201158,430.38644256591795,7.859272168023649,446.1049869019652,414.6678982298707,5.259004281815805
2023-09-29,417.86566162109375,422.1373722367812,416.330964951252,421.96142773266575,115078500,426.5054168701172,424.3002418041373,-0.0024268659915503976,8.014049539281398,24.15758662921482,429.34602813720704,8.07866895726996,445.503366051747,413.1886902226671,5.80640728552919
2023-10-02,417.6994323730469,418.9604275289029,414.9135253301513,417.0249486732549,83798600,425.3105948311942,423.42013387999185,-0.0003978054750944926,7.989094942920454,25.721433450061767,428.2563903808594,8.107778541166562,444.4719474631925,412.04083329852625,4.0469021987516385
2023-10-03,412.1080932617188,417.7580951514268,410.7298017326706,415.500051323109,103760600,423.68021065848217,421.9118617975555,-0.0133860347368977,8.200494578109812,21.131917298108405,426.98215942382814,8.553585535968661,444.08933049576547,409.8749883518908,7.0282934187562205
2023-10-04,415.1091003417969,415.86177175888827,411.10130627042383,412.5773548502535,87453000,421.9963117327009,421.0048269367877,0.007282087222131306,7.2477471810293865,19.608418614239525,426.00506591796875,8.745456925230453,443.49597976842966,408.51415206750784,4.760465488464433
2023-10-05,414.9526977539063,415.8031260717147,411.6976049113953,414.8158321329541,70142700,420.67877197265625,420.1978763790702,-0.00037677465457097714,6.669063806689259,22.59668307898751,425.08687591552734,8.900069982004402,442.88701587953614,407.28673595151855,4.105521160319427
2023-10-06,419.87933349609375,421.43356963087496,411.1403983750862,412.4795812806465,113202700,419.69498116629467,420.15540399467335,0.011872764700301408,5.525935280146042,32.03271180583745,424.3823867797852,8.715720444733545,441.81382766925225,406.9509458903181,10.293171255788764
2023-10-09,422.56744384765625,423.14417067329146,417.4061966673288,417.9633542177549,80374400,418.96743556431363,420.47700930840443,0.006402102073422178,4.181405819943138,37.305076326325306,423.66959686279296,8.213178177718596,440.09595321823014,407.2432405073558,5.737974005962656
2023-10-10,424.7668762207031,427.3865938411769,422.8020730897404,423.202855460451,78607300,418.68116542271207,421.0489915633776,0.00520492623146751,3.547464944564326,44.77309217287196,423.1865936279297,7.821991091821701,438.8305758115731,407.5426114442863,4.584520751436457
2023-10-11,426.5068054199219,426.7609375172326,423.4374123272469,425.8421063481672,62451700,419.02538626534596,421.77670007758354,0.0040961979302611695,4.0586192742568645,57.3036534917969,422.76526031494143,7.369823161980345,437.5049066389021,408.02561399098073,3.3235251899857303
2023-10-12,423.9067077636719,427.503935007622,421.5313672056736,427.1227218738383,81154200,419.25161525181363,422.0607011023953,-0.006096262997937529,4.245483288537541,54.5712254564707,422.02641143798826,6.36172878798277,434.7498690139538,409.3029538620227,5.972567801948401
2023-10-13,421.7952270507813,426.63390960644494,420.2116668925535,425.421777892383,95143100,419.20064435686385,422.0253045621801,-0.004981003306198439,4.20748305074703,48.98014548290335,421.4462600708008,5.771816242838376,432.98989255647757,409.90262758512404,6.422242713891421
2023-10-16,426.2331237792969,427.3083898752736,423.8186748401911,424.06305214240336,75433200,419.9100363595145,422.58634712446235,0.010521448427820435,4.507635187453707,64.94997762797777,421.07529602050784,5.15106121373119,431.37741844797023,410.77317359304544,3.4897150350824973
2023-10-17,426.2135620117188,428.2859066292066,422.7238767463724,423.0757657487746,75324700,420.60616411481584,423.06997577609656,-4.5894526930712054e-05,4.684220832351907,64.73546755751633,420.7483200073242,4.542362127457699,429.8330442622396,411.6635957524088,5.562029882834167
2023-10-18,420.5342102050781,425.39243195626887,419.4394047114935,424.42470742733474,93559800,420.72416251046315,422.7318736999608,-0.013325131607343166,4.658188237326921,52.27331903234858,420.3362976074219,4.131117532351346,428.5985326721246,412.0740625427192,5.953027244775342
2023-10-19,416.8392333984375,423.0855313915635,416.1549948696377,421.257593993877,121323000,420.6508462088449,421.94618832642436,-0.00878638816290056,4.714378354130299,48.68448637316561,420.09387359619143,4.189487181693889,428.4728479595792,411.71489923280365,6.930536521925831
2023-10-20,411.7171020507813,416.94678223342015,411.6095605266244,416.3993794682944,123845800,420.2235369001116,420.5823101563386,-0.01228802602359691,5.243856171189457,43.197004348414545,419.6427536010742,4.583537674254001,428.8098289495822,410.47567825256624,5.337221706795731
2023-10-23,411.0034790039063,414.90376070413487,408.4033011474909,410.1725902800815,92035100,420.14463588169644,419.30513266934764,-0.001733284926276779,5.381851590478265,48.58711147126834,419.06748657226564,4.914916195116814,428.89731896249924,409.23765418203203,6.500459556643989
2023-10-24,414.1022338867188,415.2654722400864,411.2772179339079,413.1442641159414,78564200,420.07271684919084,418.6114128316638,0.007539485773508714,5.4604721962562826,48.71535091988714,418.9575164794922,5.003859341529384,428.965235162551,408.9497977964334,3.9882543061785327
2023-10-25,408.1589965820313,412.43073728438776,407.64091784589976,412.4014131986149,94223200,419.58745247977123,417.21775733171285,-0.01435210153035138,6.202004823702683,42.447284067561036,418.5420776367188,5.537864783305978,429.61780720333076,407.4663480701068,4.789819438487996
2023-10-26,403.27142333984375,407.9439162942178,402.3428074644633,407.0837332248422,115156800,418.40117318289623,415.35824613279703,-0.011974679679038425,7.577645373153578,31.52054917322478,417.7615371704102,6.503372767164582,430.76828270473936,404.754791636081,5.60110882975448
2023-10-27,401.4435119628906,405.2753615427014,400.00657209936367,404.8745791501567,107367700,416.89232090541293,413.50294824347617,-0.004532707430183303,8.703672046826997,26.036900021533143,416.9404296875,7.456420915198123,431.85327151789625,402.02758785710375,5.26878944333771
2023-10-30,406.2430419921875,407.3085234329511,402.9488407843413,404.2586995233869,86562700,415.5691898890904,412.53496074330434,0.011955679656719731,8.821694641980407,30.15702712227214,416.367610168457,7.825940733183512,432.019491634824,400.71572870209,4.359682648609805
2023-10-31,408.79437255859375,409.11693747926455,404.8940904395608,406.8197848189247,79665200,414.30401611328125,412.0362156520096,0.006280305882642834,8.392062474248203,31.350409268483546,416.2019241333008,7.954882728297875,432.1116895898965,400.29215867670507,4.222847039703765
2023-11-01,413.1540832519531,413.975187482089,409.2342614230756,409.77190943541854,98068100,413.53597150530135,412.18526466533547,0.010664801147022951,7.924642320524109,39.08298052707765,416.1041732788086,7.980987245375645,432.0661477695599,400.1421987880573,4.740926059013361
2023-11-02,421.0718688964844,421.2282739468774,416.96631835950456,416.9858578040988,94938900,413.48430306570873,413.3701452294887,0.01916424396005012,7.868811362417023,49.34303923139216,416.4101318359375,8.051501598747167,432.5131350334318,400.30712863844315,4.2619555873728245
2023-11-03,424.9134826660156,426.4775033748272,423.2712743458097,423.3983553166376,100110800,413.39004298618863,414.9092568876923,0.009123415866272522,7.710661084186898,48.78836616324358,416.6618392944336,8.242097855666414,433.1460350057664,400.1776435831008,3.2062290290175497
2023-11-06,425.8909912109375,426.3406370959797,423.9261881476842,425.67593799092367,67831700,413.36700221470426,416.37348813079166,0.0023004884165800377,7.669768127360301,49.70895012776451,416.82801666259763,8.399436528063239,433.6268897187241,400.02914360647117,2.414448948295501
2023-11-07,427.1030883789063,427.74824803183367,424.7375328160524,425.8909865146741,64256100,413.8362077985491,417.80410149720694,0.0028460267838079645,8.315687210010282,56.446676973411165,416.9448272705078,8.530869207024601,434.006565684557,399.8830888564586,3.0107152157812607
2023-11-08,427.4159240722656,428.2370282711835,425.089447259724,427.7091649178737,61746000,414.5916857038225,419.0856778405481,0.0007324594503559378,9.056908006418771,61.1179939318543,416.990283203125,8.586740011220355,434.1637632255657,399.8168031806843,3.147581011459465
2023-11-09,424.0825805664063,428.6084528587547,423.6524741391931,428.5693441386772,83174400,415.47493416922435,419.7519315373292,-0.007798828537084912,9.353118108083626,63.50625593327005,416.9990768432617,8.59428262525026,434.18764209376224,399.8105115927612,4.955978719561585
2023-11-10,430.7002868652344,431.0130969488053,424.07277610453497,426.17444461566754,89462200,416.88184901646207,421.2117122477166,0.01560475860618804,10.081805243064325,69.0561630157055,417.4443298339844,9.073174102957644,435.5906780398997,399.2979816280691,6.940320844270332
2023-11-13,430.2898254394531,431.4041705403202,428.5596447004574,429.3514248548467,52236100,418.0381055559431,422.42212733994813,-0.0009530094088600061,10.650702119747407,66.52043022540923,417.6471649169922,9.321927445454438,436.2910198079011,399.00331002608334,2.844525839862797
2023-11-14,438.63775634765625,439.9378305832725,436.0571174918547,436.2819553687698,97176900,420.21515982491627,424.58421120764257,0.019400716481449365,11.552827918632627,79.65013407054317,418.26837463378905,10.286864475087867,438.8421035839648,397.6946456836133,3.8807130914178174
2023-11-15,439.5663757324219,441.2281534781896,438.7061627737288,439.9866975727599,77327600,422.80765642438615,426.58183314427987,0.0021170530154490663,11.53045011562383,88.25483559896333,419.21998291015626,11.334464692803747,441.88891229576376,396.55105352454876,2.5219907044607908
2023-11-16,440.10394287109375,440.426507755719,438.041383110817,439.11664911158607,66665800,425.5691157749721,428.3847811078551,0.0012229487248112125,10.613280092344654,91.88740221891732,420.3832183837891,12.235283722531374,444.8537858288518,395.91265093872636,2.385124644902021
2023-11-17,440.6513671875,441.2672027377204,439.185103432199,440.1137192451621,83133200,428.026853288923,430.0203259184744,0.0012438523336897322,9.74187169794364,91.06403777262719,421.829931640625,12.851741406329241,447.53341445328346,396.1264488279665,2.0820993055214103
2023-11-20,444.04339599609375,444.8938243367599,440.3874908314503,440.39727547070027,69936200,430.54464067731584,431.8900685954903,0.0076977607722941155,8.90827019776705,91.23982250709454,423.4819274902344,13.494291195601322,450.47050988143707,396.4933450990317,4.5063335053096125
2023-11-21,443.0756530761719,443.9163266308109,441.795118212028,442.9876808142709,49244600,432.68189566476,433.38147985958113,-0.0021793881603643372,7.9531772690587506,88.0249386075273,424.930598449707,13.980784711480835,452.89216787266867,396.9690290267454,2.121208418782885
2023-11-22,444.7862243652344,446.1156523862387,443.68166403013447,444.7471454758028,59394900,434.3757781982422,434.9021124603349,0.00386067543361146,7.814395453548226,85.78180371470052,426.7619598388672,14.06688167734133,454.8957231935499,398.6281964841845,2.433988356104237
2023-11-24,445.0599060058594,445.2554197691978,444.50274845964753,444.8350979923533,29737400,435.8148084368025,436.2564849330715,0.0006153105146535776,7.7928287045653,84.06620058744984,428.851383972168,13.485590179118956,455.8225643304059,401.88020361393006,0.7526713095502373
2023-11-27,444.2584228515625,445.2456869269975,443.86739527939744,444.4245827216387,50506000,437.12676783970426,437.32340998887025,-0.0018008433100381582,7.53546221974537,81.24404308291625,430.99212951660155,12.24721509984979,455.48655971630114,406.49769931690196,1.378291647600065
2023-11-28,444.6982116699219,446.0080702958597,443.3003808039447,443.8673229612688,62115000,438.38356236049106,438.30671687967714,0.0009899391789500722,7.194659549567101,80.73793608634142,432.9148880004883,11.12439383870331,455.1636756778949,410.6661003230817,2.707689491915005
2023-11-29,444.385498046875,448.012079105821,443.9847454767847,446.8683800746544,63146000,439.59567478724887,439.11722103530354,-0.0007032041389880561,6.610514639077808,79.64525433036036,434.69444427490237,9.83476606167721,454.3639763982568,415.02491215154794,4.027333629036264
2023-11-30,446.13519287109375,446.4871116952911,443.14401710587686,445.2359011126592,79752700,441.17086138044084,440.05295061340894,0.003937335560923794,5.079809010128411,90.78165880703685,436.3434997558594,8.73663111673207,453.81676198932354,418.87023752239526,3.3430945894142496
2023-12-01,448.7745056152344,449.3121237738112,444.9231167582144,445.5193830856826,89097900,442.46187700544084,441.21582461365233,0.005915948318614861,4.474769875362193,89.19121014084209,437.7286315917969,8.376600037697058,454.481831667191,420.9754315164028,4.389007015596803
2023-12-04,446.4186706542969,448.7940108067477,444.121518110662,445.3531892258051,72430900,443.6139373779297,441.9095374190716,-0.005249484833608875,2.8985715834282195,82.25202112909841,438.80389099121095,8.01756695288739,454.83902489698573,422.76875708543616,4.672492696085669
2023-12-05,446.3307189941406,447.2984435828381,444.6396172922704,445.0208602097659,69793500,444.16343470982144,442.4990282957475,-0.0001970160881205052,2.596055975615552,72.97172674103896,439.8258773803711,7.575470291096084,454.97681796256325,424.6749367981789,2.658826290567731
2023-12-06,444.53216552734375,448.5203905852737,444.0922743834227,448.4910664977601,69124700,444.5181339808873,442.77011325996034,-0.004029643020875051,2.233576561420456,64.09586494498316,440.697331237793,7.0167408993684095,454.7308130365298,426.66384943905615,4.428116201850969
2023-12-07,447.924072265625,448.5789867545726,446.02770194302326,446.633752902186,66995400,445.0767146519252,443.457307794049,0.007630284153358202,2.011551155113487,69.1026631162426,441.7227386474609,6.4492317233151795,454.62120209409125,428.8242752008306,2.551284811549351
2023-12-08,449.8497619628906,450.3873801097545,446.9269890644729,447.1713663732682,83080900,445.7337428501674,444.3096350165612,0.004299143128265959,1.9563913080172524,71.05189270283748,443.01109771728517,5.190756742255885,453.3926112017969,432.6295842327734,3.4603910452815967
2023-12-11,451.5994873046875,451.7754616408042,449.1361747424168,449.351227969924,65002200,446.2734636579241,445.2816153216447,0.003889577120508081,2.4373468577564683,68.69889104711615,444.0560577392578,4.658329825545703,453.37271739034924,434.7393980881664,2.639286898387411
2023-12-12,453.6620788574219,453.7598357551221,450.2407962564326,451.24762965718935,68327600,447.0296369280134,446.39901045974835,0.004567302689036934,2.955946366916147,74.85134867940316,445.22467041015625,3.891651503076242,453.00797341630874,437.44136740400376,3.5190394986894944
2023-12-13,459.9180908203125,460.17225276505405,453.6815771856103,454.043250826226,93278000,448.1104845319475,448.20155450782363,0.013790026220941387,4.45760498145622,79.27433057775121,446.28868713378904,4.799235749059253,455.88715863190754,436.69021563567054,6.490675579443746
2023-12-14,461.3941650390625,463.0754821947867,458.6962298788685,461.87313504052287,119026000,449.27721732003346,449.9605692453222,0.003209428479139076,5.591240203054362,80.19569281733794,447.3800765991211,5.604434262236553,458.5889451235942,436.17120807464795,4.3792523159181656
2023-12-15,460.6344604492188,461.9791028908427,458.76966874955366,460.7914996384339,141319300,450.44693429129467,451.38375473917506,-0.0016465413900051962,6.1459737639051015,80.31975844089526,448.40660247802737,6.063026195118517,460.5326548682644,436.28055008779035,3.209434141289023
2023-12-18,463.2255554199219,464.21685218338376,461.1841058940797,462.2539072749284,70375300,451.7703159877232,452.962661496608,0.005625056727575739,6.775382556075436,81.77184293268257,449.5353118896484,6.6190452458920195,462.77340238143245,436.2972213978644,3.0327462893040433
2023-12-19,466.0423583984375,466.1208929649243,463.6966548994257,463.7751595137513,55761800,453.3172345842634,454.7066210835186,0.006080845379875743,7.402856894929379,84.20121719651547,450.6352600097656,7.435856112175518,465.50697223411663,435.7635477854146,2.424238065498571
2023-12-20,459.5842895507813,467.0827233391325,459.1524392855077,465.1786644291976,102921000,454.2778843470983,455.35697687915365,-0.013857257245563415,7.270616077675472,68.48961611076165,451.46069183349607,7.468734427850949,466.398160689198,436.52322297779415,7.930284053624803
2023-12-21,463.9420166015625,464.21682767615175,460.1535175531242,462.5973742504415,86667500,455.3612779889789,456.5016488421415,0.009481888632530522,7.5134753084353125,69.91127823284006,452.4184814453125,7.789147707894375,467.9967768611013,436.84018602952375,4.063310123027577
2023-12-22,464.8744201660156,466.5723782880754,462.9605668589321,465.080520994005,67126600,456.6795458112445,457.6180183519914,0.002009741586423086,7.442497891047285,75.16855110969072,453.4092071533203,8.059373903585621,469.52795496049157,437.2904593461491,3.6118114291433017
2023-12-26,466.8373718261719,467.7501340297888,465.208123940573,465.28665851095707,55387000,458.14430672781816,458.8472654818821,0.00422254177688508,7.264910092186329,76.60485439353354,454.5381546020508,8.28824453809553,471.11464367824186,437.9616655258597,2.5420100892158075
2023-12-27,467.6814270019531,467.82864187280944,466.0914464923829,466.6312443362431,68000300,459.797825404576,460.0251536845583,0.001808028291478525,6.52518482660941,80.79603500871664,455.6873153686523,8.44397847133393,472.5752723113202,438.79935842598445,1.7371953804265559
2023-12-28,467.8580932617188,468.7021451712498,467.4360673069532,468.04457541887774,77158100,461.2216840471541,461.06954562817975,0.00037774914624733036,5.877683724353385,78.99952229666998,456.8609451293945,8.421661604720905,473.7042683388363,440.0176219199527,1.2660778642966193
2023-12-29,466.5036315917969,468.1917652728088,464.5308625357801,467.6617618043553,122234100,462.41124616350453,461.7940904233287,-0.0028950266959777426,5.022110367767288,74.63711192013761,457.8793670654297,8.286829358159899,474.4530257817495,441.30570834910986,3.660902737028721
2024-01-02,463.8929748535156,464.8940959809262,461.7729906422604,463.41206290935264,123623700,463.28935241699224,462.073941680687,-0.0055962195393275405,3.9456607625850424,67.73477500957551,458.6352905273437,8.100018994162825,474.8353285156694,442.43525253901805,3.121105338665757
2024-01-03,460.1044921875,462.4600201485641,459.4959840423761,461.7140914792313,103585900,463.7495247977121,461.8113484149288,-0.008166717047637828,2.998479395462201,58.85307761922858,459.31958160400393,7.574693022280478,474.4689676485649,444.17019555944296,2.9640361061880185
2024-01-04,458.6224670410156,462.2342786402037,458.396717584005,459.6235582048295,84232200,463.65698024204806,461.38616423174034,-0.00322106211012696,3.142369939729666,47.95068712681073,459.93416900634764,6.937178922176569,473.8085268507008,446.0598111619945,3.8375610561986946
2024-01-05,459.2506103515625,461.7239101878534,457.7881960069436,458.8285544267284,86060800,463.5038691929409,461.1014237143833,0.0013696304819073024,3.308914718167975,46.516045831059955,460.6700912475586,5.923985531329459,472.51806231021754,448.8221201848997,3.9357141809097698
2024-01-08,465.8068542480469,465.9540691325376,459.6235595299662,459.751155747246,74879100,463.87332589285717,461.72881445220514,0.01427596120441832,3.2521611044316527,57.07388452834781,461.56423034667966,5.20482633613126,471.97388301894216,451.15457767441717,6.3305096025713965
2024-01-09,465.1001892089844,466.1307233445145,462.6170650028038,463.12741991576365,65931400,464.0072283063616,462.1783310864424,-0.0015170773736321586,3.262016165848873,52.70312134210847,462.3267517089844,4.462472677776328,471.25169706453704,453.4018063534317,3.513658341710652
2024-01-10,467.7304992675781,468.60402410810553,465.0903360323178,465.3749714238804,67310600,464.1278097970145,462.91862017726055,0.0056553622630581835,3.372367083289417,52.447371145468985,463.13330230712893,3.8352615661026017,470.8038254393341,455.46277917492375,3.5136880757877407
2024-01-11,467.5243835449219,469.2615789094548,463.510165024774,468.7413997357476,77940700,464.69495936802457,463.5327219596154,-0.00044067197452168916,3.2133985456615326,64.0597795014843,463.82641754150393,3.239921543626103,470.30626062875615,457.3465744542517,5.751413884680801
2024-01-12,467.8482666015625,469.7327068294288,466.4251495619597,468.9867782045416,57944000,464.9739772251674,464.10812791187504,0.0006927618495207177,3.3110956003137346,58.0697427517318,464.2229263305664,3.2216423424807172,470.66621101552784,457.77964164560495,3.3075572674691216
2024-01-16,466.1306457519531,467.7795120751947,464.2952972901375,466.4545483935432,85014900,465.06370762416293,464.37779695721883,-0.003671320323758276,3.3251819130941938,52.51362943567296,464.4597503662109,3.176529045354779,470.8128084569205,458.10669227550136,3.4842147850571905
2024-01-17,463.5396423339844,464.0303785701395,461.1644657720421,463.0783490739121,68843900,464.8281555175781,464.26604300745424,-0.005558534804741222,3.306624527957897,43.56322879784991,464.6050094604492,3.056555943648551,470.7181213477463,458.4918975731521,2.8659127980973835
2024-01-18,467.6617736816406,468.2212201374299,463.6672037824903,465.2277413021966,91856200,464.8267517089844,464.7188070973458,0.008892726686547725,3.305323923870789,49.96599113657199,464.82682037353516,3.1116509658070886,471.05012230514933,458.603518441921,4.55401635493962
2024-01-19,473.4917602539063,473.7763956590603,467.7109029350653,468.800323008333,110733300,465.2291564941406,465.8885341848872,0.012466245693697475,3.977373389764212,58.15345476388175,465.1992904663086,3.6619956736830708,472.5232818136747,457.87529911894245,6.065492723995021
2024-01-22,474.4928894042969,476.230084936627,473.8352896540889,475.0425116049944,75844900,465.79981776646207,467.03578154747515,0.0021143539010133328,4.684563756791904,61.682115375347394,465.94472045898436,3.9638064004623033,473.87233325990894,458.0171076580598,2.394795282538098
2024-01-23,475.876708984375,476.12207709236566,473.9432370474837,475.042481378936,49945300,466.65579877580916,468.21457187239514,0.0029164179505734023,5.356065049403396,68.1750396424634,466.541455078125,4.50750947478877,475.55647402770256,457.52643612854746,2.1788400448819516
2024-01-24,476.3968811035156,479.7142325059209,475.8963206174248,478.7720274310668,81765000,467.81954084123885,469.30554643654455,0.0010930816938925503,5.588074906908944,77.42895749523473,467.117578125,4.993402242126645,477.1043826092533,457.1307736407467,3.8179118884960985
2024-01-25,478.9880065917969,479.26281768430965,476.3969348555568,478.5463320010401,72525000,469.2742222377232,470.59654112391155,0.005439005986519474,5.660039714243991,83.05198072762717,467.72510986328126,5.653103075381545,479.03131601404436,456.41890371251816,2.865882828752831
2024-01-26,478.3794860839844,480.0577955715659,477.52560985262113,478.5561439348536,76641600,470.6405705043248,471.63426711858796,-0.0012704295294205803,5.354832272279802,81.06473978699258,468.2600128173828,6.134395325971182,480.52880346932517,455.99122216544043,2.5321857189447883
2024-01-29,482.16796875,482.3152135819847,478.1439555914412,478.6935777775515,61322800,471.80922154017856,473.0387606694429,0.007919408704223807,5.9688978282489735,79.19441597663231,468.9755065917969,6.87488329608323,482.72527318396334,455.22573999963043,4.171257990543495
2024-01-30,481.7950439453125,482.5114996920698,481.0294666507007,481.4711412511055,58618400,473.001711164202,474.20626510622554,-0.0007734333859926723,6.189058148372529,80.14902094780409,469.74007720947264,7.414620669272294,484.56931854801724,454.91083587092805,1.48203304136905
2024-01-31,473.9334411621094,480.0185526339287,473.91379254290825,479.5670836747548,126011100,473.4447784423828,474.1698885803434,-0.016317317668580023,6.0018705755861745,59.421660297735926,470.24210052490236,7.337397146444268,484.9168948177909,455.56730623201383,6.1047600910204665
2024-02-01,480.1363220214844,480.1657649961314,474.8363469677288,475.6509858532321,91891600,474.34563119070873,474.96541303916223,0.01308808436088671,5.991378649423115,66.20435139933625,471.2436920166016,7.24740006631877,485.7384921492391,456.74889188396406,5.329418028402586
2024-02-02,485.1909484863281,486.8594338067115,480.23449426620925,480.5780156402237,99147700,475.5843941824777,476.328817765451,0.010527481952547602,6.3280676581000845,69.86742348759923,472.5721160888672,7.247169246049095,487.06645458096534,458.077777596769,6.6249395405022256
2024-02-05,483.42425537109375,485.22036677277737,481.14726199372336,484.55297267858543,75757100,476.81965201241627,477.27487611287006,-0.003641232633762037,6.021153231544193,69.78895810241787,473.7807983398437,6.916783309846211,487.61436495953615,459.9472317201513,4.073104779054006
2024-02-06,484.8277893066406,485.161486357545,482.933524645448,484.3762903976259,55918600,478.3402339390346,478.2819312053728,0.002903317158692076,5.013113230599991,75.04038366274438,474.7318450927734,7.068679480147764,488.8692040530689,460.5944861324779,2.227961712096999
2024-02-07,488.8713989257813,489.2934248610576,486.1821442345965,487.0949363124921,70556500,479.85520717075894,479.6938602347607,0.008340300841508164,4.734902025029357,74.99419197204669,475.92040557861327,7.356568955812827,490.63354349023894,461.2072676669876,3.1112806264611095
2024-02-08,489.08734130859375,489.470099975537,488.0469829442768,488.8714161790849,52343600,480.96917724609375,480.9463243779385,0.00044171613084120764,4.952207719788512,71.18097808607074,476.9882476806641,7.649392563660075,492.28703280798425,461.6894625533439,1.4231170312601762
2024-02-09,491.9140319824219,492.35567663881847,489.2542199256344,489.59774129316327,63979400,482.2135445731027,482.40868539186965,0.00577952123288461,5.370760849016314,72.54252173473515,478.2077301025391,7.99744199355125,494.2026140896416,462.21284611543655,3.1014567131840636
2024-02-12,491.6980895996094,494.1713894452359,490.9717796031625,491.8845717653844,56502300,483.34364318847656,483.6472726195683,-0.00043898398657638005,5.59469065632706,71.11051569866447,479.4002212524414,8.148145100006099,495.6965114524536,463.1039310524292,3.1996098420734143
2024-02-13,484.9259033203125,487.8801450306983,481.628170208204,485.3675779113311,113099200,483.9528590611049,483.81775671300085,-0.013773057944584388,5.2327177375195895,59.75308021577738,480.33998413085936,7.602774929151219,495.5455339891618,465.1344342725569,6.251974822494333
2024-02-14,489.3327331542969,489.82346938588495,485.2399798039004,487.58571336792966,68387800,484.69176810128346,484.5530869051737,0.009087635458965071,5.208032458901004,61.35773016947335,481.629638671875,6.741838807604472,495.11331628708393,468.14596105666607,4.583489581984566
2024-02-15,492.7090148925781,492.8954970620794,489.5584666302648,490.0394085184245,61683000,485.7153058733259,485.640543970161,0.006899766783467154,5.279651467692435,64.83135434539257,482.8820007324219,6.324049876992989,495.5301004864079,470.2339009784359,3.3370304318146395
2024-02-16,490.25531005859375,493.553043093204,489.5093814165053,492.4047371070016,75461200,486.29297310965404,486.25584611528535,-0.0049800282921945715,5.304044902762178,58.6084174773555,483.7201782226563,6.121647413975112,495.9634730506065,471.476883394706,4.043661676698719
2024-02-20,487.5562744140625,489.1756980012297,485.2890754015959,488.4984795998786,71736700,486.7044895717076,486.4292365551223,-0.005505367487419255,5.14946840075923,55.84308501418801,484.3733474731445,5.772242781377612,495.9178330358997,472.8288619103893,3.8866225996338244
2024-02-21,487.9978942871094,488.1549334688022,484.4155259392156,486.2410802182536,59603800,487.70909336635043,486.6383909193873,0.0009057823603595416,3.6073145544743013,66.79154126982971,484.9794067382812,5.461131872060953,495.9016704824031,474.05714299415934,3.739407529586572
2024-02-22,498.0972900390625,499.0689382221311,493.7002824890423,494.6719606242744,76402500,488.9920196533203,488.16624413534396,0.020695572399358042,3.8897350522201664,69.61828437637293,486.0644271850586,5.810738669321149,497.6859045237009,474.4429498464163,5.368655733088815
2024-02-23,498.4407958984375,500.678551914076,497.7046915518174,499.8344700214938,61321800,489.93843732561385,489.5361843704231,0.0006896360736032836,4.4633709653116895,66.13278518330253,487.0370666503906,6.180219793851868,499.39750623809437,474.67662706268686,2.9738603622586197
2024-02-26,496.6152038574219,499.3240772321095,496.4876076546778,498.8824026767894,50386700,490.8806479317801,490.4800536353563,-0.0036626055813208103,4.37385447048082,66.0380676889192,487.9488525390625,6.180900795631417,500.31065413032536,475.58705094779964,2.8364695774317283
2024-02-27,497.537841796875,497.7635912521858,495.3982389587866,497.3121222937276,48854500,491.7885088239397,491.4210920568921,0.001857852784785008,4.339798037702651,65.63622315546982,488.71734619140625,6.376707639168757,501.47076146974376,475.96393091306874,2.365352293399212
2024-02-28,496.8802185058594,497.4690779742911,495.6042864358837,495.96742642547,56506600,492.36056736537387,492.14897558342113,-0.0013217553234555757,4.452090907082461,60.74807693410335,489.4716049194336,6.406911142840796,502.2854272051152,476.65778263375205,1.8647915384074167
2024-02-29,498.6665344238281,500.2957823674434,495.98713366927257,498.6567400663033,83924800,493.04479544503346,493.01798342880875,0.003595063460848369,4.64237450513975,62.335621848706474,490.70825958251953,5.584035505370737,501.876330593261,479.54018857177806,4.308648698170828
2024-03-01,503.34814453125,503.7799948247359,499.1376490980071,499.5498807243941,76805900,493.8615177699498,494.3953382424676,0.009388258052710707,5.375966567815024,64.05293917755688,491.8688507080078,5.682424382950348,503.23369947390853,480.5040019421071,4.64234572672882
2024-03-04,502.8082885742188,504.6731100589892,502.51385884091815,502.5433317664082,49799300,494.6551034109933,495.51706495336776,-0.001072529943532352,5.832670631207397,63.54697620211799,492.74971771240234,5.9518567631355195,504.65343123867336,480.8460041861313,2.159251218071063
2024-03-05,497.783203125,501.238005409459,495.5552713875458,500.7865065049999,72855600,495.57348196847096,495.8192167095854,-0.009994038609562494,5.155880973491136,66.37493178860765,493.46766510009763,5.624804736439808,504.71727457297726,482.218055627218,5.682734021913177
2024-03-06,500.3055725097656,502.5825957418796,499.00022735337984,501.0907384749683,68382400,496.3572562081473,496.4173974829428,0.005067204696604044,4.964690076878762,64.67952758734441,494.2415542602539,5.4350789153768115,505.1117120910075,483.3713964295003,3.582368388499731
2024-03-07,505.2718811035156,506.3318882307999,500.3645183531836,503.6328387181173,58652100,497.25460379464283,497.5979952990192,0.009926550625524166,5.373106342113516,66.12084643254903,495.06157836914065,5.8067217161202285,506.6750218013811,483.4481349369002,5.967369877616306
2024-03-08,502.2390441894531,508.6185846653474,501.6599790833197,505.9097712339868,86425500,498.11058480399,498.2168018177438,-0.006002386096449208,5.120924025215718,65.15248450536399,495.7191635131836,5.8391530901483355,507.3974696934803,484.04085733288696,6.958605582027701
2024-03-11,501.8072204589844,502.39610990465496,499.0787283144667,501.0220544995312,62557200,499.1285095214844,498.69552430324256,-0.000859797213029645,4.194093598497333,69.11514647406955,496.21382293701174,5.9183484533531825,508.0505198437181,484.37712603030536,3.3173815901882904
2024-03-12,507.205322265625,507.7941817283851,501.3949626795661,503.9370024865068,73114400,500.5004686628069,499.83016403156023,0.010757321908806405,3.3243620172228336,72.73979997008439,496.9891845703125,6.299154565492411,509.5874937012973,484.39087543932766,6.39921904881902
2024-03-13,506.4102783203125,507.70582905853,504.9577183582143,507.529171217544,55104100,501.09425354003906,500.70751260339387,-0.0015674992166113677,3.593610062367099,62.62270529968267,498.0634033203125,5.956256997707013,509.9759173157265,486.15088932489846,2.748110700315692
2024-03-14,505.4092712402344,507.5488740821753,502.3372575509432,507.3918049371864,110171800,501.59200177873885,501.3344137549726,-0.001976672123240264,3.679385678384496,60.37401197398035,498.8672302246094,5.798717513107952,510.4646652508253,487.26979519839347,5.211616531232096
2024-03-15,501.9387817382813,503.7798629097603,500.2552577197835,502.3129048635527,107585800,501.9722573416574,501.4149961527471,-0.006866691411174131,3.38912111707665,57.55522312298561,499.3287185668945,5.6481424704514644,510.62500350779743,488.0324336259916,3.5246051899767963
2024-03-18,504.9219055175781,507.5013481818567,504.5084231299133,506.0442749459757,88893300,502.4996904645647,501.88258406805795,0.005943202413979387,3.2160849186397975,59.900439535799165,500.0620483398437,5.3524726266058416,510.7669935930554,489.35710308663204,2.9929250519434163
2024-03-19,507.7278442382813,508.0133339755885,503.20886197881583,504.2229484462538,60755300,503.27452087402344,502.6619520907544,0.0055571736738713184,3.0610667465614845,63.75209209148804,501.0706268310547,4.73706401947668,510.5447548700081,491.59649879210133,4.8044719967726905
2024-03-20,512.4240112304688,512.5618587375309,507.1076282782854,507.7869508882843,69594600,504.25719778878346,503.9635599760497,0.00924937847210816,3.6244062107203536,66.24268492783474,502.2919326782227,4.319642874350158,510.931218426923,493.65264692952235,5.45423045924548
2024-03-21,514.1173095703125,515.9977198182323,513.8317597828803,515.2888929469045,60256100,505.0264238630022,505.31739325528474,0.0033044867194604866,4.462524888252891,63.67983774178246,503.09293365478516,4.94144362646536,512.9758209077158,493.2100464018544,2.1659600353519863
2024-03-22,513.1427001953125,514.5209948522487,512.9063644545561,514.0287338839607,79023000,505.7645961216518,506.3607675139551,-0.0018956945367479827,4.900619350908576,62.984167687850494,503.8280288696289,5.2939268057816316,514.4158824811922,493.2401752580656,1.614630397692622
2024-03-25,511.7249145507813,512.8866430624205,511.5673574123383,511.7544189577132,48512100,506.7604326520647,507.0759871188653,-0.0027629461434247604,4.558576079703824,69.26241189774674,504.583514404297,5.28855940197972,515.1606332082564,494.00639560033756,1.319285650082179
2024-03-26,510.77978515625,513.5069299447247,510.3761576323609,513.1623112385308,65463700,507.5085906982422,507.56982685718333,-0.0018469481701139934,4.267963079243587,65.131044698476,505.2456115722657,5.1880082678634345,515.6216281079926,494.86959503653884,3.1307723123637743
2024-03-27,515.0723266601562,515.1117459956549,511.4492931308559,513.6349630852659,82999800,508.20862252371654,508.57016016424643,0.008403898565784385,4.658724017220407,64.43879335693487,506.1552169799805,5.238672261823422,516.6325615036274,495.67787245633366,3.662452864799036
2024-03-28,514.9739379882812,516.4900802599697,514.6884482362781,515.1117854921952,96294900,509.11825779506137,509.42399720745107,-0.000191019138055748,4.646733694526718,70.53786662545619,506.9705871582031,5.2806646188259005,517.5319163958549,496.4092579205513,1.8016320236915817
2024-04-01,514.077880859375,516.2635505203092,512.9062975041601,515.722075543962,62477500,509.99473353794644,510.0445150277076,-0.0017400048095767007,4.306429899066569,69.49724235379924,507.5070739746094,5.4360305206119035,518.3791350158332,496.6350129333856,3.357253016149116
2024-04-02,510.8094177246094,510.9472051350024,508.4859001503982,510.21866847403214,74230300,510.25216892787387,510.14650205396117,-0.006357914348117388,4.2339695280732705,56.142358290277535,507.9071304321289,5.365994856597712,518.6391201453243,497.17514071893345,2.461304984604169
2024-04-03,511.3705139160156,512.8867161600226,509.6574553565613,509.7066694354231,59155800,510.6064714704241,510.30970363556844,0.001098445275158788,4.092935955157836,58.52154227348085,508.5864959716797,4.852316243053738,518.2911284577872,498.88186348557224,3.2292608034613295
2024-04-04,505.1286926269531,515.7615178484087,504.8234932209176,515.4169591962709,96858100,510.58643014090404,509.6189021677531,-0.012206064133935657,4.120933139156331,49.59152809543866,508.82765197753906,4.528123067272475,517.883898112084,499.7714058429941,10.938024627491131
2024-04-05,510.4056701660156,512.3845687559082,506.0541002891712,506.497147152504,74482100,511.1912078857422,509.7238045675215,0.01044679824386785,3.292151912213265,61.71031960756665,509.08434143066404,4.460958813166724,518.0062590569975,500.1624238043306,6.330468466736988
2024-04-08,510.6911926269531,512.1286162940363,509.8740826806717,511.1145899413743,48401800,511.60329982212613,509.8527896421124,0.0005594029957476376,2.766083334153338,58.62276891190954,509.50694885253904,4.169152715314215,517.8452542831675,501.1686434219106,2.2545336133646288
2024-04-09,511.2819519042969,512.6898110974164,506.3888465119827,512.4436806072111,68124400,511.85716465541293,510.04334461040366,0.001156783758703428,2.5366189899317075,55.68864439878972,509.9806854248047,3.767109352567381,517.5149041299394,502.4464667196699,6.3009645854336895
2024-04-10,506.1623840332031,508.170787035425,504.1638358642507,505.5322756084268,82652800,511.40990556989397,509.52588320011023,-0.010013198885713948,2.947701951617586,40.111768566970056,509.9285385131836,3.814470670691555,517.5574798545667,502.2995971718005,4.0069511711743075
2024-04-11,509.98236083984375,511.4394340704421,504.1540078270001,507.6982627464638,70099000,511.11455208914623,509.58674688540805,0.007546939336349423,2.8614531592958174,43.88116561956958,510.10714263916014,3.723610986773174,517.5543646127065,502.6599206656138,7.285426243441975
2024-04-12,502.9430236816406,507.8360987756544,501.20040067217343,506.4085299882091,92469100,510.38600376674106,508.70091712490574,-0.013803099280945141,3.5265195190595264,37.20351293382352,509.9838302612305,3.922880136497294,517.8295905342251,502.1380699882359,6.6356981034809905
2024-04-15,496.6421203613281,507.324159712052,495.7855610084435,507.1568078022843,92101400,509.3086613246373,507.09307755642874,-0.012528065851651893,5.057551350255892,33.14264625728289,509.7189971923828,4.612719650856875,518.9444364940965,500.493557890669,11.5385987036085
2024-04-16,495.736328125,498.66035947019793,494.4367519615287,497.1245076570864,73484000,508.234128679548,505.5788442989049,-0.0018238328953434912,6.1918312878598565,33.1718144688312,509.2597183227539,5.489466818516813,520.2386519597875,498.2807846857203,4.223607508669204
2024-04-17,492.8024291992188,498.3846816393794,491.3945700811529,498.2172996950637,75910300,506.6434217180525,503.8753222856135,-0.005918264931032868,7.0947195281013355,24.307064624207314,508.51344757080085,6.609036873303012,521.7315213174069,495.2953738241948,6.990111558226488
2024-04-18,491.7884216308594,496.32708370213,490.8432889177437,494.21036739823234,74548100,504.987313406808,502.2637355316463,-0.00205763508513368,7.68230427818207,23.804151515632142,507.48166809082034,7.515074696236068,522.5118174832925,492.4515186983482,5.483794784386305
2024-04-19,487.4958801269531,492.7138343128459,486.2159835969546,491.7096327653415,102129100,503.0885990687779,500.2946881443539,-0.008728431404853798,8.50371675727412,22.107419094322665,506.15059661865234,8.562511816425468,523.2756202515033,489.02557298580143,6.497850715891332
2024-04-22,491.98529052734375,494.60412241582105,487.7616831168291,490.12452969399504,67961000,501.7440185546875,499.1867684620859,0.00920912480167324,8.675489115757538,30.741246077712034,505.0927261352539,8.951330828908898,522.9953877930717,487.19006447743607,6.8424392989919625
2024-04-23,497.823486328125,498.2566783621757,491.7982171847953,494.0133914313267,64633600,500.77637372698103,499.00499751089114,0.011866606407121338,8.264967294787555,37.49090509455602,504.3976547241211,8.94895932622438,522.2955733765698,486.4997360716723,6.4584611773804
2024-04-24,497.5871887207031,499.5168431220452,495.3424801184661,498.7193828321204,55928100,500.2376948765346,498.8159563388661,-0.0004746614290233042,8.205025052852449,42.16763145016722,503.73802490234374,8.939981795935221,521.6179884942142,485.8580613104733,4.174363003579117
2024-04-25,495.6969299316406,496.46485582440346,489.7897984349343,491.4536428767912,69122400,499.18707057407926,498.40008615123605,-0.003798849391445036,7.730902695733727,33.56802901989664,502.76925506591795,8.693508551583882,520.1562721690857,485.3822379627502,6.675057389469146
2024-04-26,500.3931274414063,501.98804816614137,497.8727536957366,498.5126869433467,64306100,498.4514944893973,498.66582498992545,0.009473928979978341,7.008258166524681,39.52749317395665,502.0402145385742,8.214321329672524,518.4688571979193,485.6115718792292,4.115294470404763
2024-04-29,502.1652526855469,502.8445752201524,499.3987484687662,502.1947871416069,46415400,497.800301688058,499.13241534934167,0.003541465993351478,6.087430343517344,40.9464062746239,501.4445831298828,7.71205860912849,516.8687003481398,486.0204659116258,3.445826751386221
2024-04-30,494.2103271484375,501.6729901263906,494.2103271484375,500.6884682005526,77483600,496.94658333914623,498.4761369225545,-0.01584125045404272,5.64663488767818,38.76345662463872,500.61462860107423,7.5425074500346545,515.6996435011436,485.5296137010049,7.462662977953073
2024-05-01,492.6055603027344,500.3242087322079,492.13297895370425,493.61961670244926,80242800,495.70538330078125,497.69339337324516,-0.00324713337125615,4.3131570863806985,32.95344524803593,499.67638092041017,7.297255742063989,514.2708924045381,485.0818694362822,8.191229778503669
2024-05-02,497.2130737304688,498.0597781535445,491.8178831216438,496.3466896864741,62550200,495.29610116141185,497.6293507542083,0.009353352456888286,3.816842620322022,44.09731806307007,499.2805999755859,7.199986162916652,513.6805723014193,484.8806276497526,6.241895031900754
2024-05-03,503.376220703125,504.61669789111306,500.6884650462391,503.24822804633646,72756700,495.777108328683,498.39560008073056,0.012395383987825692,4.382001230911952,56.956847701143985,498.9291275024414,6.788118406807499,512.5053643160564,485.3528906888264,3.9282328448739463
2024-05-06,508.5745239257813,508.61388317222526,505.3551178380219,505.79816474494015,47264700,496.6941223144531,499.7527899267373,0.010326874828125998,5.55825463805328,62.182395670561455,498.8232940673828,6.609227841046965,512.0417497494767,485.6048383852889,3.2587653342033605
2024-05-07,509.13568115234375,510.5435402899154,508.4563586225624,509.54916353424784,52561300,497.8607831682478,501.00384209015147,0.0011033923253385147,6.338018832795771,66.22975556267156,498.71598052978516,6.410734455124441,511.53744944003404,485.8945116195363,2.087181667353036
2024-05-08,509.1848449707031,509.7263199562531,507.1665872479567,507.2847250596969,42047200,499.1033848353795,502.09464247422505,9.656329379259532e-05,6.747992589505004,67.62412566657103,498.86710357666016,6.627471705230295,512.1220469871207,485.61216016619954,2.5597327082963943
2024-05-09,512.1187744140625,512.1581937506061,508.7123668683601,509.3719797604921,43643700,500.8621629987444,503.4311933995367,0.00576201250358932,6.698566111672921,75.65131082403464,498.9739242553711,6.830172478661485,512.6342692126941,485.3135792980481,3.4458268822459672
2024-05-10,512.7784423828125,514.5505698868354,511.5477899369006,513.7333998374235,52233200,502.3473881312779,504.6774932639735,0.0012881151828592063,6.881617548821253,73.53995937037908,499.4656951904297,7.456357453810433,514.3784100980506,484.55298028280885,3.0027799499348475
2024-05-13,512.8472900390625,514.5800582433153,511.6954162109544,514.4717752531619,36716400,503.42051696777344,505.76679950065204,0.00013426394434623568,7.281675402625558,69.5641288538115,500.2759536743164,7.994446074632995,516.2648458235824,484.2870615250504,2.884642032360887
2024-05-14,515.2003173828125,515.7221428526045,512.5027368911151,513.0442119381321,57535900,504.6785975864955,507.0246018849401,0.004588163746698903,7.705510517080139,71.73760914057752,501.24915313720703,8.576277811339194,518.4017087598854,484.09659751452864,3.2194059614894286
2024-05-15,521.580078125,521.875422697918,517.0512410085985,517.6912043252978,59504900,506.52739388602123,508.96533205028146,0.012383068346301318,8.453541006838952,78.75743485033327,502.6880355834961,9.453737752973614,521.5955110894433,483.7805600775489,4.824181689319516
2024-05-16,520.5068359375,523.2930494733743,520.3591336304459,521.678419290077,50244800,507.9640873500279,510.50419923524396,-0.002057674808742971,9.020954085349617,74.3039074403765,504.12395629882815,9.88236251389012,523.8886813266084,484.3592312710479,2.9339158429284
2024-05-17,521.255126953125,521.324050696315,519.1580905190848,520.6250185214858,59187600,509.32764979771207,511.9376562642948,0.0014376199580112825,9.506693910942689,73.65199182986395,505.8119186401367,9.775265353130791,525.3624493463983,486.2613879338751,2.165960177230204
2024-05-20,521.855712890625,523.3324958452743,520.9794739158245,521.373306739912,37764200,511.3023202078683,513.2600638144721,0.001152191904587374,8.981743766311803,91.88516631372585,507.3054397583008,9.833284037103414,526.9720078325076,487.63887168409394,2.35302192944971
2024-05-21,523.1355590820312,523.2931162417177,520.8810254915362,521.087796729706,33437000,513.4830344063895,514.5767965168134,0.002452490525239215,7.7091947278345305,96.71555172436337,508.57104339599607,10.17175193141134,528.9145472588187,488.2275395331734,2.4120907501815054
2024-05-22,521.6292724609375,523.1552694386295,519.4337476893709,522.4365876566568,48390000,515.227048601423,515.5171266426967,-0.0028793428298716783,6.39518605275969,91.27808469934641,509.7731475830078,10.225863502298322,530.2248745876044,489.32142057841116,3.7215217492586135
2024-05-23,517.8191528320312,524.8190890203099,516.5982952173239,524.7108060345491,57211200,516.2586866106305,515.8240634679413,-0.007304267283411603,5.4282470974382395,76.5278279137865,510.87925872802737,9.81118068644938,530.5016201009262,491.2568973551286,8.220793802986009
2024-05-24,521.2453002929688,522.0624703315923,518.7249265206334,519.679883962637,41258400,517.1637420654297,516.5468950446116,0.006616494276427076,5.094555689413595,74.89339862917106,511.92186737060547,9.745933768865713,531.4137349083369,492.42999983287405,3.3375438109588913
2024-05-28,521.6095581054688,522.2987354702987,518.95133689281,522.0624598230312,36269600,518.0547332763672,517.2219167860592,0.0006988222479804573,4.654277381316535,74.6976420429827,512.8940826416016,9.691116514117144,532.2763156698359,493.5118496133673,3.3473985774886614
2024-05-29,517.9569091796875,519.1482022229889,517.2382274748762,517.5434268376468,45190300,518.6813092912946,517.3199157718763,-0.007002649527834581,3.897219513894262,65.19937604103323,514.081411743164,8.683897778228488,531.449207299621,496.71361618670704,1.9099747481126315
2024-05-30,514.52099609375,517.0709343554327,513.2608392589262,516.4014666477996,46468500,518.8528965541294,516.9467264814595,-0.006633588673195079,3.629762764628108,54.09116612475365,515.1771835327148,7.062719972712319,529.3026234781395,501.05174358729016,3.8100950965064158
2024-05-31,519.207275390625,519.3352680364287,510.3367240415412,515.4858141008261,90785800,519.3120989118304,517.2481330026816,0.009108042883484435,3.181095191948711,59.62825238032556,516.2768936157227,5.699046129368185,527.674985874459,504.8788013569863,8.998543994887541
2024-06-03,519.6306762695312,521.1173140373083,514.5111500811196,520.8318243026798,46835700,519.796626499721,517.5658054382616,0.000815475627893969,2.5805897666192417,60.052497046814985,517.089616394043,4.859681271288761,526.8089789366205,507.37025385146546,6.606163956188766
2024-06-04,520.2115478515625,520.9597941196552,516.8346449019963,518.3114277709847,34632700,520.1545715332031,517.9185710933683,0.0011178546774823772,2.215767330861053,57.837970971326456,517.671467590332,4.46732098632128,526.6061095629746,508.7368256176894,4.125149217658873
2024-06-05,526.3943481445312,526.4140578129984,520.546285202785,522.554748491951,47610400,520.4984479631696,519.0486747001901,0.011885165407233389,2.7606068503340393,57.576590058997446,518.5344009399414,4.3980743084612675,527.330549556864,509.73825232301886,5.867772610213365
2024-06-06,526.3844604492188,527.1327067188278,524.4351262871471,526.6995146727619,30808500,520.9182782854352,520.0267794667272,-1.878381739350843e-05,3.1774423677196393,59.57039130685399,519.3943817138672,4.14815110164186,527.690683917151,511.0980795105835,2.697580431680649
2024-06-07,525.7445678710938,528.5799958497668,524.2972893803054,525.3999491397393,43224500,521.2389526367188,520.7891512539761,-0.0012156372883403987,3.4305166194034773,57.335942377621265,520.0756713867188,4.006857831549554,528.0893870498179,512.0619557236197,4.2827064694613455
2024-06-10,527.3689575195312,527.6938665613864,524.3268185972163,524.927362515156,35729300,521.6327558244977,521.6664587560501,0.003089693641562752,3.802986770852947,58.71721478381878,520.8051971435547,3.9359450068674047,528.6770871572895,512.9333071298198,3.3670479641700695
2024-06-11,528.6389770507812,528.6980459534342,523.8147963358452,525.8035495425606,36383400,522.02585710798,522.5961278620143,0.0024082182182727507,4.230662127705134,58.70438231012499,521.5947814941406,3.8382599680331277,529.2713014302069,513.9182615580744,4.883249617588945
2024-06-12,532.9808349609375,535.6981253946363,531.9372440064473,533.2466751395904,63251300,522.8366830008371,523.9807554752041,0.008213276165104144,5.139070898380047,66.47614120381854,522.4838073730468,4.309464822508114,531.1027370180631,513.8648777280306,3.760881388189091
2024-06-13,534.0540161132812,534.9204003538367,531.2382973767055,534.7431935896949,44760900,523.996316092355,525.3238568936144,0.002013545482216772,5.71877551810986,75.5977149984025,523.1075042724609,5.016453461855517,533.140411196172,513.0745973487499,3.682102977131194
2024-06-14,534.3787841796875,534.4082885873607,531.4940823573669,532.5081686789409,40089900,524.9344220842634,526.5311805317575,0.0006081183861696982,6.28223423186458,72.952475631948,523.8011016845703,5.566762400841994,534.9346264862543,512.6675768828864,2.9142062299938516
2024-06-17,538.6318969726562,540.039816141854,533.2268814613034,533.6896379923317,55839500,526.1503034319196,528.144609390544,0.007958985122318518,7.173310703255314,76.18900057093062,524.6699401855469,6.4365769083683135,537.5430940022835,511.7967863688103,6.8129346805505975
2024-06-18,540.0004272460938,540.1284199050533,538.2676590236715,538.6909962454417,41376400,527.7248404366629,529.7253851046173,0.0025407523786267205,7.640574430558734,86.47788769011052,525.5771759033203,7.246790029652163,540.0707559626246,511.0835958440159,1.8607608813817933
2024-06-21,537.8115234375,538.9375137844564,536.3398628555373,537.7028911104192,64513900,529.388449532645,530.803536882335,-0.004053522364337314,7.057850209649141,90.20058574408462,526.3109741210938,7.714483710051519,541.7399415411968,510.8820067009907,2.5976509289191654
2024-06-24,536.0631713867188,540.2214014248173,535.9446524564246,537.633637639564,45528700,530.5924421037946,531.5048214829195,-0.0032508638706854054,6.611025033542819,82.37786505656838,527.0326690673828,7.925714540270633,542.8840981479241,511.18123998684155,4.276748968392667
2024-06-25,538.1275634765625,538.4930069445525,535.7669505898007,537.2978705616919,38273300,531.9136483328683,532.3878537487386,0.003851023909184903,6.0786702570695565,83.42292345393626,528.0480895996094,7.983892639458696,544.0158748785268,512.080304320692,2.7260563547517904
2024-06-26,538.7992553710938,539.5202557669745,536.3497831231483,537.0016374108287,38550600,533.2413417271206,533.242707298386,0.0012482019880040163,5.307082853251836,83.47715395658778,528.9257873535156,8.159627339403107,545.2450420323219,512.6065326747093,3.1704726438262014
2024-06-27,539.6486206054688,540.2313890252565,537.9102622571704,538.6609224788729,35041500,534.1880754743304,534.0968290726637,0.0015764038756698184,5.172191202203985,79.5480398186499,529.8277404785156,8.30406495825033,546.4358703950162,513.219610562015,2.32112676808606
2024-07-01,538.6312866210938,539.1646218711988,535.8459708574896,538.9176973561733,40297800,535.0628487723214,534.7014234124545,-0.0018851785134437193,4.770928188456277,76.12846770076985,530.861459350586,8.030883469180916,546.9232262889478,514.7996924122241,3.3186510137092
2024-07-02,542.256103515625,542.256103515625,536.962056558485,537.0114294029804,40434800,536.2422441755023,535.7087140928772,0.006729681295102985,4.308683100094419,81.24732891791433,532.2482147216797,7.4331124869533385,547.1144396955864,517.381989747773,5.29404695714004
2024-07-25,531.7865600585938,540.725276974558,530.8384083708338,534.690395170986,61158300,536.5577872140067,535.1857602216394,-0.01930737780387115,3.732041222091345,56.26328323491337,532.8771789550781,6.774593287011899,546.4263655291019,519.3279923810543,9.886868603724224
2024-07-26,537.7423095703125,540.4584791109177,534.8285883698936,535.6089083835121,53763800,537.208025251116,535.5266334681291,0.011199511155495445,2.959234797489836,61.39295137090626,533.7827606201172,6.086245361244139,545.9552513426055,521.6102698976289,5.629890741024042
2024-08-02,526.3442993164062,530.383950461642,522.0971496001825,529.1592145615284,82789100,536.7339869907925,534.3023222478994,-0.021196045115017825,4.027285297246032,42.94101989807512,534.0893981933593,5.491992390260854,545.073382973881,523.1054134128376,8.286800861459483
2024-08-05,511.0152282714844,517.1389683143175,503.9926793749422,505.3458510396379,146267400,535.088359287807,531.1973763843774,-0.029123657394657165,7.976920496476766,31.19701397817272,533.320442199707,7.37868653197249,548.077815263652,518.563069135762,13.146288939375268
2024-08-06,515.7265625,523.2330435892574,511.4991858965925,512.8325541544524,84826300,533.7560577392578,529.1346011997938,0.009219557398419953,9.514085436798135,35.79424012167945,532.7875473022461,8.240504916872567,549.2685571359913,516.306537468501,11.733857692664856
2024-08-07,512.2794799804688,525.050469711949,511.6769985959894,521.9687961184728,70698300,531.8737422398159,526.8872517038839,-0.00668393441443349,10.970582002408152,29.68019789026239,532.1142929077148,9.324908185880316,550.7641092794754,513.4644765359542,13.373471115959546
2024-08-08,524.1220092773438,524.7540902312787,515.4203916203253,517.4648735918801,63276600,530.7395695277622,526.5185527136784,0.023117321227324128,10.88624816874594,39.45910618445673,531.9519454956055,9.439434630885485,550.8308147573765,513.0730762338345,9.333698610953434
2024-08-09,526.4332275390625,527.9345480186581,522.057731966884,523.2923546548908,45619600,529.9268341064453,526.5071760237297,0.004409695110696443,10.741435567289956,42.45876068047608,531.8416580200195,9.492913751254823,550.8274855225292,512.8558305175098,5.876816051774085
2024-08-12,526.7097778320312,529.1394765426488,524.418311037438,527.638216444631,42542100,529.2587345668247,526.53418959817,0.0005253283389072827,10.620609545483006,43.677464285508,531.5281051635742,9.556659239482007,550.6414236425383,512.4147866846101,4.72116550521082
2024-08-13,535.371826171875,535.608924341297,529.6827360761406,529.9296605871888,52333100,529.0618961879185,527.7125411413307,0.016445581047493052,10.46803500922491,48.28977143164502,531.5939956665039,9.579506949371916,550.7530095652478,512.4349817677601,5.926188265156384
2024-08-14,537.0608520507812,538.2559884767765,533.4755030571044,536.171899630215,42446900,528.937724522182,528.9589825959241,0.0031548650794410715,10.353327636764593,48.93458879436688,531.7280990600586,9.639130534408942,551.0063601288765,512.4498379912408,4.780485419672004
2024-09-09,539.6881103515625,540.9721661519678,536.004015606287,537.9498122762251,40445800,528.9405452183315,530.3895329633426,0.004891919213156237,10.356475121278246,50.023685821308604,531.780909729004,9.681744858334683,551.1443994456733,512.4174200123346,4.968150545680828
